frequency_Hz,amp_rad
0.00000000,8.518693684e-05
0.00754232,0.0004052785091
0.01508465,0.000427306778
0.02262697,0.0004544560463
0.03016929,0.0002242316256
0.03771161,0.0002832760702
0.04525394,0.0003642537147
0.05279626,9.679838382e-05
0.06033858,0.0001077681069
0.06788091,0.0002027610554
0.07542323,0.0002675770301
0.08296555,0.0002934824114
0.09050787,0.0004452642966
0.09805020,0.0003129098123
0.10559252,0.0002738710467
0.11313484,0.0005036765349
0.12067716,1.313989074e-05
0.12821949,0.0002760565485
0.13576181,0.0001215739131
0.14330413,0.0001753955605
0.15084646,0.0001475608368
0.15838878,0.0003297573326
0.16593110,0.0003196324154
0.17347342,0.000258583557
0.18101575,0.0001105272907
0.18855807,0.0002502732958
0.19610039,0.0001674635105
0.20364272,0.0001913833623
0.21118504,0.0002839501384
0.21872736,0.0002028360252
0.22626968,0.0001814027094
0.23381201,0.0002133913017
0.24135433,0.000218046202
0.24889665,0.0004738380537
0.25643898,0.0003567998098
0.26398130,0.0001332806414
0.27152362,0.000216028732
0.27906594,0.0001237776512
0.28660827,0.000155843115
0.29415059,0.0004154179098
0.30169291,0.0003159034069
0.30923523,0.0001739533491
0.31677756,0.0002449043895
0.32431988,0.0002063270338
0.33186220,0.0001282541211
0.33940453,8.434853166e-05
0.34694685,5.334382879e-05
0.35448917,0.0001583087864
0.36203149,0.0001968761648
0.36957382,0.0001377749401
0.37711614,0.0003018650966
0.38465846,0.0001252483766
0.39220079,8.976278274e-05
0.39974311,0.0001633804788
0.40728543,0.0001891938832
0.41482775,7.341998808e-05
0.42237008,0.0001276245028
0.42991240,0.000210405436
0.43745472,0.0001666745154
0.44499705,0.0002008084209
0.45253937,7.741766482e-05
0.46008169,9.31819755e-05
0.46762401,0.0001275263442
0.47516634,5.870462782e-05
0.48270866,0.0001092460997
0.49025098,0.0001048285755
0.49779330,5.920984847e-05
0.50533563,0.0001123922447
0.51287795,6.255773166e-05
0.52042027,5.716565726e-05
0.52796260,0.0001481350123
0.53550492,0.0001642381823
0.54304724,0.0001049170053
0.55058956,5.465073567e-05
0.55813189,3.257622999e-05
0.56567421,9.112701946e-05
0.57321653,4.017049642e-05
0.58075886,9.586687562e-05
0.58830118,0.0002010514024
0.59584350,0.000235482862
0.60338582,5.342441348e-05
0.61092815,9.338222469e-05
0.61847047,0.0001881759047
0.62601279,0.0002502589482
0.63355512,9.293741694e-05
0.64109744,0.0001256237672
0.64863976,7.488666413e-05
0.65618208,8.294747275e-05
0.66372441,6.591413416e-05
0.67126673,6.259863449e-05
0.67880905,0.000146452481
0.68635137,0.0002260135099
0.69389370,0.0002217990089
0.70143602,0.0001149924144
0.70897834,2.674525487e-05
0.71652067,7.054289109e-05
0.72406299,0.0001750389938
0.73160531,0.0001159021054
0.73914763,5.978317321e-05
0.74668996,0.0001147520325
0.75423228,0.0001686761875
0.76177460,0.0001257581491
0.76931693,0.0001142554448
0.77685925,0.0001816074532
0.78440157,0.0001495765724
0.79194389,8.282852218e-05
0.79948622,0.0001003679718
0.80702854,0.0001211147734
0.81457086,0.0001176472484
0.82211319,0.0001223569365
0.82965551,0.0001153313331
0.83719783,4.81535657e-05
0.84474015,0.0001264122914
0.85228248,6.576683286e-05
0.85982480,6.490459864e-05
0.86736712,0.000105905446
0.87490944,7.266697568e-05
0.88245177,3.303479776e-05
0.88999409,5.039389314e-05
0.89753641,7.002962361e-05
0.90507874,4.4673958e-05
0.91262106,3.314404921e-05
0.92016338,4.37665218e-05
0.92770570,2.595125334e-05
0.93524803,2.113700644e-05
0.94279035,8.505469713e-05
0.95033267,0.0001219458515
0.95787500,8.322711987e-05
0.96541732,4.980287904e-05
0.97295964,6.731736118e-05
0.98050196,4.873482765e-05
0.98804429,8.731555599e-05
0.99558661,7.419888435e-05
1.00312893,6.01867461e-05
1.01067126,8.574778563e-05
1.01821358,0.0001223460208
1.02575590,0.0001404108384
1.03329822,8.922311166e-05
1.04084055,9.751305545e-05
1.04838287,0.0001192276709
1.05592519,2.544655581e-05
1.06346752,5.959488573e-05
1.07100984,8.777138926e-05
1.07855216,0.0001038983989
1.08609448,4.752160628e-05
1.09363681,2.75122611e-05
1.10117913,5.709035707e-05
1.10872145,8.358215057e-05
1.11626377,6.026584262e-05
1.12380610,6.465208981e-05
1.13134842,5.654366146e-05
1.13889074,2.368057158e-05
1.14643307,1.104056744e-05
1.15397539,6.281135369e-05
1.16151771,0.0001032653408
1.16906003,7.730116631e-05
1.17660236,5.377757155e-05
1.18414468,2.408631676e-05
1.19168700,2.041426165e-05
1.19922933,7.130395559e-05
1.20677165,7.698654748e-05
1.21431397,1.946696009e-05
1.22185629,3.915212051e-05
1.22939862,6.458269376e-05
1.23694094,2.838957577e-05
1.24448326,4.986248346e-05
1.25202559,6.093458362e-05
1.25956791,9.481225424e-05
1.26711023,5.971812247e-05
1.27465255,7.375271438e-05
1.28219488,9.037315448e-05
1.28973720,3.12650967e-05
1.29727952,0.0001256605527
1.30482184,0.0001003787912
1.31236417,0.0002028903249
1.31990649,0.0001311820997
1.32744881,0.0001160053659
1.33499114,0.0001651329754
1.34253346,0.000593576931
1.35007578,0.0006333729043
1.35761810,0.0007522447927
1.36516043,0.0007783432793
1.37270275,0.001776642418
1.38024507,0.003586187701
1.38778740,0.005724904721
1.39532972,0.008175300887
1.40287204,0.01159041294
1.41041436,0.02729128755
1.41795669,0.09793864314
1.42549901,0.09541926632
1.43304133,0.02471124142
1.44058366,0.0009627456651
1.44812598,0.00113822039
1.45566830,0.000587424345
1.46321062,0.0002372114892
1.47075295,0.0002670647635
1.47829527,0.0002122391075
1.48583759,6.978233619e-05
1.49337991,0.0001028306808
1.50092224,0.0001598703954
1.50846456,0.0001102698137
1.51600688,2.217986065e-05
1.52354921,7.991951315e-05
1.53109153,3.6609006e-05
1.53863385,1.096222059e-05
1.54617617,1.836607701e-05
1.55371850,2.061763948e-05
1.56126082,1.742825631e-05
1.56880314,3.747212112e-05
1.57634547,2.467798944e-05
1.58388779,2.50253194e-05
1.59143011,6.633065496e-06
1.59897243,6.481109359e-05
1.60651476,4.9337474e-05
1.61405708,4.860411245e-05
1.62159940,2.771697073e-05
1.62914173,3.186917131e-05
1.63668405,3.375429867e-05
1.64422637,5.340254374e-05
1.65176869,8.807159349e-05
1.65931102,5.098476045e-05
1.66685334,7.157244667e-05
1.67439566,5.412535554e-05
1.68193798,1.308517839e-05
1.68948031,2.144851579e-05
1.69702263,3.185444964e-05
1.70456495,5.157754535e-05
1.71210728,5.495017513e-05
1.71964960,1.788187646e-05
1.72719192,2.519413778e-05
1.73473424,6.412825616e-05
1.74227657,5.529159723e-05
1.74981889,2.462146417e-05
1.75736121,1.620015104e-05
1.76490354,5.702914995e-05
1.77244586,3.853385892e-05
1.77998818,3.837664631e-05
1.78753050,5.482014272e-05
1.79507283,2.27120958e-05
1.80261515,4.91390369e-05
1.81015747,7.109954858e-05
1.81769980,1.988520015e-05
1.82524212,1.307154108e-05
1.83278444,3.003331084e-05
1.84032676,3.056970824e-05
1.84786909,8.261230813e-06
1.85541141,1.354433445e-05
1.86295373,9.239966154e-06
1.87049605,6.134777509e-05
1.87803838,7.544720569e-05
1.88558070,2.516569567e-05
1.89312302,5.828186121e-05
1.90066535,1.878334282e-05
1.90820767,3.904050695e-05
1.91574999,5.125581965e-05
1.92329231,5.224454242e-05
1.93083464,4.630604439e-05
1.93837696,7.070487859e-05
1.94591928,6.466470361e-05
1.95346161,2.536355755e-05
1.96100393,1.508753356e-05
1.96854625,3.529890401e-05
1.97608857,4.922596733e-05
1.98363090,6.286985883e-05
1.99117322,4.480502621e-05
1.99871554,2.255413764e-05
2.00625787,1.055341393e-05
2.01380019,3.90932879e-05
2.02134251,5.405055499e-05
2.02888483,5.691306308e-06
2.03642716,1.873404664e-05
2.04396948,1.959091134e-05
2.05151180,1.124081132e-05
2.05905412,1.276572333e-05
2.06659645,1.764309192e-05
2.07413877,3.509148219e-05
2.08168109,1.90694492e-05
2.08922342,5.451827502e-05
2.09676574,4.007445474e-05
2.10430806,3.017518287e-05
2.11185038,4.114549047e-05
2.11939271,3.205413403e-05
2.12693503,1.745371005e-05
2.13447735,1.255866051e-05
2.14201968,5.321679433e-05
2.14956200,7.077186417e-05
2.15710432,5.722663178e-05
2.16464664,2.274138317e-05
2.17218897,1.880221103e-05
2.17973129,3.044100691e-06
2.18727361,1.795407041e-05
2.19481594,1.983136381e-05
2.20235826,3.124436567e-05
2.20990058,1.584324612e-05
2.21744290,4.42282581e-05
2.22498523,2.331395069e-05
2.23252755,1.536056138e-05
2.24006987,2.315911071e-05
2.24761219,9.948472723e-06
2.25515452,4.608451103e-05
2.26269684,4.860686715e-05
2.27023916,3.62473935e-05
2.27778149,3.908900832e-05
2.28532381,3.08056703e-05
2.29286613,1.798007742e-05
2.30040845,3.998470332e-05
2.30795078,2.933041825e-05
2.31549310,9.560494289e-06
2.32303542,2.921626547e-05
2.33057775,2.395778727e-05
2.33812007,1.050157452e-05
2.34566239,1.653144228e-05
2.35320471,2.479237788e-06
2.36074704,1.910476459e-05
2.36828936,2.073142535e-05
2.37583168,1.364009695e-05
2.38337401,4.522743644e-05
2.39091633,5.109404932e-05
2.39845865,1.623585744e-05
2.40600097,2.391908462e-05
2.41354330,1.201684908e-05
2.42108562,1.202789351e-05
2.42862794,1.802791717e-05
2.43617026,3.447724313e-05
2.44371259,1.144360614e-05
2.45125491,7.062111061e-05
2.45879723,8.058884493e-05
2.46633956,3.916227034e-05
2.47388188,1.938403351e-05
2.48142420,4.711937525e-05
2.48896652,3.643828171e-05
2.49650885,9.170555257e-06
2.50405117,1.745410444e-05
2.51159349,2.082416851e-05
2.51913582,4.063752189e-05
2.52667814,4.932303653e-05
2.53422046,1.180921682e-05
2.54176278,2.943936739e-05
2.54930511,4.734528361e-05
2.55684743,3.733952377e-05
2.56438975,1.505732203e-05
2.57193208,3.567795064e-05
2.57947440,3.735860972e-05
2.58701672,1.792172593e-05
2.59455904,6.126206516e-06
2.60210137,4.289851508e-05
2.60964369,4.166113805e-05
2.61718601,1.364356432e-05
2.62472833,8.408935783e-06
2.63227066,2.901286546e-05
2.63981298,3.484750373e-05
2.64735530,3.815314649e-05
2.65489763,5.168912007e-05
2.66243995,4.056732927e-05
2.66998227,2.710915789e-05
2.67752459,2.97860514e-05
2.68506692,1.838479734e-05
2.69260924,7.983553739e-06
2.70015156,7.736893255e-06
2.70769389,7.682717334e-06
2.71523621,4.472169974e-06
2.72277853,1.350636637e-05
2.73032085,2.1457086e-05
2.73786318,2.286974651e-05
2.74540550,5.283645385e-05
2.75294782,4.879968477e-05
2.76049015,2.527493405e-05
2.76803247,6.370004355e-06
2.77557479,1.882204687e-05
2.78311711,2.08449732e-05
2.79065944,2.726755418e-05
2.79820176,2.429063993e-06
2.80574408,1.555368084e-05
2.81328640,1.025100729e-05
2.82082873,2.573890091e-05
2.82837105,5.180092672e-05
2.83591337,6.719135218e-05
2.84345570,4.450018706e-05
2.85099802,4.132126396e-05
2.85854034,4.919325489e-05
2.86608266,2.545474388e-05
2.87362499,8.404466513e-06
2.88116731,4.076017832e-06
2.88870963,1.203767835e-05
2.89625196,1.562751771e-05
2.90379428,9.038903239e-06
2.91133660,1.440630564e-05
2.91887892,9.935763063e-06
2.92642125,1.133609365e-05
2.93396357,3.250769112e-05
2.94150589,2.658299691e-05
2.94904822,3.1670998e-05
2.95659054,2.205924717e-05
2.96413286,1.286490045e-05
2.97167518,1.028070882e-05
2.97921751,5.859976421e-06
2.98675983,2.026473501e-06
2.99430215,1.584480799e-05
3.00184448,1.881920989e-05
3.00938680,2.09894922e-05
3.01692912,3.75045239e-05
3.02447144,2.564137018e-05
3.03201377,2.965966023e-05
3.03955609,3.453739244e-05
3.04709841,3.856664234e-05
3.05464073,3.920425222e-05
3.06218306,1.462319934e-05
3.06972538,4.190318545e-05
3.07726770,4.099303584e-05
3.08481003,1.750498654e-05
3.09235235,2.27198077e-05
3.09989467,7.146430768e-06
3.10743699,5.917374488e-06
3.11497932,1.571494872e-06
3.12252164,1.236176018e-05
3.13006396,1.789279687e-05
3.13760629,1.18413695e-05
3.14514861,2.062516512e-05
3.15269093,2.726269318e-05
3.16023325,5.605825074e-05
3.16777558,4.454715628e-05
3.17531790,2.949124541e-05
3.18286022,2.872602837e-05
3.19040255,4.682880864e-05
3.19794487,4.20068567e-05
3.20548719,1.713956116e-05
3.21302951,1.5077358e-05
3.22057184,4.980346464e-05
3.22811416,4.815535238e-05
3.23565648,1.730765511e-05
3.24319880,4.475061907e-06
3.25074113,2.638738874e-05
3.25828345,2.416270967e-05
3.26582577,1.184336324e-05
3.27336810,1.12818258e-05
3.28091042,1.828119633e-05
3.28845274,9.355683339e-06
3.29599506,7.598513913e-06
3.30353739,1.912964303e-05
3.31107971,4.110235366e-06
3.31862203,2.408998408e-05
3.32616436,2.667577158e-05
3.33370668,1.63410014e-05
3.34124900,2.570355599e-05
3.34879132,2.838214317e-05
3.35633365,2.117450224e-05
3.36387597,2.328901433e-05
3.37141829,1.838863529e-05
3.37896062,2.088519736e-05
3.38650294,1.161925797e-05
3.39404526,1.974839481e-05
3.40158758,4.851662192e-05
3.40912991,3.590973321e-05
3.41667223,9.247541395e-06
3.42421455,2.603321632e-05
3.43175687,7.498198858e-06
3.43929920,4.901070805e-06
3.44684152,1.043070754e-05
3.45438384,1.061524276e-05
3.46192617,1.286881804e-05
3.46946849,8.162760426e-06
3.47701081,2.783562813e-05
3.48455313,6.428428498e-05
3.49209546,5.306441666e-05
3.49963778,3.822317558e-05
3.50718010,2.918390897e-05
3.51472243,1.524201762e-05
3.52226475,3.004538077e-05
3.52980707,4.817413611e-05
3.53734939,4.334204544e-05
3.54489172,2.799534658e-05
3.55243404,1.905983676e-05
3.55997636,2.47440917e-05
3.56751869,1.444677203e-05
3.57506101,1.834778488e-05
3.58260333,1.96694342e-05
3.59014565,2.61927419e-05
3.59768798,3.671500053e-05
3.60523030,4.225035299e-05
3.61277262,4.21605984e-05
3.62031494,4.075600915e-05
3.62785727,1.203300211e-05
3.63539959,1.587063874e-05
3.64294191,2.837138086e-05
3.65048424,4.898547999e-05
3.65802656,4.7851081e-05
3.66556888,4.539855418e-05
3.67311120,2.758991609e-05
3.68065353,6.785048866e-06
3.68819585,3.43811744e-06
3.69573817,9.61421199e-06
3.70328050,7.406293944e-06
3.71082282,1.567666028e-05
3.71836514,5.833750976e-06
3.72590746,9.823666618e-06
3.73344979,2.870171196e-05
3.74099211,2.72618351e-05
3.74853443,2.139314233e-06
3.75607676,9.395627687e-06
3.76361908,2.347901165e-05
3.77116140,3.293732061e-05
3.77870372,2.528603791e-05
3.78624605,9.513940753e-06
3.79378837,1.717039527e-05
3.80133069,2.400661028e-05
3.80887301,6.37625717e-06
3.81641534,6.44150379e-06
3.82395766,2.174422035e-05
3.83149998,3.231758151e-05
3.83904231,2.134120271e-05
3.84658463,2.171377755e-05
3.85412695,2.976939488e-05
3.86166927,1.620516522e-05
3.86921160,1.009791159e-05
3.87675392,1.697102256e-05
3.88429624,6.995560896e-06
3.89183857,1.846446417e-05
3.89938089,2.17106816e-05
3.90692321,1.921182933e-05
3.91446553,1.001515029e-05
3.92200786,2.630464078e-05
3.92955018,1.585736895e-05
3.93709250,1.457039388e-05
3.94463483,2.111393335e-05
3.95217715,4.096732442e-05
3.95971947,9.114003025e-06
3.96726179,3.05106906e-05
3.97480412,2.616813803e-05
3.98234644,8.907027767e-06
3.98988876,5.47400391e-06
3.99743108,1.161251119e-05
4.00497341,1.750933377e-05
4.01251573,1.9136126e-05
4.02005805,1.501618096e-05
4.02760038,1.38944883e-05
4.03514270,1.925800674e-05
4.04268502,1.244316804e-05
4.05022734,2.142776754e-05
4.05776967,2.595851541e-05
4.06531199,1.879119414e-05
4.07285431,7.473968756e-06
4.08039664,1.273266919e-05
4.08793896,9.861675152e-06
4.09548128,1.027621103e-05
4.10302360,2.23724511e-05
4.11056593,1.362473703e-05
4.11810825,1.085557925e-05
4.12565057,1.508279199e-05
4.13319290,1.690074434e-05
4.14073522,3.223715577e-05
4.14827754,2.626360632e-05
4.15581986,4.279754041e-05
4.16336219,4.451807132e-05
4.17090451,2.681468512e-05
4.17844683,1.308024839e-05
4.18598915,1.13778628e-05
4.19353148,4.611934432e-05
4.20107380,5.408715638e-05
4.20861612,2.274475441e-05
4.21615845,1.581626689e-05
4.22370077,1.89052116e-05
4.23124309,3.022177031e-05
4.23878541,1.634483586e-05
4.24632774,2.59204933e-06
4.25387006,7.051557932e-06
4.26141238,2.938487428e-05
4.26895471,4.498432619e-05
4.27649703,2.189434442e-05
4.28403935,2.72598317e-05
4.29158167,9.218684372e-06
4.29912400,1.761320527e-05
4.30666632,2.695729197e-05
4.31420864,9.248975066e-06
4.32175097,1.904898377e-05
4.32929329,1.221694099e-05
4.33683561,3.02155722e-05
4.34437793,4.355365464e-05
4.35192026,3.202160056e-05
4.35946258,1.961674555e-05
4.36700490,2.021741177e-05
4.37454722,1.367667951e-05
4.38208955,3.02818402e-05
4.38963187,5.587924619e-05
4.39717419,3.98861724e-05
4.40471652,4.037890488e-05
4.41225884,4.468355347e-05
4.41980116,2.081641984e-05
4.42734348,7.676814249e-06
4.43488581,1.953783969e-05
4.44242813,2.638582156e-05
4.44997045,1.830221709e-05
4.45751278,2.476334522e-05
4.46505510,3.001985816e-05
4.47259742,1.21389049e-05
4.48013974,8.972388501e-06
4.48768207,1.762470472e-05
4.49522439,7.096323994e-07
4.50276671,6.834641511e-06
4.51030904,6.023567101e-06
4.51785136,9.697773621e-06
4.52539368,6.662320723e-06
4.53293600,1.297750204e-05
4.54047833,2.259029249e-05
4.54802065,1.993700686e-05
4.55556297,8.335937305e-06
4.56310529,1.115924896e-05
4.57064762,1.485230013e-05
4.57818994,9.602041075e-06
4.58573226,2.407796948e-05
4.59327459,2.430291923e-05
4.60081691,1.022230134e-05
4.60835923,1.056454775e-05
4.61590155,1.84558413e-05
4.62344388,5.62321837e-06
4.63098620,1.50229308e-05
4.63852852,9.832172602e-06
4.64607085,1.251331984e-05
4.65361317,1.654086529e-05
4.66115549,1.871947958e-05
4.66869781,7.120958126e-06
4.67624014,2.832714572e-06
4.68378246,1.809273542e-05
4.69132478,2.599561914e-05
4.69886711,1.579603838e-05
4.70640943,1.274215274e-05
4.71395175,1.843118189e-05
4.72149407,3.813287431e-05
4.72903640,2.986078227e-05
4.73657872,1.005843426e-05
4.74412104,4.0252924e-06
4.75166337,1.552802028e-05
4.75920569,1.681343324e-05
4.76674801,5.12595306e-06
4.77429033,1.062323685e-05
4.78183266,5.527694394e-06
4.78937498,9.543294573e-06
4.79691730,5.337445139e-06
4.80445962,1.1404762e-05
4.81200195,1.255555141e-05
4.81954427,1.975266408e-05
4.82708659,1.395458479e-05
4.83462892,1.219855773e-05
4.84217124,7.6416009e-06
4.84971356,1.257118226e-05
4.85725588,2.921734921e-05
4.86479821,1.320066504e-05
4.87234053,5.822186682e-06
4.87988285,4.104672219e-06
4.88742518,1.010498723e-05
4.89496750,2.984661385e-06
4.90250982,2.97218852e-05
4.91005214,3.428406293e-05
4.91759447,3.105289593e-05
4.92513679,3.101385675e-05
4.93267911,1.161366665e-05
4.94022144,1.179732563e-05
4.94776376,1.275108122e-05
4.95530608,2.777202575e-06
4.96284840,9.430720486e-06
4.97039073,5.735049673e-06
4.97793305,9.671883033e-06
4.98547537,8.635540941e-06
4.99301769,1.271308218e-05
5.00056002,1.185744451e-05
5.00810234,3.128017616e-05
5.01564466,4.295427288e-05
5.02318699,2.212206729e-05
5.03072931,1.197064116e-05
5.03827163,2.078256989e-05
5.04581395,6.325252969e-06
5.05335628,1.530332654e-05
5.06089860,2.969300518e-05
5.06844092,3.023781823e-05
5.07598325,1.829868856e-05
5.08352557,7.121803072e-06
5.09106789,1.007792544e-05
5.09861021,1.409219854e-05
5.10615254,3.981121793e-06
5.11369486,7.005112456e-06
5.12123718,5.825471553e-06
5.12877951,1.285666588e-05
5.13632183,3.300204603e-05
5.14386415,3.472811991e-05
5.15140647,2.402405519e-05
5.15894880,2.35764068e-05
5.16649112,6.429270209e-06
5.17403344,1.809526297e-05
5.18157576,1.611888979e-05
5.18911809,3.898498767e-06
5.19666041,2.212486266e-05
5.20420273,3.236003768e-05
5.21174506,1.422013776e-05
5.21928738,2.100428896e-05
5.22682970,6.545366038e-06
5.23437202,6.477845922e-06
5.24191435,7.708675796e-06
5.24945667,8.228708397e-06
5.25699899,2.59017535e-05
5.26454132,2.648414939e-05
5.27208364,3.739529089e-05
5.27962596,3.234950369e-05
5.28716828,1.221692525e-05
5.29471061,1.356847659e-05
5.30225293,5.762752235e-06
5.30979525,1.648238718e-05
5.31733758,1.714221266e-05
5.32487990,1.273551133e-05
5.33242222,1.0492276e-05
5.33996454,3.733996193e-06
5.34750687,1.203503066e-05
5.35504919,1.810101445e-05
5.36259151,1.239611696e-06
5.37013383,2.823057589e-05
5.37767616,2.026458645e-05
5.38521848,1.434463087e-05
5.39276080,1.493368538e-05
5.40030313,1.060971595e-05
5.40784545,1.171849287e-05
5.41538777,3.522708529e-06
5.42293009,3.496263984e-06
5.43047242,8.315729811e-06
5.43801474,1.160626905e-05
5.44555706,7.399980823e-06
5.45309939,6.495958267e-06
5.46064171,1.495835715e-05
5.46818403,2.820600186e-05
5.47572635,2.913641129e-05
5.48326868,2.78468198e-05
5.49081100,7.825969875e-06
5.49835332,1.379768495e-05
5.50589565,1.31395884e-05
5.51343797,1.331341426e-05
5.52098029,2.060202051e-05
5.52852261,1.320252023e-05
5.53606494,1.510561426e-05
5.54360726,1.535493749e-05
5.55114958,1.744173369e-05
5.55869190,2.81304606e-05
5.56623423,6.129054942e-06
5.57377655,1.40989278e-05
5.58131887,4.943164413e-06
5.58886120,2.215113219e-05
5.59640352,2.2685058e-05
5.60394584,1.557237265e-05
5.61148816,9.267215963e-06
5.61903049,1.947028525e-05
5.62657281,1.091752101e-05
5.63411513,4.284041897e-06
5.64165746,1.026488223e-05
5.64919978,8.504288678e-06
5.65674210,1.248363092e-06
5.66428442,2.456862633e-05
5.67182675,3.230925787e-05
5.67936907,1.727514058e-05
5.68691139,8.247349765e-06
5.69445372,1.494587539e-05
5.70199604,2.370609593e-05
5.70953836,2.017593415e-05
5.71708068,1.261618158e-05
5.72462301,2.091243519e-05
5.73216533,1.555360762e-05
5.73970765,1.749974931e-05
5.74724997,4.417827605e-05
5.75479230,4.591931107e-05
5.76233462,1.9880483e-05
5.76987694,1.276683767e-05
5.77741927,1.283444714e-05
5.78496159,2.255835202e-06
5.79250391,1.306329635e-05
5.80004623,6.637914522e-06
5.80758856,3.661509505e-06
5.81513088,4.170534817e-06
5.82267320,1.777137548e-05
5.83021553,2.681200556e-05
5.83775785,2.945038256e-05
5.84530017,2.72400415e-05
5.85284249,1.884974433e-05
5.86038482,2.13591144e-05
5.86792714,1.619684948e-05
5.87546946,1.090691922e-05
5.88301179,1.143118189e-05
5.89055411,2.890624691e-06
5.89809643,2.1150979e-06
5.90563875,7.967263244e-06
5.91318108,3.87151533e-06
5.92072340,2.087661278e-05
5.92826572,1.519713738e-05
5.93580804,1.137652862e-05
5.94335037,2.060815032e-05
5.95089269,2.476836095e-05
5.95843501,1.455460531e-05
5.96597734,3.742178534e-06
5.97351966,1.247283609e-05
5.98106198,9.049532973e-06
5.98860430,7.20442592e-06
5.99614663,1.564805234e-05
6.00368895,1.296070225e-05
6.01123127,2.604967011e-05
6.01877360,2.462195416e-05
6.02631592,1.758792379e-05
6.03385824,1.037207269e-05
6.04140056,1.310801877e-05
6.04894289,1.392861155e-05
6.05648521,5.308306296e-06
6.06402753,6.570316558e-06
6.07156986,1.170552888e-05
6.07911218,1.416888436e-05
6.08665450,1.20049049e-05
6.09419682,1.905001704e-05
6.10173915,1.574722864e-05
6.10928147,1.50584906e-05
6.11682379,8.939676673e-06
6.12436611,1.200803626e-05
6.13190844,1.561349675e-05
6.13945076,1.1635808e-05
6.14699308,1.035231125e-05
6.15453541,1.501372173e-05
6.16207773,1.579103126e-05
6.16962005,1.036888015e-05
6.17716237,1.422644816e-05
6.18470470,1.888300616e-05
6.19224702,3.739620853e-05
6.19978934,3.229801037e-05
6.20733167,1.901462409e-05
6.21487399,1.636080151e-05
6.22241631,1.078825686e-05
6.22995863,3.300216538e-06
6.23750096,4.429784194e-06
6.24504328,4.523947244e-06
6.25258560,7.0815924e-06
6.26012793,7.145156251e-06
6.26767025,1.922892643e-05
6.27521257,2.152123219e-05
6.28275489,1.736305864e-05
6.29029722,3.030634202e-06
6.29783954,1.858582009e-05
6.30538186,1.768902419e-05
6.31292418,2.296570941e-05
6.32046651,1.874530379e-05
6.32800883,1.314946229e-05
6.33555115,1.877860319e-05
6.34309348,5.27014522e-06
6.35063580,7.978880507e-06
6.35817812,7.75359677e-06
6.36572044,1.916604892e-05
6.37326277,2.285817552e-05
6.38080509,9.764225331e-06
6.38834741,4.205965963e-06
6.39588974,1.056365111e-05
6.40343206,1.115137751e-05
6.41097438,1.602582622e-05
6.41851670,1.117091986e-05
6.42605903,9.280189708e-06
6.43360135,9.326093477e-06
6.44114367,9.458021627e-06
6.44868600,1.279917846e-05
6.45622832,1.013924875e-05
6.46377064,7.743714014e-06
6.47131296,2.344803058e-05
6.47885529,1.434136738e-05
6.48639761,8.664097885e-06
6.49393993,1.214397899e-05
6.50148225,1.713531097e-05
6.50902458,1.923601148e-05
6.51656690,9.043344847e-06
6.52410922,5.24741252e-06
6.53165155,1.119994993e-05
6.53919387,1.145650204e-05
6.54673619,1.545442927e-05
6.55427851,1.461353582e-05
6.56182084,4.944337826e-06
6.56936316,1.250675729e-05
6.57690548,2.956200605e-05
6.58444781,2.916604412e-05
6.59199013,8.203567221e-06
6.59953245,1.664730492e-05
6.60707477,4.638347562e-06
6.61461710,1.2968481e-05
6.62215942,1.129593195e-05
6.62970174,2.230887726e-05
6.63724407,2.933253015e-05
6.64478639,1.690392496e-05
6.65232871,5.651162995e-06
6.65987103,9.722394993e-06
6.66741336,1.62685792e-05
6.67495568,1.05479889e-05
6.68249800,1.346335886e-05
6.69004033,1.939246881e-05
6.69758265,1.218255086e-05
6.70512497,2.000563594e-05
6.71266729,1.782707717e-05
6.72020962,1.115261221e-05
6.72775194,1.599562127e-05
6.73529426,2.194612406e-05
6.74283658,5.276483077e-06
6.75037891,1.317256321e-05
6.75792123,1.411973974e-05
6.76546355,6.344222688e-06
6.77300588,1.748781471e-05
6.78054820,5.828089716e-06
6.78809052,2.555978439e-06
6.79563284,1.231875156e-05
6.80317517,1.393573831e-05
6.81071749,1.240786507e-05
6.81825981,1.243586244e-05
6.82580214,1.123293929e-05
6.83334446,1.705312323e-05
6.84088678,1.147203472e-05
6.84842910,1.243963108e-05
6.85597143,2.127342967e-05
6.86351375,2.304912061e-05
6.87105607,1.834092161e-05
6.87859840,8.921733511e-06
6.88614072,6.181650338e-06
6.89368304,5.92594112e-06
6.90122536,1.579030728e-05
6.90876769,2.321630862e-05
6.91631001,1.879464336e-06
6.92385233,1.643801176e-05
6.93139465,1.789981072e-05
6.93893698,1.375971506e-05
6.94647930,1.559102298e-05
6.95402162,1.480235437e-05
6.96156395,1.78071024e-05
6.96910627,9.384558407e-06
6.97664859,1.324579458e-05
6.98419091,2.86410499e-05
6.99173324,1.593422669e-05
6.99927556,9.864989868e-06
7.00681788,1.143895503e-05
7.01436021,1.960623395e-05
7.02190253,2.405130919e-05
7.02944485,1.221824844e-05
7.03698717,6.187947905e-06
7.04452950,7.985207749e-06
7.05207182,5.833937845e-06
7.05961414,6.814638216e-06
7.06715647,1.772932739e-05
7.07469879,1.604455522e-05
7.08224111,9.463432009e-06
7.08978343,7.863630915e-06
7.09732576,6.341677851e-06
7.10486808,5.243197241e-06
7.11241040,5.186930835e-06
7.11995272,6.601071196e-06
7.12749505,1.213335218e-05
7.13503737,2.05891862e-05
7.14257969,1.540039989e-05
7.15012202,1.971709791e-05
7.15766434,1.890334693e-05
7.16520666,1.718537122e-05
7.17274898,1.828817478e-05
7.18029131,1.945947157e-05
7.18783363,7.937172205e-06
7.19537595,6.900127564e-06
7.20291828,1.636141827e-05
7.21046060,1.944688208e-05
7.21800292,1.685528365e-05
7.22554524,2.141519124e-05
7.23308757,2.087095412e-05
7.24062989,1.01193751e-05
7.24817221,8.469328873e-06
7.25571454,5.325401935e-06
7.26325686,8.64674136e-06
7.27079918,1.628609972e-05
7.27834150,9.226245195e-06
7.28588383,6.008976244e-06
7.29342615,3.06856578e-06
7.30096847,1.059194086e-05
7.30851079,1.459014597e-05
7.31605312,1.184190923e-05
7.32359544,1.365563064e-05
7.33113776,1.242852094e-05
7.33868009,1.719019991e-05
7.34622241,8.895696343e-06
7.35376473,2.616815191e-05
7.36130705,2.942194032e-05
7.36884938,1.362499543e-05
7.37639170,2.17035389e-05
7.38393402,1.806138772e-05
7.39147635,1.500042273e-05
7.39901867,1.924102519e-05
7.40656099,1.53822093e-05
7.41410331,3.491180837e-06
7.42164564,9.847427433e-06
7.42918796,8.960376622e-06
7.43673028,6.404813726e-06
7.44427261,7.891588615e-06
7.45181493,1.939449247e-05
7.45935725,2.445442383e-05
7.46689957,2.878678936e-06
7.47444190,7.733710281e-06
7.48198422,7.007335813e-06
7.48952654,9.54368616e-06
7.49706886,7.061418709e-07
7.50461119,8.584146176e-06
7.51215351,1.510674454e-05
7.51969583,1.812465526e-05
7.52723816,1.515340245e-05
7.53478048,9.155757164e-06
7.54232280,5.057201117e-06
7.54986512,1.380099569e-05
7.55740745,1.433387294e-05
7.56494977,1.035194788e-05
7.57249209,1.023603368e-05
7.58003442,1.493241559e-05
7.58757674,6.78341539e-06
7.59511906,1.954636108e-05
7.60266138,1.916807763e-05
7.61020371,1.137855693e-05
7.61774603,9.047762779e-06
7.62528835,9.472179915e-06
7.63283068,8.987407709e-06
7.64037300,1.225239921e-05
7.64791532,1.487836397e-05
7.65545764,4.613723762e-06
7.66299997,8.623861498e-06
7.67054229,5.084780398e-06
7.67808461,8.02768872e-06
7.68562693,1.168215062e-05
7.69316926,1.188749093e-05
7.70071158,2.186204552e-06
7.70825390,8.108256483e-06
7.71579623,1.230718981e-05
7.72333855,1.768832678e-05
7.73088087,1.532243772e-05
7.73842319,1.718082351e-05
7.74596552,2.29128185e-05
7.75350784,1.848707748e-05
7.76105016,1.078047577e-06
7.76859249,1.756324636e-05
7.77613481,1.505942039e-05
7.78367713,1.280825761e-05
7.79121945,1.405469183e-05
7.79876178,1.284904746e-05
7.80630410,7.245599557e-06
7.81384642,5.421923389e-06
7.82138875,1.082523787e-05
7.82893107,1.672464322e-05
7.83647339,1.812198075e-05
7.84401571,8.114217424e-06
7.85155804,1.512587762e-06
7.85910036,1.076257443e-05
7.86664268,2.185182454e-05
7.87418500,2.497086401e-05
7.88172733,1.357120465e-05
7.88926965,7.111447113e-06
7.89681197,1.608317589e-05
7.90435430,1.352556906e-05
7.91189662,1.540443591e-05
7.91943894,1.439212527e-05
7.92698126,1.745060546e-05
7.93452359,1.12727775e-05
7.94206591,8.790719735e-06
7.94960823,1.148570779e-05
7.95715056,9.367982531e-06
7.96469288,1.460558208e-05
7.97223520,1.470131881e-05
7.97977752,9.588999648e-06
7.98731985,1.957501242e-05
7.99486217,2.276184272e-05
8.00240449,8.346028904e-06
8.00994682,1.745447565e-05
8.01748914,8.464746479e-06
8.02503146,2.610027891e-05
8.03257378,1.677363748e-05
8.04011611,1.971808724e-06
8.04765843,3.433634082e-06
8.05520075,7.086459421e-06
8.06274307,5.311702369e-06
8.07028540,1.142202728e-05
8.07782772,1.92991939e-05
8.08537004,1.269236295e-05
8.09291237,8.720410666e-06
8.10045469,1.096072474e-05
8.10799701,7.653071808e-06
8.11553933,2.045526013e-05
8.12308166,1.324963949e-05
8.13062398,1.501557358e-05
8.13816630,1.918945513e-05
8.14570863,9.682338049e-06
8.15325095,1.252636566e-05
8.16079327,1.381112029e-05
8.16833559,9.57335589e-06
8.17587792,4.84325939e-06
8.18342024,4.815842306e-06
8.19096256,7.964948195e-06
8.19850489,1.152082283e-05
8.20604721,1.312801185e-05
8.21358953,7.6490149e-06
8.22113185,1.340432776e-05
8.22867418,1.57359761e-05
8.23621650,9.886329497e-06
8.24375882,3.255449251e-06
8.25130114,1.156376589e-05
8.25884347,1.162460144e-05
8.26638579,8.88880462e-06
8.27392811,9.356875463e-06
8.28147044,7.952690994e-06
8.28901276,9.110891865e-06
8.29655508,1.058192005e-05
8.30409740,2.331492313e-06
8.31163973,8.106361631e-06
8.31918205,5.380652196e-06
8.32672437,1.771525236e-05
8.33426670,1.961336818e-05
8.34180902,1.692552041e-05
8.34935134,1.748879535e-05
8.35689366,1.651361626e-05
8.36443599,9.388444671e-06
8.37197831,5.314430348e-06
8.37952063,8.437930169e-06
8.38706296,9.94030339e-06
8.39460528,2.452309788e-05
8.40214760,2.333348701e-05
8.40968992,1.632619461e-05
8.41723225,9.192163632e-06
8.42477457,1.897117297e-06
8.43231689,1.123230193e-05
8.43985921,1.69255189e-05
8.44740154,1.319438816e-05
8.45494386,3.900521277e-06
8.46248618,1.78176915e-05
8.47002851,2.656593197e-05
8.47757083,1.50951735e-05
8.48511315,1.413475214e-05
8.49265547,3.433836725e-05
8.50019780,2.915090143e-05
8.50774012,2.473632203e-05
8.51528244,3.358483454e-05
8.52282477,1.133348647e-05
8.53036709,1.383872716e-05
8.53790941,1.345657645e-05
8.54545173,1.442075279e-05
8.55299406,3.617111296e-06
8.56053638,7.865386588e-06
8.56807870,5.254563768e-06
8.57562103,2.481740539e-05
8.58316335,1.922551716e-05
8.59070567,1.967907446e-05
8.59824799,1.880179545e-05
8.60579032,4.175823053e-06
8.61333264,7.906096212e-06
8.62087496,5.67022637e-06
8.62841729,5.815810621e-06
8.63595961,1.694963571e-05
8.64350193,3.095296998e-05
8.65104425,1.958022265e-05
8.65858658,1.048882652e-05
8.66612890,5.613584656e-06
8.67367122,7.215413405e-06
8.68121354,1.17327048e-05
8.68875587,6.42915723e-06
8.69629819,1.198995677e-05
8.70384051,7.792576678e-06
8.71138284,1.297879762e-05
8.71892516,7.955665617e-06
8.72646748,1.300211877e-05
8.73400980,9.618555511e-06
8.74155213,7.428610676e-06
8.74909445,1.124433726e-05
8.75663677,6.777697937e-06
8.76417910,1.066418485e-05
8.77172142,4.818062878e-06
8.77926374,4.128391427e-06
8.78680606,8.255937305e-06
8.79434839,8.944423095e-06
8.80189071,7.457057803e-06
8.80943303,7.009420112e-06
8.81697536,7.94070216e-06
8.82451768,1.441355507e-05
8.83206000,2.110799001e-05
8.83960232,5.585162482e-06
8.84714465,1.662621203e-05
8.85468697,1.604283061e-05
8.86222929,1.001828904e-05
8.86977161,1.39245128e-05
8.87731394,2.069358379e-05
8.88485626,1.412870462e-05
8.89239858,8.07011006e-06
8.89994091,6.615037503e-06
8.90748323,1.037628339e-06
8.91502555,1.850625299e-05
8.92256787,1.203672168e-05
8.93011020,9.931940916e-06
8.93765252,1.157819091e-05
8.94519484,1.78834561e-05
8.95273717,1.235924613e-05
8.96027949,5.935238608e-06
8.96782181,4.215964728e-06
8.97536413,6.049135492e-06
8.98290646,3.285753275e-06
8.99044878,1.149257772e-05
8.99799110,2.149177003e-05
9.00553343,1.434580961e-05
9.01307575,1.346664346e-05
9.02061807,1.424185857e-05
9.02816039,5.199915255e-06
9.03570272,8.255577568e-06
9.04324504,4.552256378e-06
9.05078736,1.331250471e-05
9.05832968,1.69313759e-05
9.06587201,6.099739701e-06
9.07341433,5.524482868e-06
9.08095665,3.82389831e-06
9.08849898,2.135896339e-05
9.09604130,2.327968939e-05
9.10358362,1.762114561e-05
9.11112594,1.214378596e-05
9.11866827,4.746315942e-06
9.12621059,6.208737613e-06
9.13375291,1.04404921e-05
9.14129524,1.401349112e-05
9.14883756,1.53201135e-05
9.15637988,1.003830972e-05
9.16392220,7.975094907e-06
9.17146453,1.760177753e-05
9.17900685,1.538383425e-05
9.18654917,6.011919622e-06
9.19409150,5.112960063e-06
9.20163382,4.675569082e-06
9.20917614,5.676557704e-06
9.21671846,7.985693652e-06
9.22426079,1.257583197e-05
9.23180311,2.723201994e-05
9.23934543,1.893614947e-05
9.24688775,6.071570926e-06
9.25443008,6.150137848e-06
9.26197240,5.777412304e-06
9.26951472,6.935773131e-06
9.27705705,3.435901126e-06
9.28459937,3.101974112e-06
9.29214169,2.589727242e-06
9.29968401,2.770673253e-06
9.30722634,8.993763663e-06
9.31476866,8.776478764e-06
9.32231098,7.432525693e-06
9.32985331,1.361658846e-05
9.33739563,1.101473341e-05
9.34493795,2.027898949e-05
9.35248027,2.568245795e-05
9.36002260,2.763721217e-05
9.36756492,1.346727863e-05
9.37510724,7.331471951e-06
9.38264957,9.985250711e-06
9.39019189,1.207159153e-05
9.39773421,1.399076292e-05
9.40527653,8.220742665e-06
9.41281886,1.65772002e-06
9.42036118,1.098778206e-05
9.42790350,1.75253838e-05
9.43544582,1.539637709e-05
9.44298815,9.884205087e-06
9.45053047,5.066478995e-06
9.45807279,5.860610824e-06
9.46561512,1.826516216e-05
9.47315744,1.50072508e-05
9.48069976,7.822801876e-06
9.48824208,3.477072971e-06
9.49578441,1.742835864e-05
9.50332673,1.252341944e-05
9.51086905,1.26958268e-05
9.51841138,2.555079713e-05
9.52595370,2.013698267e-05
9.53349602,1.553427823e-05
9.54103834,6.754559785e-06
9.54858067,1.525806048e-05
9.55612299,1.060022427e-05
9.56366531,6.544634345e-06
9.57120764,9.540581585e-06
9.57874996,1.21301181e-05
9.58629228,4.530083986e-06
9.59383460,3.399252998e-06
9.60137693,7.040106372e-06
9.60891925,1.268913181e-05
9.61646157,9.173614548e-06
9.62400389,1.171364913e-05
9.63154622,2.410570815e-06
9.63908854,1.624461906e-05
9.64663086,1.041472752e-05
9.65417319,1.097155945e-05
9.66171551,5.795916732e-06
9.66925783,2.048023934e-05
9.67680015,9.719861148e-06
9.68434248,1.054780269e-05
9.69188480,1.381224292e-05
9.69942712,1.214770775e-05
9.70696945,3.243842213e-06
9.71451177,1.766363165e-06
9.72205409,1.197155436e-05
9.72959641,1.989604697e-05
9.73713874,1.166431697e-05
9.74468106,7.764484484e-06
9.75222338,1.116740369e-05
9.75976571,1.979278457e-05
9.76730803,2.380011111e-05
9.77485035,1.368042063e-05
9.78239267,4.147796355e-06
9.78993500,1.19233466e-05
9.79747732,1.412415692e-05
9.80501964,1.155707192e-05
9.81256196,1.068096242e-05
9.82010429,5.676533128e-06
9.82764661,1.038256601e-05
9.83518893,1.407357156e-06
9.84273126,6.636529211e-06
9.85027358,1.170608977e-06
9.85781590,7.305856969e-06
9.86535822,8.962499181e-06
9.87290055,4.270234366e-06
9.88044287,6.242801551e-06
9.88798519,5.256363494e-06
9.89552752,1.32438546e-05
9.90306984,5.854265973e-06
9.91061216,1.06111285e-05
9.91815448,8.406367905e-06
9.92569681,3.384709353e-06
9.93323913,1.433280915e-05
9.94078145,1.271617242e-05
9.94832378,6.992382862e-06
9.95586610,6.820881266e-06
9.96340842,1.341095709e-05
9.97095074,1.546592349e-05
9.97849307,5.925203309e-06
9.98603539,8.681444824e-06
9.99357771,1.025995182e-05
10.00112003,2.049498553e-05
10.00866236,1.944476198e-05
10.01620468,1.109886706e-05
10.02374700,1.120873442e-06
10.03128933,3.541261131e-06
10.03883165,1.136490691e-05
10.04637397,1.634359374e-05
10.05391629,1.293056622e-05
10.06145862,9.26116469e-06
10.06900094,1.342811891e-05
10.07654326,1.325714997e-05
10.08408559,6.178631026e-06
10.09162791,3.268325158e-06
10.09917023,6.835136685e-06
10.10671255,4.995792433e-06
10.11425488,5.788361998e-06
10.12179720,1.186792851e-05
10.12933952,1.388248304e-05
10.13688185,8.685000689e-06
10.14442417,5.728414631e-06
10.15196649,5.918639612e-06
10.15950881,8.485487144e-06
10.16705114,4.951995063e-06
10.17459346,1.29562941e-05
10.18213578,1.134037879e-05
10.18967810,1.172140343e-05
10.19722043,1.400726343e-05
10.20476275,1.8492728e-05
10.21230507,9.011652769e-06
10.21984740,7.557816753e-06
10.22738972,1.072092464e-05
10.23493204,4.580319752e-06
10.24247436,4.696626778e-06
10.25001669,6.292258949e-06
10.25755901,2.677672351e-06
10.26510133,1.79272496e-05
10.27264366,2.082242502e-05
10.28018598,4.737246036e-06
10.28772830,5.365786442e-06
10.29527062,1.953250218e-05
10.30281295,1.813329665e-05
10.31035527,1.343668457e-05
10.31789759,1.097823516e-05
10.32543992,7.945342352e-06
10.33298224,1.077455886e-05
10.34052456,2.276536097e-06
10.34806688,4.787563702e-06
10.35560921,7.630430732e-06
10.36315153,1.079307862e-05
10.37069385,1.784888498e-05
10.37823618,1.038724282e-05
10.38577850,6.359252243e-06
10.39332082,1.056819857e-05
10.40086314,1.133427546e-05
10.40840547,1.108055646e-05
10.41594779,5.958932039e-06
10.42349011,3.833608159e-06
10.43103243,1.010791652e-05
10.43857476,1.350072324e-05
10.44611708,2.784747911e-06
10.45365940,1.118947976e-05
10.46120173,1.3081742e-05
10.46874405,1.252016233e-05
10.47628637,9.09207194e-06
10.48382869,6.731493461e-06
10.49137102,3.576018962e-06
10.49891334,1.091600843e-05
10.50645566,1.24140884e-05
10.51399799,1.048099846e-05
10.52154031,1.088888746e-05
10.52908263,8.995926645e-06
10.53662495,1.270060477e-06
10.54416728,1.189169659e-05
10.55170960,1.094437726e-05
10.55925192,1.387219405e-05
10.56679425,1.631421597e-05
10.57433657,1.055475411e-05
10.58187889,1.193035283e-05
10.58942121,2.10539784e-05
10.59696354,1.801615179e-05
10.60450586,9.335716998e-06
10.61204818,1.224464656e-05
10.61959050,1.343759889e-05
10.62713283,6.406513706e-06
10.63467515,1.797916225e-05
10.64221747,9.915574168e-06
10.64975980,3.711276682e-06
10.65730212,5.569949468e-06
10.66484444,1.100425017e-05
10.67238676,4.887248697e-06
10.67992909,9.035395258e-06
10.68747141,1.141403192e-05
10.69501373,1.109140214e-05
10.70255606,1.347137492e-05
10.71009838,1.374778856e-05
10.71764070,1.174994979e-05
10.72518302,1.013370658e-05
10.73272535,7.539123986e-06
10.74026767,9.543625938e-06
10.74780999,1.368697854e-05
10.75535232,1.467961441e-05
10.76289464,1.262373604e-05
10.77043696,2.023738969e-05
10.77797928,1.083738529e-05
10.78552161,1.302960853e-05
10.79306393,7.916297715e-06
10.80060625,8.91296712e-06
10.80814857,4.762525209e-06
10.81569090,5.950361861e-06
10.82323322,4.329787517e-06
10.83077554,8.018715604e-06
10.83831787,7.726883465e-06
10.84586019,4.4675952e-06
10.85340251,7.563765144e-06
10.86094483,5.820913002e-06
10.86848716,2.92106766e-06
10.87602948,3.493721708e-06
10.88357180,8.063117731e-06
10.89111413,1.816301782e-05
10.89865645,1.78647148e-05
10.90619877,1.208727029e-05
10.91374109,1.065058187e-05
10.92128342,5.226140705e-06
10.92882574,1.456397878e-05
10.93636806,1.975769974e-05
10.94391039,7.971405738e-06
10.95145271,2.415554127e-06
10.95899503,3.925461674e-06
10.96653735,5.746277063e-06
10.97407968,1.32052278e-05
10.98162200,2.829163783e-05
10.98916432,1.916563579e-05
10.99670664,7.485235292e-06
11.00424897,3.776593974e-06
11.01179129,1.295130449e-05
11.01933361,2.306838267e-05
11.02687594,2.702972865e-05
11.03441826,1.097518836e-05
11.04196058,6.673009795e-06
11.04950290,6.000380087e-06
11.05704523,1.012454875e-05
11.06458755,1.312452675e-05
11.07212987,1.129887244e-05
11.07967220,2.892896374e-06
11.08721452,7.499595172e-06
11.09475684,1.727179786e-05
11.10229916,1.379290153e-05
11.10984149,1.450174754e-05
11.11738381,1.177585724e-05
11.12492613,1.277059302e-05
11.13246846,1.648135861e-05
11.14001078,6.656433606e-06
11.14755310,7.600150136e-06
11.15509542,3.813369796e-06
11.16263775,9.0256528e-06
11.17018007,1.261526224e-05
11.17772239,1.119633816e-05
11.18526471,1.360588618e-05
11.19280704,1.093493573e-05
11.20034936,8.553829278e-06
11.20789168,1.171763217e-05
11.21543401,1.417411608e-05
11.22297633,1.339991814e-05
11.23051865,4.088824047e-06
11.23806097,3.829915682e-06
11.24560330,2.000200737e-06
11.25314562,6.732481198e-06
11.26068794,1.202373539e-05
11.26823027,1.302163575e-05
11.27577259,7.374772623e-06
11.28331491,5.380575775e-06
11.29085723,1.580517869e-05
11.29839956,1.83729091e-05
11.30594188,4.948521835e-06
11.31348420,8.436896322e-06
11.32102653,1.228437955e-05
11.32856885,1.231120778e-05
11.33611117,1.567447784e-05
11.34365349,1.244749204e-05
11.35119582,1.422484842e-05
11.35873814,1.689158407e-05
11.36628046,8.097446569e-06
11.37382278,6.892350057e-06
11.38136511,1.142784657e-05
11.38890743,7.333792353e-06
11.39644975,6.63239353e-06
11.40399208,6.72589478e-06
11.41153440,1.743910964e-05
11.41907672,2.052720549e-05
11.42661904,2.317254667e-05
11.43416137,1.838390785e-05
11.44170369,1.12134182e-05
11.44924601,1.566501166e-05
11.45678834,1.509266326e-05
11.46433066,3.854665109e-06
11.47187298,6.527687306e-06
11.47941530,1.16192425e-05
11.48695763,1.536234021e-05
11.49449995,1.346447992e-05
11.50204227,9.260813055e-06
11.50958460,1.22289823e-05
11.51712692,7.016878676e-06
11.52466924,7.225613528e-06
11.53221156,9.958599715e-06
11.53975389,6.820353905e-06
11.54729621,5.614744568e-06
11.55483853,8.570049888e-06
11.56238085,8.915457538e-06
11.56992318,1.208937563e-05
11.57746550,9.716053399e-06
11.58500782,3.377370615e-06
11.59255015,6.362059936e-06
11.60009247,1.192932038e-05
11.60763479,7.507666332e-06
11.61517711,1.023209672e-05
11.62271944,1.073686755e-05
11.63026176,9.497477626e-06
11.63780408,6.185203545e-06
11.64534641,6.516087443e-06
11.65288873,6.388125367e-06
11.66043105,1.018704259e-05
11.66797337,1.598797254e-05
11.67551570,1.434098779e-05
11.68305802,1.911616618e-06
11.69060034,8.647805247e-06
11.69814267,9.998135653e-06
11.70568499,6.791554936e-06
11.71322731,1.974880512e-06
11.72076963,9.561424859e-06
11.72831196,8.483561612e-06
11.73585428,7.925535274e-06
11.74339660,6.252028189e-06
11.75093892,3.903594499e-06
11.75848125,7.488003378e-06
11.76602357,1.006190532e-05
11.77356589,1.497287496e-05
11.78110822,1.532342108e-05
11.78865054,1.821874324e-05
11.79619286,1.199741048e-05
11.80373518,1.738201677e-05
11.81127751,1.741589419e-05
11.81881983,4.843277349e-06
11.82636215,1.178809523e-05
11.83390448,1.507498684e-05
11.84144680,1.05904172e-05
11.84898912,5.912700109e-06
11.85653144,9.79971387e-06
11.86407377,6.698331217e-06
11.87161609,3.609158165e-06
11.87915841,7.675968099e-06
11.88670074,8.248163418e-06
11.89424306,6.365349308e-06
11.90178538,7.985907589e-06
11.90932770,1.660320199e-05
11.91687003,1.322357974e-05
11.92441235,1.022402631e-05
11.93195467,1.261202845e-05
11.93949699,6.180602223e-07
11.94703932,1.124991303e-05
11.95458164,1.3549862e-05
11.96212396,1.164767957e-05
11.96966629,8.241153857e-06
11.97720861,7.69763748e-06
11.98475093,6.808308363e-06
11.99229325,1.238302942e-06
11.99983558,5.416034424e-06
12.00737790,6.460759624e-06
12.01492022,1.354734769e-05
12.02246255,8.697186312e-06
12.03000487,4.05815044e-06
12.03754719,9.152941875e-06
12.04508951,5.095263698e-06
12.05263184,4.353197764e-06
12.06017416,5.515303904e-06
12.06771648,8.063760879e-07
12.07525881,5.798243396e-06
12.08280113,9.199139013e-06
12.09034345,6.983224647e-06
12.09788577,8.238316823e-06
12.10542810,1.78698612e-05
12.11297042,1.323835883e-05
12.12051274,6.304424124e-06
12.12805506,1.061675186e-05
12.13559739,1.037214468e-05
12.14313971,4.048276841e-06
12.15068203,7.100985902e-06
12.15822436,2.119814136e-06
12.16576668,3.871773459e-06
12.17330900,3.723299427e-06
12.18085132,2.828295021e-06
12.18839365,7.091197397e-06
12.19593597,1.476767116e-05
12.20347829,8.510646763e-06
12.21102062,7.538528037e-06
12.21856294,9.316511703e-06
12.22610526,1.659043449e-05
12.23364758,1.663105945e-05
12.24118991,1.393923423e-05
12.24873223,7.164015494e-06
12.25627455,1.613247358e-05
12.26381688,1.558632465e-05
12.27135920,1.505600877e-05
12.27890152,6.75976117e-06
12.28644384,5.424496423e-06
12.29398617,6.256106772e-06
12.30152849,4.824001525e-06
12.30907081,4.862673511e-06
12.31661314,8.732989271e-06
12.32415546,3.045884448e-06
12.33169778,3.033394298e-06
12.33924010,1.024476236e-05
12.34678243,1.182718257e-05
12.35432475,1.173669483e-05
12.36186707,1.558902792e-05
12.36940939,1.235629967e-05
12.37695172,1.200045226e-06
12.38449404,8.494719596e-07
12.39203636,8.42122047e-06
12.39957869,5.432042165e-06
12.40712101,3.494006266e-06
12.41466333,6.358112114e-06
12.42220565,1.592935382e-05
12.42974798,7.22666546e-06
12.43729030,7.85352131e-06
12.44483262,3.605646125e-06
12.45237495,1.665100736e-06
12.45991727,4.720278114e-06
12.46745959,1.150787216e-05
12.47500191,1.271949356e-05
12.48254424,6.364349752e-06
12.49008656,1.52257461e-05
12.49762888,1.52006971e-05
12.50517121,6.476124519e-06
12.51271353,7.394508929e-06
12.52025585,5.71773509e-06
12.52779817,6.506517022e-06
12.53534050,1.29449593e-05
12.54288282,1.274906548e-05
12.55042514,4.871177318e-06
12.55796746,6.533170824e-06
12.56550979,8.923851473e-06
12.57305211,1.102202499e-05
12.58059443,1.370954446e-05
12.58813676,1.986401492e-05
12.59567908,4.598521601e-06
12.60322140,6.413533865e-06
12.61076372,1.295348187e-05
12.61830605,1.325200393e-05
12.62584837,7.441266189e-06
12.63339069,3.684471746e-06
12.64093302,1.275199871e-05
12.64847534,6.053873788e-06
12.65601766,7.389688558e-06
12.66355998,4.738181203e-06
12.67110231,8.216782503e-06
12.67864463,1.080057108e-05
12.68618695,9.003365243e-06
12.69372928,2.336043061e-06
12.70127160,5.063468349e-06
12.70881392,4.916917812e-06
12.71635624,7.217472615e-06
12.72389857,7.695878499e-06
12.73144089,7.245963213e-07
12.73898321,1.005670201e-05
12.74652553,2.162227522e-05
12.75406786,2.068287228e-05
12.76161018,8.587492089e-06
12.76915250,7.198139711e-06
12.77669483,8.436781844e-06
12.78423715,3.320208361e-06
12.79177947,2.953180058e-06
12.79932179,8.099704862e-06
12.80686412,8.701145767e-06
12.81440644,5.580106168e-06
12.82194876,7.007752469e-06
12.82949109,6.364705065e-06
12.83703341,9.025007415e-06
12.84457573,2.41937022e-06
12.85211805,6.316052084e-06
12.85966038,6.248420734e-06
12.86720270,1.231316829e-05
12.87474502,9.79014434e-06
12.88228735,1.114445857e-05
12.88982967,1.350707292e-05
12.89737199,2.956119397e-06
12.90491431,8.713571788e-06
12.91245664,3.858197343e-06
12.91999896,5.060914709e-06
12.92754128,7.770545766e-06
12.93508360,9.173073644e-06
12.94262593,1.419146052e-05
12.95016825,1.326008692e-05
12.95771057,1.06441537e-05
12.96525290,6.848141081e-06
12.97279522,2.317065583e-05
12.98033754,1.86298825e-05
12.98787986,1.011647307e-05
12.99542219,4.996895376e-06
13.00296451,8.635655669e-06
13.01050683,1.158940304e-05
13.01804916,4.484010467e-06
13.02559148,8.239949554e-06
13.03313380,5.57182456e-06
13.04067612,1.042349908e-05
13.04821845,1.289669034e-05
13.05576077,3.333320833e-06
13.06330309,8.876161475e-06
13.07084542,8.318786358e-06
13.07838774,1.051531337e-05
13.08593006,1.151342101e-05
13.09347238,1.25773026e-05
13.10101471,4.284409584e-06
13.10855703,1.005723484e-05
13.11609935,1.314762508e-05
13.12364167,1.117960045e-05
13.13118400,1.456570146e-06
13.13872632,7.43726964e-06
13.14626864,7.053484862e-06
13.15381097,6.991331723e-06
13.16135329,1.127511536e-05
13.16889561,1.884200566e-05
13.17643793,1.893992088e-05
13.18398026,1.042046945e-05
13.19152258,3.782665997e-06
13.19906490,5.056315182e-06
13.20660723,4.446969251e-06
13.21414955,2.712737714e-06
13.22169187,1.048946279e-05
13.22923419,2.315194481e-05
13.23677652,2.031033462e-05
13.24431884,9.016301073e-06
13.25186116,1.788199172e-05
13.25940349,1.211415742e-05
13.26694581,4.800659908e-06
13.27448813,1.032615571e-05
13.28203045,7.879403214e-06
13.28957278,1.10857937e-05
13.29711510,4.433827569e-06
13.30465742,9.863143292e-06
13.31219974,1.201395395e-05
13.31974207,3.474336198e-06
13.32728439,1.678327043e-05
13.33482671,1.510048473e-05
13.34236904,6.202681615e-06
13.34991136,1.489678657e-05
13.35745368,1.632988551e-05
13.36499600,8.377177309e-06
13.37253833,1.366405831e-05
13.38008065,1.132207618e-05
13.38762297,1.768509502e-06
13.39516530,5.025398698e-06
13.40270762,8.538042822e-06
13.41024994,9.939261091e-07
13.41779226,7.437249641e-06
13.42533459,9.989687741e-06
13.43287691,8.044457449e-06
13.44041923,7.564417351e-06
13.44796156,9.246297377e-06
13.45550388,4.793042296e-06
13.46304620,7.190795856e-06
13.47058852,8.98866076e-06
13.47813085,1.170620158e-05
13.48567317,8.24728512e-06
13.49321549,1.486855308e-05
13.50075781,9.301823663e-06
13.50830014,3.475188935e-06
13.51584246,5.64051633e-06
13.52338478,7.807751554e-06
13.53092711,6.766486769e-06
13.53846943,1.682330633e-05
13.54601175,1.638370466e-05
13.55355407,9.338947435e-06
13.56109640,6.088310602e-06
13.56863872,6.288840781e-06
13.57618104,3.127279255e-06
13.58372337,9.5042946e-06
13.59126569,1.293639521e-05
13.59880801,9.146655361e-06
13.60635033,1.215170065e-05
13.61389266,1.431355867e-05
13.62143498,4.811268244e-06
13.62897730,6.92266049e-06
13.63651963,9.282486762e-06
13.64406195,1.227593302e-05
13.65160427,8.206130873e-06
13.65914659,5.315813117e-06
13.66668892,1.041606061e-05
13.67423124,1.005074571e-05
13.68177356,5.950659811e-06
13.68931588,6.579656282e-06
13.69685821,8.139881604e-06
13.70440053,6.05343319e-06
13.71194285,5.736342842e-06
13.71948518,7.022121711e-06
13.72702750,7.787055333e-06
13.73456982,2.925132095e-06
13.74211214,1.512450788e-06
13.74965447,7.931785669e-06
13.75719679,4.476241416e-06
13.76473911,2.02659273e-06
13.77228144,6.922195947e-06
13.77982376,1.525378991e-05
13.78736608,1.055118875e-05
13.79490840,3.37630654e-06
13.80245073,7.248570509e-06
13.80999305,2.160844312e-05
13.81753537,1.965305765e-05
13.82507770,7.634670761e-06
13.83262002,1.511577195e-05
13.84016234,1.192098722e-05
13.84770466,7.426208804e-06
13.85524699,4.597414805e-06
13.86278931,7.020226429e-06
13.87033163,6.518695748e-06
13.87787395,4.886761737e-06
13.88541628,7.173102893e-06
13.89295860,8.008797588e-06
13.90050092,6.094826068e-06
13.90804325,9.45996157e-06
13.91558557,7.482339258e-06
13.92312789,5.19792869e-06
13.93067021,9.613112738e-06
13.93821254,9.966071346e-06
13.94575486,1.019725008e-05
13.95329718,1.247931274e-05
13.96083951,3.616076813e-06
13.96838183,1.088879476e-05
13.97592415,1.402558693e-05
13.98346647,1.371494522e-05
13.99100880,8.166026887e-06
13.99855112,5.302961687e-06
14.00609344,6.634260451e-06
14.01363577,1.073660754e-05
14.02117809,1.076391455e-06
14.02872041,9.71959697e-06
14.03626273,1.168843045e-05
14.04380506,6.182001577e-06
14.05134738,9.825784993e-06
14.05888970,1.402003021e-06
14.06643202,1.334652832e-05
14.07397435,6.612604367e-06
14.08151667,4.658173175e-06
14.08905899,3.103763725e-06
14.09660132,6.925350458e-06
14.10414364,7.310909266e-06
14.11168596,1.276739e-06
14.11922828,2.909672588e-06
14.12677061,5.965413582e-06
14.13431293,3.123353202e-06
14.14185525,7.223569099e-06
14.14939758,1.316129363e-05
14.15693990,1.419587817e-05
14.16448222,1.267518702e-05
14.17202454,2.589565152e-06
14.17956687,4.549142675e-06
14.18710919,1.295827687e-05
14.19465151,1.374592533e-05
14.20219384,1.242912387e-05
14.20973616,1.352410621e-05
14.21727848,5.203788837e-06
14.22482080,1.111083292e-05
14.23236313,1.535361831e-05
14.23990545,1.786973693e-05
14.24744777,1.651562758e-05
14.25499010,1.761151545e-05
14.26253242,1.84600303e-05
14.27007474,2.142924643e-05
14.27761706,6.543617647e-06
14.28515939,4.68121383e-06
14.29270171,1.659103311e-06
14.30024403,1.10116916e-05
14.30778635,9.39321739e-06
14.31532868,9.490615433e-06
14.32287100,5.739228929e-06
14.33041332,1.106852704e-05
14.33795565,1.921585785e-07
14.34549797,7.708958856e-06
14.35304029,6.028044567e-06
14.36058261,4.728622125e-06
14.36812494,4.497124612e-06
14.37566726,4.574849254e-06
14.38320958,7.281083352e-06
14.39075191,6.695596141e-06
14.39829423,4.226867749e-06
14.40583655,4.397853766e-06
14.41337887,5.591613757e-06
14.42092120,4.252712216e-06
14.42846352,5.851212959e-06
14.43600584,6.084047992e-06
14.44354817,1.122121438e-05
14.45109049,1.143738654e-05
14.45863281,6.896156755e-06
14.46617513,7.227449553e-06
14.47371746,1.01506208e-05
14.48125978,1.013926255e-05
14.48880210,3.804715188e-06
14.49634442,8.856186621e-06
14.50388675,8.085247827e-06
14.51142907,5.529385925e-07
14.51897139,7.751665402e-06
14.52651372,6.115718192e-06
14.53405604,6.414963885e-06
14.54159836,7.780969864e-06
14.54914068,6.137288127e-06
14.55668301,1.139798821e-05
14.56422533,3.51918021e-06
14.57176765,5.071108997e-06
14.57930998,3.1290149e-06
14.58685230,9.24724623e-06
14.59439462,1.317735885e-05
14.60193694,1.082442214e-05
14.60947927,7.285542272e-06
14.61702159,1.241696286e-06
14.62456391,6.491230898e-06
14.63210624,1.652624614e-05
14.63964856,1.487000049e-05
14.64719088,2.54904016e-06
14.65473320,7.471670509e-06
14.66227553,1.399190541e-05
14.66981785,1.021756453e-05
14.67736017,2.58710675e-06
14.68490249,2.89779688e-06
14.69244482,2.891157686e-06
14.69998714,1.260616734e-05
14.70752946,7.916244377e-06
14.71507179,1.697139786e-05
14.72261411,1.00184624e-05
14.73015643,1.089318701e-05
14.73769875,1.007731606e-05
14.74524108,4.415740606e-06
14.75278340,4.034093047e-06
14.76032572,1.122463671e-05
14.76786805,1.174321616e-05
14.77541037,1.170562681e-05
14.78295269,1.077018663e-05
14.79049501,6.812201956e-06
14.79803734,4.16916013e-06
14.80557966,5.821130165e-06
14.81312198,9.051883515e-06
14.82066431,2.306353043e-06
14.82820663,3.949213199e-07
14.83574895,6.401467533e-06
14.84329127,1.218455014e-05
14.85083360,9.491764164e-06
14.85837592,7.287099496e-07
14.86591824,1.11724619e-05
14.87346056,8.370268617e-06
14.88100289,5.267615733e-06
14.88854521,9.96045457e-07
14.89608753,1.542316568e-05
14.90362986,1.307489885e-05
14.91117218,4.353178977e-06
14.91871450,7.716424895e-06
14.92625682,3.415744111e-06
14.93379915,9.776680893e-06
14.94134147,1.159802024e-05
14.94888379,1.273992965e-05
14.95642612,9.923740795e-06
14.96396844,8.598424804e-06
14.97151076,4.198157045e-06
14.97905308,7.033457303e-06
14.98659541,5.928127168e-06
14.99413773,2.637746476e-06
15.00168005,1.451533573e-06
15.00922238,6.107080302e-06
15.01676470,6.45531393e-06
15.02430702,6.798320961e-06
15.03184934,8.711121363e-06
15.03939167,1.376441083e-05
15.04693399,1.451137701e-05
15.05447631,8.61114908e-06
15.06201863,9.203316682e-06
15.06956096,5.731880549e-06
15.07710328,1.050695745e-05
15.08464560,4.581661339e-06
15.09218793,5.412389447e-06
15.09973025,6.64375029e-06
15.10727257,1.219383236e-05
15.11481489,1.423127089e-05
15.12235722,9.351516865e-06
15.12989954,1.08760417e-05
15.13744186,4.04901538e-06
15.14498419,4.67189301e-06
15.15252651,1.931848397e-06
15.16006883,4.341157823e-06
15.16761115,3.797304253e-06
15.17515348,2.438583526e-06
15.18269580,1.295535487e-05
15.19023812,8.973769934e-06
15.19778045,8.751098542e-06
15.20532277,8.904752488e-06
15.21286509,1.008636609e-06
15.22040741,2.323980477e-06
15.22794974,3.684748808e-06
15.23549206,3.146044899e-06
15.24303438,1.510092373e-05
15.25057670,1.871135669e-05
15.25811903,3.651097038e-06
15.26566135,6.464853753e-07
15.27320367,5.150788907e-06
15.28074600,7.804433181e-06
15.28828832,4.426858961e-06
15.29583064,3.176613056e-06
15.30337296,1.322880133e-06
15.31091529,4.183594634e-06
15.31845761,5.041333332e-06
15.32599993,2.020248377e-06
15.33354226,6.647647228e-06
15.34108458,4.157332154e-06
15.34862690,6.753036728e-06
15.35616922,1.531041007e-05
15.36371155,9.502822999e-06
15.37125387,2.396675237e-06
15.37879619,4.032002312e-06
15.38633852,5.939538656e-06
15.39388084,8.588390865e-06
15.40142316,1.253442938e-06
15.40896548,7.12244655e-06
15.41650781,5.874344495e-06
15.42405013,4.329312792e-06
15.43159245,3.350639216e-06
15.43913477,2.631795752e-06
15.44667710,2.750639165e-06
15.45421942,1.242840099e-05
15.46176174,1.322390676e-05
15.46930407,4.096424666e-06
15.47684639,4.168911188e-06
15.48438871,6.398130142e-06
15.49193103,4.786627952e-06
15.49947336,7.314192856e-06
15.50701568,8.909581149e-06
15.51455800,6.82798737e-06
15.52210033,8.869950709e-06
15.52964265,6.942985731e-06
15.53718497,5.298630373e-06
15.54472729,6.279710283e-06
15.55226962,7.869170226e-06
15.55981194,4.349668955e-06
15.56735426,5.215335155e-06
15.57489659,7.457154244e-06
15.58243891,9.506789028e-06
15.58998123,3.783547238e-06
15.59752355,7.118749001e-06
15.60506588,7.10008369e-06
15.61260820,7.102919356e-06
15.62015052,8.398510783e-06
15.62769284,4.51353153e-06
15.63523517,2.907931285e-06
15.64277749,8.106908083e-06
15.65031981,1.160195228e-05
15.65786214,8.019502754e-06
15.66540446,4.536922349e-06
15.67294678,6.632912061e-06
15.68048910,7.726221162e-06
15.68803143,1.016894986e-05
15.69557375,9.501446844e-06
15.70311607,6.892653653e-06
15.71065840,7.559737012e-06
15.71820072,3.622847912e-06
15.72574304,9.691685165e-06
15.73328536,9.227454459e-06
15.74082769,9.688941508e-06
15.74837001,7.928647818e-06
15.75591233,5.540733576e-06
15.76345466,1.221345065e-05
15.77099698,7.271005932e-06
15.77853930,9.857014524e-06
15.78608162,7.746647082e-06
15.79362395,1.123854062e-05
15.80116627,1.161505669e-05
15.80870859,5.063048273e-06
15.81625091,1.044506532e-05
15.82379324,4.935827494e-06
15.83133556,5.885906224e-06
15.83887788,1.139604404e-05
15.84642021,5.046813255e-06
15.85396253,9.264570042e-06
15.86150485,1.209278159e-05
15.86904717,6.459855031e-06
15.87658950,5.723141969e-06
15.88413182,1.365857744e-06
15.89167414,9.204784244e-06
15.89921647,6.805878164e-06
15.90675879,1.355480896e-06
15.91430111,5.223667336e-06
15.92184343,7.262498148e-06
15.92938576,9.01986793e-06
15.93692808,3.474540259e-06
15.94447040,7.802463097e-06
15.95201273,8.307816826e-06
15.95955505,9.95303275e-06
15.96709737,8.212048049e-06
15.97463969,3.660098718e-06
15.98218202,3.072972888e-06
15.98972434,1.09919578e-06
15.99726666,9.426344152e-06
16.00480899,8.738971307e-06
16.01235131,4.587539287e-06
16.01989363,6.154268432e-06
16.02743595,6.304635259e-06
16.03497828,2.69965871e-06
16.04252060,5.587646011e-06
16.05006292,6.252723404e-06
16.05760524,6.271857149e-06
16.06514757,6.762311513e-06
16.07268989,7.162811759e-06
16.08023221,9.209143464e-06
16.08777454,9.309858661e-06
16.09531686,3.538790286e-06
16.10285918,7.338244959e-06
16.11040150,5.409820755e-06
16.11794383,3.434048978e-06
16.12548615,4.10998697e-06
16.13302847,2.469397015e-06
16.14057080,6.183283631e-06
16.14811312,8.579922036e-06
16.15565544,8.235753832e-06
16.16319776,5.0733056e-06
16.17074009,3.596330353e-06
16.17828241,3.506947405e-06
16.18582473,9.475695425e-06
16.19336706,9.615984372e-06
16.20090938,6.152036795e-06
16.20845170,9.457572598e-06
16.21599402,6.800616559e-06
16.22353635,8.573803267e-06
16.23107867,5.524618371e-06
16.23862099,5.379506718e-06
16.24616331,5.599026414e-06
16.25370564,4.000038559e-06
16.26124796,8.348970837e-06
16.26879028,4.618573682e-06
16.27633261,3.783142629e-06
16.28387493,6.317616418e-06
16.29141725,6.594906246e-06
16.29895957,2.728711459e-06
16.30650190,5.942837208e-06
16.31404422,6.653556822e-06
16.32158654,3.100218577e-06
16.32912887,1.158571091e-05
16.33667119,1.2720251e-05
16.34421351,6.289799118e-06
16.35175583,1.146853141e-05
16.35929816,1.353405289e-05
16.36684048,9.189285941e-06
16.37438280,3.110080386e-06
16.38192513,7.394686461e-06
16.38946745,9.43927573e-06
16.39700977,1.116879684e-05
16.40455209,5.276672277e-06
16.41209442,8.162578245e-06
16.41963674,8.670781288e-06
16.42717906,2.339035297e-06
16.43472138,7.431450239e-06
16.44226371,6.788204369e-06
16.44980603,1.098770651e-05
16.45734835,9.761089209e-06
16.46489068,9.883673185e-06
16.47243300,1.001765488e-05
16.47997532,6.83637832e-06
16.48751764,5.643642181e-06
16.49505997,4.591378546e-06
16.50260229,9.991658135e-06
16.51014461,1.311156348e-05
16.51768694,4.95710252e-06
16.52522926,5.228159904e-06
16.53277158,4.292983781e-06
16.54031390,3.827108921e-06
16.54785623,3.329392462e-06
16.55539855,5.266929315e-06
16.56294087,5.234821343e-06
16.57048320,8.344855303e-06
16.57802552,1.067095986e-05
16.58556784,1.286719037e-05
16.59311016,9.688689615e-06
16.60065249,4.138581265e-06
16.60819481,4.804898595e-06
16.61573713,6.59772589e-06
16.62327945,9.985669822e-06
16.63082178,6.399943347e-06
16.63836410,6.712039712e-06
16.64590642,8.671855004e-06
16.65344875,4.080927412e-06
16.66099107,4.061435489e-06
16.66853339,2.945989156e-06
16.67607571,5.924876377e-06
16.68361804,1.03610823e-05
16.69116036,9.660475321e-06
16.69870268,6.05368387e-06
16.70624501,2.51618378e-06
16.71378733,7.11909601e-06
16.72132965,1.024401775e-05
16.72887197,2.307127897e-06
16.73641430,8.527190986e-06
16.74395662,6.030605152e-06
16.75149894,7.596573804e-06
16.75904127,1.261162119e-05
16.76658359,6.189072233e-06
16.77412591,2.902464128e-06
16.78166823,5.236951248e-06
16.78921056,2.445452673e-06
16.79675288,5.561818969e-06
16.80429520,1.37004774e-06
16.81183752,6.979456336e-06
16.81937985,3.70054664e-06
16.82692217,2.035895884e-06
16.83446449,1.388398511e-06
16.84200682,4.100164478e-06
16.84954914,8.827835914e-06
16.85709146,1.341371872e-05
16.86463378,7.395648945e-06
16.87217611,2.767206415e-06
16.87971843,7.558334757e-06
16.88726075,2.792361079e-06
16.89480308,2.608179546e-06
16.90234540,6.327262717e-06
16.90988772,3.553161501e-06
16.91743004,7.379781326e-06
16.92497237,9.541033683e-06
16.93251469,8.735736806e-06
16.94005701,8.007735345e-06
16.94759934,6.721791632e-06
16.95514166,1.099033524e-05
16.96268398,8.266228276e-06
16.97022630,1.575473634e-06
16.97776863,3.985734988e-06
16.98531095,7.996718491e-06
16.99285327,9.082562298e-06
17.00039559,4.103058242e-06
17.00793792,3.165399545e-06
17.01548024,8.929527534e-06
17.02302256,7.867449943e-06
17.03056489,6.241135153e-06
17.03810721,9.10843349e-06
17.04564953,1.153388189e-05
17.05319185,7.979104621e-06
17.06073418,7.709326617e-06
17.06827650,9.531457108e-06
17.07581882,1.310863871e-06
17.08336115,1.487600209e-05
17.09090347,1.178752715e-05
17.09844579,1.377659484e-05
17.10598811,8.62625145e-06
17.11353044,4.304074927e-06
17.12107276,6.838785214e-06
17.12861508,5.505515199e-06
17.13615741,8.962619392e-06
17.14369973,7.638438339e-06
17.15124205,3.717593732e-06
17.15878437,1.694046961e-06
17.16632670,3.894886216e-06
17.17386902,7.412608242e-06
17.18141134,6.08025914e-06
17.18895366,2.896160725e-06
17.19649599,4.524342443e-06
17.20403831,5.267130855e-06
17.21158063,3.419630555e-06
17.21912296,1.044454621e-06
17.22666528,2.475273138e-06
17.23420760,2.014323062e-06
17.24174992,1.879291396e-06
17.24929225,4.283426051e-06
17.25683457,8.280843063e-06
17.26437689,7.094675586e-06
17.27191922,2.462779846e-06
17.27946154,1.089141429e-05
17.28700386,9.008247886e-06
17.29454618,9.574363452e-06
17.30208851,1.974876145e-06
17.30963083,4.931916753e-06
17.31717315,1.255858246e-05
17.32471548,1.11590999e-05
17.33225780,4.512568719e-06
17.33980012,5.288468595e-06
17.34734244,8.796762457e-06
17.35488477,4.001128811e-06
17.36242709,4.006258086e-06
17.36996941,1.690187035e-06
17.37751173,6.910953808e-06
17.38505406,5.848087922e-06
17.39259638,3.480556169e-06
17.40013870,7.225150486e-06
17.40768103,8.49984748e-06
17.41522335,1.190504908e-05
17.42276567,9.077459589e-06
17.43030799,5.474224003e-06
17.43785032,5.620628142e-06
17.44539264,2.832057549e-06
17.45293496,6.558529115e-06
17.46047729,4.639585373e-06
17.46801961,5.986411549e-06
17.47556193,3.539883401e-06
17.48310425,4.036773519e-06
17.49064658,6.561253013e-06
17.49818890,5.946009502e-06
17.50573122,1.196018142e-05
17.51327355,7.043731961e-06
17.52081587,4.550220117e-06
17.52835819,4.591765687e-06
17.53590051,3.415760914e-06
17.54344284,4.50605365e-06
17.55098516,4.808393293e-06
17.55852748,9.030276352e-06
17.56606980,9.903886221e-06
17.57361213,3.399074453e-06
17.58115445,6.17821383e-06
17.58869677,9.464824776e-06
17.59623910,8.957429856e-06
17.60378142,5.370491242e-06
17.61132374,8.538913873e-06
17.61886606,1.033766478e-05
17.62640839,7.185481312e-06
17.63395071,4.00359888e-06
17.64149303,4.006274657e-06
17.64903536,2.33372955e-06
17.65657768,7.070595179e-06
17.66412000,5.745695386e-06
17.67166232,4.5441298e-06
17.67920465,5.835381281e-06
17.68674697,8.247814793e-06
17.69428929,1.414162192e-06
17.70183162,5.601463592e-06
17.70937394,1.772301732e-06
17.71691626,4.861510601e-06
17.72445858,7.968773641e-06
17.73200091,7.978676904e-06
17.73954323,1.625689405e-06
17.74708555,4.317162484e-06
17.75462787,5.796429719e-06
17.76217020,4.876435e-06
17.76971252,2.029845186e-06
17.77725484,6.322440435e-06
17.78479717,5.753208835e-06
17.79233949,8.116537683e-06
17.79988181,8.340668879e-06
17.80742413,8.59999507e-06
17.81496646,3.094056175e-06
17.82250878,2.375278601e-06
17.83005110,2.8181203e-06
17.83759343,4.30472534e-06
17.84513575,3.741482831e-06
17.85267807,1.135118633e-06
17.86022039,3.892422107e-06
17.86776272,4.683529745e-06
17.87530504,5.155560074e-06
17.88284736,6.699351465e-06
17.89038969,7.767055718e-06
17.89793201,2.391209614e-06
17.90547433,3.225455486e-06
17.91301665,1.053377838e-06
17.92055898,4.087890334e-06
17.92810130,9.512690123e-06
17.93564362,8.678454707e-06
17.94318595,1.032567313e-05
17.95072827,1.024285735e-05
17.95827059,5.231417771e-06
17.96581291,2.774472942e-06
17.97335524,3.057847309e-06
17.98089756,7.56407323e-06
17.98843988,4.566118425e-06
17.99598220,3.791494835e-06
18.00352453,7.724202587e-06
18.01106685,7.21971919e-06
18.01860917,7.632816788e-06
18.02615150,3.220249349e-06
18.03369382,4.416409411e-06
18.04123614,4.935609284e-06
18.04877846,7.702573285e-06
18.05632079,4.62482546e-06
18.06386311,2.551027299e-06
18.07140543,1.918426376e-06
18.07894776,1.137535136e-05
18.08649008,1.013086786e-05
18.09403240,1.092202673e-05
18.10157472,9.865239975e-06
18.10911705,2.027161814e-06
18.11665937,4.831300204e-06
18.12420169,5.477313206e-06
18.13174402,5.657263346e-06
18.13928634,4.034318863e-06
18.14682866,9.081762221e-06
18.15437098,2.24311048e-06
18.16191331,2.500947641e-06
18.16945563,2.614739775e-06
18.17699795,1.770464056e-06
18.18454027,1.036492961e-05
18.19208260,8.563163916e-06
18.19962492,1.703946668e-06
18.20716724,3.795147459e-06
18.21470957,2.0186933e-06
18.22225189,5.204904451e-06
18.22979421,6.551640109e-06
18.23733653,6.257028568e-06
18.24487886,4.801213037e-06
18.25242118,7.04015731e-06
18.25996350,1.484930586e-05
18.26750583,9.737693255e-06
18.27504815,1.005586858e-05
18.28259047,8.450511575e-06
18.29013279,8.204394107e-06
18.29767512,5.210500945e-06
18.30521744,1.076652089e-05
18.31275976,5.486355699e-06
18.32030209,7.59645714e-06
18.32784441,1.472049059e-05
18.33538673,6.808639606e-06
18.34292905,6.544091597e-06
18.35047138,8.932522651e-06
18.35801370,6.849975304e-06
18.36555602,5.916566624e-07
18.37309834,4.80931795e-06
18.38064067,1.023294231e-05
18.38818299,4.830353176e-06
18.39572531,4.177004976e-06
18.40326764,3.877099339e-06
18.41080996,2.998707772e-06
18.41835228,5.242850192e-06
18.42589460,8.471212623e-06
18.43343693,5.264183139e-06
18.44097925,3.285001907e-06
18.44852157,5.765709085e-06
18.45606390,7.745007532e-06
18.46360622,3.808342189e-06
18.47114854,8.568772456e-06
18.47869086,3.3066852e-06
18.48623319,4.308440886e-06
18.49377551,4.607911058e-06
18.50131783,1.088428432e-05
18.50886016,1.11590249e-05
18.51640248,7.143149235e-06
18.52394480,6.90536526e-06
18.53148712,7.247869066e-06
18.53902945,2.80344901e-06
18.54657177,5.285473911e-06
18.55411409,1.005093349e-05
18.56165641,1.398484033e-05
18.56919874,1.827886782e-05
18.57674106,7.188351584e-06
18.58428338,4.686984264e-06
18.59182571,5.447248006e-06
18.59936803,4.326471168e-06
18.60691035,3.577407509e-06
18.61445267,2.415667585e-06
18.62199500,1.511354509e-06
18.62953732,8.845573228e-06
18.63707964,7.330007124e-06
18.64462197,8.176295099e-06
18.65216429,5.996702443e-07
18.65970661,4.028486813e-06
18.66724893,2.985800477e-06
18.67479126,3.39806468e-06
18.68233358,1.427122291e-06
18.68987590,4.898646435e-06
18.69741823,4.787824591e-06
18.70496055,3.767962538e-06
18.71250287,5.300179945e-06
18.72004519,7.386968869e-06
18.72758752,1.910670046e-06
18.73512984,1.520867444e-06
18.74267216,3.194323159e-06
18.75021448,3.56608296e-06
18.75775681,5.688199384e-06
18.76529913,3.57763748e-06
18.77284145,1.084699103e-05
18.78038378,5.902745842e-06
18.78792610,8.09106015e-06
18.79546842,2.247900568e-06
18.80301074,3.690830078e-06
18.81055307,6.27347987e-06
18.81809539,1.137147598e-05
18.82563771,1.455993496e-05
18.83318004,8.867539077e-06
18.84072236,1.242531207e-06
18.84826468,2.747074104e-06
18.85580700,4.259389836e-06
18.86334933,1.388447397e-06
18.87089165,4.157372088e-06
18.87843397,6.74573229e-06
18.88597630,5.385764515e-06
18.89351862,2.359314627e-06
18.90106094,3.261666876e-06
18.90860326,4.87184758e-06
18.91614559,3.641030921e-06
18.92368791,6.362184154e-06
18.93123023,7.613242886e-06
18.93877255,5.268463763e-06
18.94631488,6.238792543e-06
18.95385720,2.397577571e-06
18.96139952,5.947024722e-06
18.96894185,2.719217413e-06
18.97648417,4.165941795e-06
18.98402649,7.552940936e-06
18.99156881,9.16965604e-06
18.99911114,7.027656483e-06
19.00665346,4.997550116e-06
19.01419578,3.279498766e-06
19.02173811,4.187692787e-06
19.02928043,5.417940691e-06
19.03682275,5.524691528e-06
19.04436507,7.311545323e-06
19.05190740,8.83428556e-06
19.05944972,6.964981569e-06
19.06699204,4.286567258e-06
19.07453437,3.681071598e-06
19.08207669,9.308180564e-07
19.08961901,1.959902848e-06
19.09716133,3.15160485e-06
19.10470366,7.007359783e-06
19.11224598,9.230298276e-06
19.11978830,1.322198155e-05
19.12733062,1.119948266e-05
19.13487295,3.782392421e-06
19.14241527,8.225374913e-06
19.14995759,8.440553679e-06
19.15749992,4.395977415e-06
19.16504224,7.354114597e-06
19.17258456,9.863161789e-06
19.18012688,1.997782887e-06
19.18766921,3.405805787e-06
19.19521153,3.414935554e-06
19.20275385,1.228053025e-05
19.21029618,1.175738164e-05
19.21783850,8.519980656e-06
19.22538082,8.906415231e-06
19.23292314,2.219510972e-06
19.24046547,1.571194583e-06
19.24800779,3.482664199e-06
19.25555011,1.056445619e-05
19.26309244,7.552746098e-06
19.27063476,7.171891585e-07
19.27817708,3.405426991e-07
19.28571940,3.43530663e-06
19.29326173,2.174718375e-06
19.30080405,8.482147891e-06
19.30834637,9.296466901e-06
19.31588869,8.651351235e-06
19.32343102,1.001859014e-05
19.33097334,7.346474204e-06
19.33851566,7.279840554e-06
19.34605799,1.455992942e-06
19.35360031,2.780216327e-06
19.36114263,4.874834249e-06
19.36868495,5.881802966e-06
19.37622728,7.245657768e-06
19.38376960,4.88888082e-06
19.39131192,7.265538578e-06
19.39885425,1.600812155e-06
19.40639657,6.332385316e-06
19.41393889,7.12421414e-06
19.42148121,7.88021551e-06
19.42902354,5.608835292e-06
19.43656586,8.945640691e-06
19.44410818,6.705540816e-06
19.45165051,7.800712088e-06
19.45919283,3.635397456e-06
19.46673515,8.575466905e-06
19.47427747,1.117365177e-05
19.48181980,4.259773253e-06
19.48936212,7.766309967e-06
19.49690444,1.269946238e-05
19.50444676,1.037178578e-05
19.51198909,8.952074102e-06
19.51953141,2.97412421e-06
19.52707373,7.832886276e-06
19.53461606,9.572976607e-06
19.54215838,4.370006998e-06
19.54970070,1.221493513e-05
19.55724302,1.164040855e-05
19.56478535,4.532599725e-06
19.57232767,3.515111184e-06
19.57986999,9.385648093e-06
19.58741232,1.066114488e-05
19.59495464,5.640877271e-06
19.60249696,5.49131575e-06
19.61003928,1.040737284e-05
19.61758161,6.094724264e-06
19.62512393,4.07668469e-06
19.63266625,5.4703565e-06
19.64020858,9.948593793e-06
19.64775090,9.596218877e-06
19.65529322,5.888434063e-06
19.66283554,4.08849454e-06
19.67037787,5.315825332e-06
19.67792019,6.192956785e-07
19.68546251,3.050289683e-06
19.69300483,4.85319041e-06
19.70054716,2.394012298e-06
19.70808948,4.630784526e-06
19.71563180,3.040773123e-06
19.72317413,3.099675029e-06
19.73071645,1.427942488e-06
19.73825877,2.266952558e-06
19.74580109,2.459525595e-06
19.75334342,6.789361664e-06
19.76088574,3.39960811e-06
19.76842806,6.536689525e-06
19.77597039,2.929914175e-06
19.78351271,6.91639138e-06
19.79105503,5.147252968e-06
19.79859735,1.671368861e-06
19.80613968,1.627620781e-06
19.81368200,1.641453466e-06
19.82122432,2.409566775e-06
19.82876665,1.514276429e-06
19.83630897,2.699968003e-06
19.84385129,2.491245633e-06
19.85139361,5.344780271e-06
19.85893594,5.466560897e-06
19.86647826,5.14846103e-06
19.87402058,5.026010697e-06
19.88156291,4.366252829e-06
19.88910523,7.629853921e-06
19.89664755,7.164085787e-06
19.90418987,5.280207432e-06
19.91173220,5.206962692e-06
19.91927452,1.124394157e-05
19.92681684,9.495304306e-06
19.93435916,5.595649836e-06
19.94190149,7.251615402e-06
19.94944381,8.796832401e-06
19.95698613,7.66161556e-06
19.96452846,4.884654975e-06
19.97207078,9.84086292e-06
19.97961310,9.132873088e-06
19.98715542,1.416666672e-06
19.99469775,1.722294666e-06
20.00224007,1.740377376e-06
20.00978239,3.159093175e-06
20.01732472,6.39737608e-06
20.02486704,2.029799417e-06
20.03240936,7.322562704e-06
20.03995168,2.773592345e-06
20.04749401,5.639237824e-06
20.05503633,5.19409041e-06
20.06257865,2.85303038e-06
20.07012098,5.740157658e-06
20.07766330,1.049647689e-05
20.08520562,8.948520817e-06
20.09274794,3.782687575e-06
20.10029027,3.903467589e-06
20.10783259,7.342244653e-06
20.11537491,2.539392661e-06
20.12291723,9.395541985e-06
20.13045956,8.076615742e-06
20.13800188,1.241315192e-05
20.14554420,5.626850784e-06
20.15308653,3.949806087e-06
20.16062885,6.074596158e-06
20.16817117,4.763638877e-06
20.17571349,8.7780404e-06
20.18325582,5.989628341e-06
20.19079814,2.869614086e-06
20.19834046,5.175449188e-06
20.20588279,8.234222598e-06
20.21342511,8.852765849e-06
20.22096743,5.358260086e-06
20.22850975,2.673059391e-06
20.23605208,4.081826624e-06
20.24359440,3.415018663e-06
20.25113672,3.234622065e-06
20.25867905,3.03088093e-06
20.26622137,2.478597654e-06
20.27376369,8.442489813e-07
20.28130601,2.0718206e-06
20.28884834,4.048646545e-06
20.29639066,4.734215344e-06
20.30393298,2.202705981e-06
20.31147530,1.548965511e-06
20.31901763,7.295523273e-06
20.32655995,1.070491191e-05
20.33410227,1.357888807e-05
20.34164460,6.683905511e-06
20.34918692,4.885552994e-06
20.35672924,5.071746876e-06
20.36427156,2.075951577e-06
20.37181389,3.115765619e-06
20.37935621,2.773169503e-06
20.38689853,8.847519406e-06
20.39444086,6.623922704e-06
20.40198318,5.779182556e-06
20.40952550,2.2227754e-06
20.41706782,3.87553751e-06
20.42461015,3.015147936e-06
20.43215247,4.516703826e-06
20.43969479,5.802844164e-06
20.44723712,2.583850839e-06
20.45477944,2.903225308e-06
20.46232176,5.27743066e-06
20.46986408,7.492575711e-06
20.47740641,7.324060442e-06
20.48494873,7.282062348e-06
20.49249105,6.040273358e-06
20.50003337,4.331780279e-06
20.50757570,3.80922666e-06
20.51511802,8.81526874e-06
20.52266034,7.134794284e-06
20.53020267,6.360853781e-06
20.53774499,7.171255766e-06
20.54528731,9.80892915e-06
20.55282963,7.075556408e-06
20.56037196,2.388279206e-06
20.56791428,7.167651851e-06
20.57545660,1.44880861e-05
20.58299893,1.125245854e-05
20.59054125,5.285461032e-06
20.59808357,8.024880056e-06
20.60562589,9.308706714e-06
20.61316822,3.74759198e-07
20.62071054,4.197072803e-06
20.62825286,2.548046832e-06
20.63579519,5.287159922e-06
20.64333751,9.462315276e-06
20.65087983,1.238203898e-05
20.65842215,7.78037233e-06
20.66596448,4.394613228e-06
20.67350680,4.228238156e-06
20.68104912,3.783044529e-06
20.68859144,2.122000348e-06
20.69613377,5.517169609e-06
20.70367609,8.350288568e-06
20.71121841,2.911989282e-06
20.71876074,1.743240393e-06
20.72630306,6.090983274e-06
20.73384538,3.881680488e-06
20.74138770,7.774555115e-06
20.74893003,8.101038567e-06
20.75647235,9.07677936e-06
20.76401467,7.216412358e-06
20.77155700,8.244632328e-06
20.77909932,1.497100528e-05
20.78664164,6.906537836e-06
20.79418396,6.546793739e-06
20.80172629,1.899992735e-06
20.80926861,2.961992469e-06
20.81681093,4.696377942e-06
20.82435326,8.832915419e-06
20.83189558,8.702687783e-06
20.83943790,9.781129229e-06
20.84698022,4.27017598e-06
20.85452255,3.14926468e-06
20.86206487,2.722335379e-06
20.86960719,1.100075322e-06
20.87714951,5.551855017e-06
20.88469184,7.34817626e-06
20.89223416,6.458698041e-06
20.89977648,9.930798966e-06
20.90731881,6.000790749e-06
20.91486113,2.124896666e-06
20.92240345,7.279112051e-07
20.92994577,8.160884104e-06
20.93748810,6.695910681e-06
20.94503042,6.103682067e-06
20.95257274,8.641422615e-06
20.96011507,6.45067021e-06
20.96765739,4.342741559e-06
20.97519971,4.203434936e-06
20.98274203,2.340314758e-06
20.99028436,5.336641079e-06
20.99782668,4.867185616e-06
21.00536900,4.657495768e-06
21.01291133,4.592484268e-06
21.02045365,2.715010475e-06
21.02799597,1.532423146e-06
21.03553829,1.195501574e-06
21.04308062,5.554552435e-06
21.05062294,2.495789502e-06
21.05816526,3.567661838e-06
21.06570758,6.649600762e-06
21.07324991,5.33763534e-06
21.08079223,1.73378627e-06
21.08833455,4.859913166e-06
21.09587688,8.64987634e-06
21.10341920,8.16502498e-06
21.11096152,5.817832629e-06
21.11850384,4.407856476e-06
21.12604617,7.077779607e-06
21.13358849,1.931482845e-06
21.14113081,2.100183774e-06
21.14867314,3.675764493e-06
21.15621546,3.215076675e-06
21.16375778,3.706385444e-07
21.17130010,2.921664499e-06
21.17884243,6.485356324e-06
21.18638475,1.876046948e-06
21.19392707,9.120449482e-06
21.20146940,4.200603715e-06
21.20901172,5.267980272e-06
21.21655404,2.595537163e-06
21.22409636,4.826956562e-06
21.23163869,2.163681088e-06
21.23918101,6.376984824e-07
21.24672333,3.641448667e-06
21.25426565,7.743153141e-06
21.26180798,7.317679455e-06
21.26935030,5.472933529e-06
21.27689262,6.023924862e-06
21.28443495,2.595306525e-06
21.29197727,5.083140723e-06
21.29951959,6.547857327e-06
21.30706191,2.278863764e-06
21.31460424,1.370599749e-06
21.32214656,4.304763161e-06
21.32968888,9.960286024e-06
21.33723121,8.259058025e-06
21.34477353,8.134658152e-06
21.35231585,8.028585615e-06
21.35985817,7.040999114e-06
21.36740050,1.015851656e-05
21.37494282,1.25344178e-05
21.38248514,1.068424074e-05
21.39002747,6.801357966e-06
21.39756979,2.827381311e-06
21.40511211,6.212391018e-06
21.41265443,6.823521359e-06
21.42019676,7.082260926e-06
21.42773908,2.122208225e-06
21.43528140,3.844990334e-06
21.44282372,8.234665915e-06
21.45036605,2.726092045e-06
21.45790837,8.209894288e-06
21.46545069,3.246808296e-06
21.47299302,6.326047232e-06
21.48053534,1.293507497e-06
21.48807766,4.924522125e-06
21.49561998,6.827772039e-06
21.50316231,5.85164912e-06
21.51070463,1.294636355e-06
21.51824695,8.919626887e-07
21.52578928,7.267242576e-06
21.53333160,8.953405805e-06
21.54087392,7.887181717e-06
21.54841624,5.312542487e-06
21.55595857,4.839353876e-06
21.56350089,5.574693767e-06
21.57104321,4.28206222e-06
21.57858554,2.246586886e-06
21.58612786,5.870074293e-06
21.59367018,1.171026449e-05
21.60121250,7.305375438e-06
21.60875483,8.792933304e-06
21.61629715,8.177714314e-06
21.62383947,3.323202059e-06
21.63138180,1.634482666e-06
21.63892412,4.672661677e-06
21.64646644,4.769082764e-06
21.65400876,3.546199471e-06
21.66155109,9.433143774e-06
21.66909341,1.044573276e-05
21.67663573,1.136390101e-05
21.68417805,9.152416303e-06
21.69172038,4.060193473e-06
21.69926270,3.610619281e-06
21.70680502,8.803587634e-06
21.71434735,7.502105479e-06
21.72188967,7.756347473e-06
21.72943199,5.717065161e-06
21.73697431,4.613450463e-06
21.74451664,2.467608624e-06
21.75205896,3.219846793e-06
21.75960128,5.62365345e-06
21.76714361,9.043573255e-06
21.77468593,1.185494742e-05
21.78222825,8.409320532e-06
21.78977057,2.438298611e-06
21.79731290,1.533143006e-06
21.80485522,3.772371648e-06
21.81239754,2.104183989e-06
21.81993987,2.3676263e-06
21.82748219,4.01913565e-06
21.83502451,7.718665956e-06
21.84256683,4.46306986e-06
21.85010916,6.550416645e-06
21.85765148,1.434629586e-06
21.86519380,6.839121563e-07
21.87273612,3.764827922e-06
21.88027845,4.415838304e-06
21.88782077,5.010275381e-06
21.89536309,3.335985756e-06
21.90290542,2.792307857e-06
21.91044774,1.377597381e-06
21.91799006,4.679900497e-06
21.92553238,5.868615011e-06
21.93307471,1.673300914e-06
21.94061703,2.925604826e-06
21.94815935,2.532632941e-06
21.95570168,5.914517629e-06
21.96324400,8.743870958e-06
21.97078632,7.122829047e-06
21.97832864,4.313543453e-06
21.98587097,2.675014184e-06
21.99341329,6.029128954e-06
22.00095561,3.969361447e-06
22.00849794,6.203443297e-06
22.01604026,1.378067541e-06
22.02358258,5.918263644e-06
22.03112490,4.443708496e-06
22.03866723,1.615557533e-06
22.04620955,4.913376134e-06
22.05375187,6.856399975e-06
22.06129419,9.280988788e-07
22.06883652,1.703577332e-06
22.07637884,2.114206562e-06
22.08392116,4.663406438e-06
22.09146349,1.004579961e-05
22.09900581,4.745134448e-06
22.10654813,5.329964763e-06
22.11409045,1.724888051e-06
22.12163278,4.290122644e-06
22.12917510,5.227630786e-06
22.13671742,2.955903194e-06
22.14425975,7.223953776e-06
22.15180207,7.332249712e-06
22.15934439,4.777290462e-06
22.16688671,4.410526258e-06
22.17442904,6.219625865e-06
22.18197136,7.748195531e-06
22.18951368,6.169717853e-06
22.19705601,3.719892969e-06
22.20459833,7.475803754e-06
22.21214065,3.936295325e-06
22.21968297,5.749982654e-06
22.22722530,6.296676979e-06
22.23476762,5.163311789e-06
22.24230994,3.956448846e-06
22.24985226,1.550096539e-06
22.25739459,5.135615719e-06
22.26493691,3.402641581e-06
22.27247923,7.696201707e-06
22.28002156,4.245949166e-06
22.28756388,4.740270681e-06
22.29510620,4.207078224e-06
22.30264852,6.26775637e-06
22.31019085,5.310846676e-06
22.31773317,6.24252467e-06
22.32527549,6.962244165e-06
22.33281782,1.163844362e-05
22.34036014,1.262077363e-05
22.34790246,9.792683978e-06
22.35544478,5.122461706e-06
22.36298711,4.675917559e-06
22.37052943,4.184232278e-06
22.37807175,9.786780038e-06
22.38561408,8.176791653e-06
22.39315640,5.006730184e-06
22.40069872,4.624589151e-06
22.40824104,2.781459655e-06
22.41578337,6.598892348e-06
22.42332569,6.6629385e-06
22.43086801,7.519524872e-06
22.43841033,4.527809558e-06
22.44595266,1.741613662e-06
22.45349498,2.586289508e-06
22.46103730,1.892025976e-06
22.46857963,1.586564931e-06
22.47612195,4.325881028e-06
22.48366427,7.087181861e-07
22.49120659,2.327137467e-06
22.49874892,4.166818421e-06
22.50629124,8.77018015e-06
22.51383356,4.909730005e-06
22.52137589,4.129682185e-06
22.52891821,3.827027559e-06
22.53646053,1.36946829e-06
22.54400285,2.372133702e-06
22.55154518,5.216081268e-06
22.55908750,1.061059902e-05
22.56662982,7.523618578e-06
22.57417215,6.747840616e-06
22.58171447,6.579871775e-06
22.58925679,2.464650826e-06
22.59679911,3.182474928e-06
22.60434144,6.402649721e-06
22.61188376,9.261195177e-06
22.61942608,9.795567309e-06
22.62696840,6.25324185e-06
22.63451073,4.644543996e-06
22.64205305,1.553473754e-06
22.64959537,3.804902932e-06
22.65713770,7.055657032e-06
22.66468002,5.235373185e-06
22.67222234,5.1610427e-06
22.67976466,4.355917238e-06
22.68730699,1.732571717e-06
22.69484931,4.733227237e-06
22.70239163,1.595435493e-06
22.70993396,2.604007888e-06
22.71747628,2.030459629e-06
22.72501860,1.938184472e-06
22.73256092,2.763162159e-06
22.74010325,8.804298731e-07
22.74764557,2.574637385e-06
22.75518789,2.867280826e-06
22.76273022,4.8862338e-06
22.77027254,7.036819572e-06
22.77781486,4.157055349e-06
22.78535718,4.594503954e-06
22.79289951,5.15399227e-06
22.80044183,4.313199702e-06
22.80798415,2.860609264e-06
22.81552647,6.562025864e-07
22.82306880,3.879444997e-06
22.83061112,3.264152801e-06
22.83815344,2.437620329e-06
22.84569577,4.93424715e-06
22.85323809,5.875278475e-06
22.86078041,1.906648371e-06
22.86832273,4.438412965e-06
22.87586506,4.366437934e-06
22.88340738,6.436595456e-06
22.89094970,5.307642576e-06
22.89849203,6.901807142e-06
22.90603435,5.103429022e-06
22.91357667,2.039713281e-06
22.92111899,1.879207055e-06
22.92866132,3.404104059e-06
22.93620364,4.846645806e-06
22.94374596,2.761603308e-06
22.95128829,3.231280692e-06
22.95883061,2.461204205e-06
22.96637293,6.247738208e-06
22.97391525,5.294247494e-06
22.98145758,3.836647115e-06
22.98899990,2.793521377e-06
22.99654222,6.869654599e-06
23.00408454,7.671752178e-06
23.01162687,7.916412436e-06
23.01916919,8.537113947e-06
23.02671151,7.070895049e-06
23.03425384,7.697063492e-06
23.04179616,4.357773542e-06
23.04933848,4.812809323e-06
23.05688080,2.377435224e-06
23.06442313,3.275057225e-06
23.07196545,3.006093308e-06
23.07950777,4.592245533e-06
23.08705010,1.987054616e-06
23.09459242,2.095414843e-06
23.10213474,2.357677684e-06
23.10967706,4.355749917e-06
23.11721939,2.350613538e-06
23.12476171,3.640371719e-06
23.13230403,4.563747447e-06
23.13984636,6.087888927e-06
23.14738868,1.001274349e-05
23.15493100,6.419437728e-06
23.16247332,2.88870535e-06
23.17001565,4.668300449e-06
23.17755797,4.664366205e-06
23.18510029,4.404002818e-06
23.19264261,1.890500462e-06
23.20018494,4.349200075e-06
23.20772726,7.815180555e-06
23.21526958,4.12518133e-06
23.22281191,4.000646797e-06
23.23035423,4.279992088e-06
23.23789655,7.78690035e-06
23.24543887,7.098906942e-06
23.25298120,3.318695202e-06
23.26052352,2.673655249e-06
23.26806584,7.121419854e-07
23.27560817,5.713656324e-06
23.28315049,4.549516256e-06
23.29069281,2.29954336e-06
23.29823513,2.808179693e-06
23.30577746,6.192525156e-06
23.31331978,1.998517059e-06
23.32086210,1.984342859e-06
23.32840443,1.226849296e-06
23.33594675,3.337264012e-06
23.34348907,4.234523049e-06
23.35103139,8.867346538e-06
23.35857372,8.260568285e-06
23.36611604,8.528018315e-06
23.37365836,6.306029414e-06
23.38120068,2.991874422e-06
23.38874301,2.656678204e-06
23.39628533,4.400244933e-06
23.40382765,3.431971372e-06
23.41136998,7.448595989e-06
23.41891230,5.996048725e-06
23.42645462,3.637571494e-06
23.43399694,3.811872115e-06
23.44153927,5.56269436e-06
23.44908159,6.63001306e-06
23.45662391,4.242970901e-06
23.46416624,4.838849705e-06
23.47170856,2.872659455e-06
23.47925088,3.491751995e-06
23.48679320,4.862963938e-06
23.49433553,9.043360571e-06
23.50187785,6.561750244e-06
23.50942017,6.4886182e-06
23.51696250,2.186906653e-06
23.52450482,1.451094288e-06
23.53204714,5.051797926e-06
23.53958946,5.171512928e-06
23.54713179,2.799061937e-06
23.55467411,2.5571995e-06
23.56221643,3.216102572e-06
23.56975876,9.797529756e-07
23.57730108,1.590396028e-06
23.58484340,5.289987521e-06
23.59238572,3.262484581e-06
23.59992805,9.847961257e-06
23.60747037,6.850394479e-06
23.61501269,6.240714833e-06
23.62255501,4.991519604e-06
23.63009734,2.407280629e-06
23.63763966,2.195890892e-06
23.64518198,1.887355731e-06
23.65272431,2.666396513e-06
23.66026663,1.909488169e-06
23.66780895,3.207995994e-06
23.67535127,4.830789525e-06
23.68289360,3.397884641e-06
23.69043592,3.090995248e-06
23.69797824,1.922965158e-06
23.70552057,3.479906125e-06
23.71306289,1.201952174e-06
23.72060521,2.763761978e-06
23.72814753,1.829318708e-06
23.73568986,3.727004877e-06
23.74323218,3.200955837e-06
23.75077450,2.874733536e-06
23.75831683,2.81076753e-06
23.76585915,4.874884962e-06
23.77340147,8.122425144e-06
23.78094379,6.599617188e-06
23.78848612,3.236266568e-06
23.79602844,3.927784524e-06
23.80357076,4.910327421e-06
23.81111308,5.444619545e-06
23.81865541,3.839908339e-06
23.82619773,5.290925157e-06
23.83374005,1.132723859e-06
23.84128238,3.302062599e-06
23.84882470,2.755940316e-06
23.85636702,4.885605333e-06
23.86390934,1.727812554e-06
23.87145167,1.296623194e-06
23.87899399,5.087520816e-06
23.88653631,3.253636109e-06
23.89407864,4.271661155e-06
23.90162096,2.938709123e-06
23.90916328,2.203877127e-06
23.91670560,2.8206348e-06
23.92424793,5.26217571e-06
23.93179025,4.561485851e-06
23.93933257,6.39708075e-06
23.94687490,7.742268348e-06
23.95441722,7.765965658e-06
23.96195954,7.439880469e-06
23.96950186,2.811720429e-06
23.97704419,1.141316199e-06
