t_s,theta_rad,amplitude_rad,kind
0.3336,0.5593115607828055,0.5605447488421174,peak
0.68805,-0.5596349478171945,0.5584017597578826,trough
1.0425,0.5495083769828055,0.5507415650421174,peak
1.39695,-0.5473976896171945,0.5461645015578827,trough
1.77225,0.5354700409828056,0.5367032290421174,peak
2.1267,-0.5381131922171944,0.5368800041578826,trough
2.48115,0.5226473570828055,0.5238805451421173,peak
2.85645,-0.5237633868171945,0.5225301987578826,trough
3.2109,0.5112957706828055,0.5125289587421173,peak
3.56535,-0.5142709421171945,0.5130377540578827,trough
3.9198,0.4995254681828056,0.5007586562421175,peak
4.27425,-0.5010381606171944,0.49980497255788253,trough
4.64955,0.48803549488280557,0.48926868294211745,peak
5.004,-0.4898644067171944,0.4886312186578825,trough
5.35845,0.4790738457828056,0.4803070338421175,peak
5.7129,-0.47718700251719437,0.4759538144578825,trough
6.06735,0.4642363882828056,0.4654695763421175,peak
6.44265,-0.4630584826171944,0.4618252945578825,trough
6.7971,0.4524821538828056,0.4537153419421175,peak
7.15155,-0.4570114364171944,0.4557782483578825,trough
7.506,0.4423087938828056,0.44354198194211747,peak
7.86045,-0.4446001607171944,0.4433669726578825,trough
8.23575,0.4300540894828056,0.4312872775421175,peak
8.5902,-0.4304182415171944,0.4291850534578825,trough
8.94465,0.4210394200828056,0.4222726081421175,peak
9.2991,-0.4202791682171944,0.4190459801578825,trough
9.65355,0.4096795431828056,0.41091273124211747,peak
10.008,-0.4104743803171944,0.4092411922578825,trough
10.36245,0.4004766655828056,0.4017098536421175,peak
10.7169,-0.3974640348171944,0.3962308467578825,trough
11.07135,0.39015843118280563,0.3913916192421175,peak
11.44665,-0.3874928814171944,0.3862596933578825,trough
11.8011,0.3786825985828056,0.3799157866421175,peak
12.15555,-0.3795952627171944,0.3783620746578825,trough
12.51,0.3710299052828056,0.3722630933421175,peak
12.86445,-0.3687354870171944,0.3675022989578825,trough
13.2189,0.3635784457828056,0.3648116338421175,peak
13.57335,-0.35639370711719437,0.3551605190578825,trough
13.9278,0.3533189701828056,0.3545521582421175,peak
14.28225,-0.3487676003171944,0.3475344122578825,trough
14.6367,0.3417847196828056,0.3430179077421175,peak
14.99115,-0.3407326194171944,0.3394994313578825,trough
15.3456,0.3347896528828056,0.3360228409421175,peak
15.70005,-0.3299748563171944,0.32874166825788254,trough
16.0545,0.3241214903828056,0.32535467844211746,peak
16.40895,-0.3227446174171944,0.3215114293578825,trough
16.7634,0.3133987130828056,0.3146319011421175,peak
17.11785,-0.3139902770171944,0.3127570889578825,trough
17.4723,0.30446797278280563,0.3057011608421175,peak
17.82675,-0.3069137001171944,0.3056805120578825,trough
18.1812,0.2960950391828056,0.2973282272421175,peak
18.53565,-0.2954886040171944,0.2942554159578825,trough
18.8901,0.2887383733828056,0.2899715614421175,peak
19.24455,-0.2900950186171944,0.2888618305578825,trough
19.599,0.2813712721828056,0.2826044602421175,peak
19.95345,-0.2810131822171944,0.2797799941578825,trough
20.3079,0.2759717383828056,0.27720492644211747,peak
20.66235,-0.2747653315171944,0.2735321434578825,trough
21.0168,0.2662674197828056,0.2675006078421175,peak
21.37125,-0.27024020771719437,0.2690070196578825,trough
21.7257,0.2591767545828056,0.2604099426421175,peak
22.08015,-0.2642352700171944,0.2630020819578825,trough
22.4346,0.2521302642828056,0.2533634523421175,peak
22.78905,-0.2564791055171944,0.2552459174578825,trough
23.1435,0.24320358338280562,0.2444367714421175,peak
23.49795,-0.24863859881719438,0.2474054107578825,trough
23.8524,0.23941378558280563,0.2406469736421175,peak
24.20685,-0.2435300367171944,0.2422968486578825,trough
24.5613,0.23376709558280562,0.2350002836421175,peak
24.91575,-0.2382982383171944,0.23706505025788252,trough
25.2702,0.2286572379828056,0.22989042604211748,peak
25.62465,-0.22858231221719438,0.2273491241578825,trough
25.9791,0.2234055583828056,0.22463874644211748,peak
26.3127,-0.2215667823171944,0.22033359425788251,trough
26.688,0.2176468597828056,0.21888004784211748,peak
27.0216,-0.2128561724171944,0.21162298435788252,trough
27.37605,0.2132851016828056,0.21451828974211748,peak
27.7305,-0.2090288232171944,0.20779563515788252,trough
28.08495,0.2068082924828056,0.2080414805421175,peak
28.4394,-0.2026790194171944,0.20144583135788252,trough
28.79385,0.2027442094828056,0.2039773975421175,peak
29.1483,-0.19878107331719438,0.1975478852578825,trough
29.50275,0.1951935656828056,0.1964267537421175,peak
29.8572,-0.1977048067171944,0.1964716186578825,trough
30.21165,0.1884582498828056,0.18969143794211749,peak
30.5661,-0.19274118491719439,0.1915079968578825,trough
30.92055,0.1835472618828056,0.18478044994211748,peak
31.25415,-0.1853618201171944,0.18412863205788252,trough
31.6086,0.1780529744828056,0.1792861625421175,peak
31.96305,-0.1809701553171944,0.17973696725788252,trough
32.3175,0.1762839583828056,0.1775171464421175,peak
32.67195,-0.17653560251719438,0.1753024144578825,trough
33.0264,0.1722560787828056,0.1734892668421175,peak
33.38085,-0.1737268752171944,0.17249368715788252,trough
33.7353,0.1683588597828056,0.16959204784211748,peak
34.08975,-0.1689837999171944,0.1677506118578825,trough
34.42335,0.1659901892828056,0.16722337734211748,peak
34.7778,-0.1679968692171944,0.1667636811578825,trough
35.13225,0.1659022731828056,0.16713546124211748,peak
35.4867,-0.1635381858171944,0.1623049977578825,trough
35.84115,0.1633874381828056,0.16462062624211748,peak
36.1956,-0.1618348283171944,0.1606016402578825,trough
36.55005,0.1643769345828056,0.1656101226421175,peak
36.9045,-0.15869814721719439,0.1574649591578825,trough
37.2381,0.1588628094828056,0.16009599754211748,peak
37.59255,-0.15834289891719439,0.1571097108578825,trough
37.947,0.1586384127828056,0.1598716008421175,peak
38.30145,-0.1603387515171944,0.15910556345788252,trough
38.6559,0.1549345300828056,0.1561677181421175,peak
39.01035,-0.1607526748171944,0.15951948675788252,trough
39.3648,0.15171493708280562,0.1529481251421175,peak
39.71925,-0.1557200762171944,0.1544868881578825,trough
40.05285,0.1536612790828056,0.1548944671421175,peak
40.4073,-0.15335365961719438,0.1521204715578825,trough
40.76175,0.1512030736828056,0.1524362617421175,peak
41.1162,-0.1552590373171944,0.1540258492578825,trough
41.47065,0.1477181346828056,0.14895132274211748,peak
41.8251,-0.1523143485171944,0.1510811604578825,trough
42.17955,0.1462274818828056,0.14746066994211748,peak
42.51315,-0.1503098489171944,0.14907666085788251,trough
42.8676,0.14659418078280562,0.1478273688421175,peak
43.22205,-0.1503107999171944,0.1490776118578825,trough
43.5765,0.14424217498280562,0.1454753630421175,peak
43.93095,-0.1463152830171944,0.14508209495788252,trough
44.2854,0.1446699354828056,0.14590312354211749,peak
44.63985,-0.1449036413171944,0.14367045325788252,trough
44.9943,0.1420244611828056,0.14325764924211748,peak
45.3279,-0.1444596196171944,0.1432264315578825,trough
45.68235,0.1414141614828056,0.1426473495421175,peak
46.0368,-0.1444310357171944,0.14319784765788252,trough
46.39125,0.1383305423828056,0.13956373044211748,peak
46.7457,-0.1426324156171944,0.1413992275578825,trough
47.10015,0.1387493580828056,0.1399825461421175,peak
47.43375,-0.13967848141719438,0.1384452933578825,trough
47.80905,0.1370210581828056,0.1382542462421175,peak
48.14265,-0.1384387314171944,0.13720554335788251,trough
48.4971,0.1357164596828056,0.1369496477421175,peak
48.85155,-0.1387653189171944,0.13753213085788252,trough
49.206,0.1331637663828056,0.1343969544421175,peak
49.56045,-0.1374588893171944,0.13622570125788253,trough
49.9149,0.1319168241828056,0.13315001224211748,peak
50.2485,-0.1376962792171944,0.13646309115788252,trough
50.60295,0.1284385529828056,0.12967174104211748,peak
50.9574,-0.13414993441719442,0.13291674635788253,trough
51.31185,0.1292288554828056,0.1304620435421175,peak
51.6663,-0.1344820967171944,0.13324890865788253,trough
52.02075,0.1282177042828056,0.12945089234211749,peak
52.3752,-0.1339244709171944,0.1326912828578825,trough
52.72965,0.12469924678280561,0.1259324348421175,peak
53.06325,-0.1296430900171944,0.12840990195788252,trough
53.4177,0.1265316363828056,0.12776482444211748,peak
53.77215,-0.1275299061171944,0.1262967180578825,trough
54.1266,0.1250077081828056,0.12624089624211748,peak
54.48105,-0.1259709102171944,0.12473772215788252,trough
54.8355,0.1219500692828056,0.12318325734211748,peak
55.18995,-0.1277158397171944,0.12648265165788253,trough
55.5444,0.1209027426828056,0.12213593074211747,peak
55.878,-0.1245163799171944,0.12328319185788253,trough
56.23245,0.1211886178828056,0.12242180594211748,peak
56.5869,-0.1255179720171944,0.12428478395788252,trough
56.94135,0.1200007028828056,0.12123389094211746,peak
57.2958,-0.12003765971719439,0.11880447165788252,trough
57.65025,0.1198947424828056,0.12112793054211747,peak
58.0047,-0.12219145721719439,0.12095826915788252,trough
58.3383,0.11701269428280561,0.11824588234211748,peak
58.69275,-0.1197593164171944,0.11852612835788252,trough
59.0472,0.11594189048280559,0.11717507854211746,peak
59.40165,-0.1206434841171944,0.11941029605788253,trough
59.7561,0.11551684328280559,0.11675003134211746,peak
60.11055,-0.11404715581719439,0.11281396775788252,trough
60.465,0.1142535408828056,0.11548672894211746,peak
60.7986,-0.11443296931719439,0.11319978125788252,trough
61.15305,0.1130346861828056,0.11426787424211747,peak
61.5075,-0.11721004341719439,0.11597685535788252,trough
61.86195,0.11046850848280561,0.11170169654211748,peak
62.2164,-0.1166851461171944,0.11545195805788253,trough
62.57085,0.10955183458280561,0.11078502264211748,peak
62.9253,-0.11308626771719439,0.11185307965788252,trough
63.2589,0.1085367491828056,0.10976993724211748,peak
63.61335,-0.11375967201719439,0.11252648395788252,trough
63.9678,0.10979268458280561,0.11102587264211748,peak
64.32225,-0.1108147247771944,0.10958153671788252,trough
64.6767,0.1081616852828056,0.10939487334211748,peak
65.03115,-0.11097247121719439,0.10973928315788252,trough
65.3856,0.1067363644828056,0.10796955254211747,peak
65.74005,-0.10767454699719439,0.10644135893788252,trough
66.07365,0.1057745917828056,0.10700777984211747,peak
66.4281,-0.1093550172471944,0.10812182918788253,trough
66.78255,0.10415635888280561,0.10538954694211748,peak
67.137,-0.1073847833571944,0.10615159529788253,trough
67.49145,0.10300694168280561,0.10424012974211748,peak
67.8459,-0.1062314549971944,0.10499826693788253,trough
68.1795,0.1020396704828056,0.10327285854211747,peak
68.53395,-0.10473725893719439,0.10350407087788252,trough
68.8884,0.1017143392828056,0.10294752734211747,peak
69.24285,-0.1039670105371944,0.10273382247788253,trough
69.5973,0.1016477007828056,0.10288088884211748,peak
69.95175,-0.0997767332671944,0.09854354520788253,trough
70.28535,0.0999958734828056,0.10122906154211747,peak
70.6398,-0.1010609693071944,0.09982778124788252,trough
70.99425,0.09751189168280561,0.09874507974211748,peak
71.3487,-0.1009903598071944,0.09975717174788253,trough
71.70315,0.09776405018280561,0.09899723824211748,peak
72.0576,-0.09782589446719439,0.09659270640788252,trough
72.41205,0.09676258728280561,0.09799577534211748,peak
72.7665,-0.09720481742719439,0.09597162936788252,trough
73.1001,0.0967917315828056,0.09802491964211747,peak
73.45455,-0.0962941304671944,0.09506094240788253,trough
73.809,0.0946209659828056,0.09585415404211747,peak
74.16345,-0.0967405153871944,0.09550732732788253,trough
74.5179,0.0948414908828056,0.09607467894211748,peak
74.87235,-0.0957936319771944,0.09456044391788253,trough
75.20595,0.09169710068280561,0.09293028874211748,peak
75.5604,-0.0965774570871944,0.09534426902788253,trough
75.91485,0.09082478248280561,0.09205797054211748,peak
76.2693,-0.0945259151271944,0.09329272706788252,trough
76.62375,0.09094324668280561,0.09217643474211748,peak
76.9782,-0.0933329819471944,0.09209979388788253,trough
77.33265,0.09038829398280561,0.09162148204211748,peak
77.6871,-0.0904437070371944,0.08921051897788253,trough
78.0207,0.0885199159828056,0.08975310404211748,peak
78.37515,-0.0920457941271944,0.09081260606788252,trough
78.7296,0.08833978048280561,0.08957296854211748,peak
79.08405,-0.08850666576719439,0.08727347770788252,trough
79.4385,0.0893095995828056,0.09054278764211747,peak
79.79295,-0.0870328931871944,0.08579970512788253,trough
80.12655,0.08699932085280561,0.08823250891211748,peak
80.50185,-0.0856090142271944,0.08437582616788253,trough
80.83545,0.08606646915280561,0.08729965721211748,peak
81.1899,-0.0869803988571944,0.08574721079788253,trough
81.54435,0.0847583561128056,0.08599154417211748,peak
81.8988,-0.0852576724771944,0.08402448441788253,trough
82.25325,0.0827341549928056,0.08396734305211748,peak
82.6077,-0.08366578000719439,0.08243259194788252,trough
82.96215,0.08267699906280561,0.08391018712211748,peak
83.29575,-0.0837136028671944,0.08248041480788253,trough
83.6502,0.08294929247280561,0.08418248053211748,peak
84.00465,-0.08024146510719439,0.07900827704788252,trough
84.33825,0.0827778475228056,0.08401103558211748,peak
84.6927,-0.0775566886971944,0.07632350063788253,trough
85.04715,0.0815373128728056,0.08277050093211748,peak
85.42245,-0.0796201252171944,0.07838693715788253,trough
85.75605,0.0777182364328056,0.07895142449211748,peak
86.1105,-0.08169699769719439,0.08046380963788252,trough
86.46495,0.0761589145828056,0.07739210264211747,peak
86.8194,-0.0820881151171944,0.08085492705788253,trough
87.17385,0.0759278054828056,0.07716099354211747,peak
87.50745,-0.0781430920771944,0.07690990401788253,trough
87.8619,0.0777524378628056,0.07898562592211747,peak
88.21635,-0.07705351121719439,0.07582032315788252,trough
88.5708,0.07299644147280561,0.07422962953211748,peak
88.92525,-0.0759175545371944,0.07468436647788253,trough
89.2797,0.0736340942328056,0.07486728229211748,peak
89.6133,-0.0750580574671944,0.07382486940788253,trough
89.96775,0.0735696977528056,0.07480288581211747,peak
90.3222,-0.0742189954471944,0.07298580738788253,trough
90.67665,0.0737588775428056,0.07499206560211748,peak
91.0311,-0.0722965436771944,0.07106335561788253,trough
91.38555,0.0725893295528056,0.07382251761211747,peak
91.74,-0.0728904154971944,0.07165722743788253,trough
92.09445,0.0699683764528056,0.07120156451211747,peak
92.42805,-0.0692508218471944,0.06801763378788253,trough
92.76165,0.0686915591728056,0.06992474723211747,peak
93.13695,-0.0698390307371944,0.06860584267788253,trough
93.4914,0.0662435765228056,0.06747676458211747,peak
93.84585,-0.0731288572271944,0.07189566916788252,trough
94.2003,0.0655519066928056,0.06678509475211747,peak
94.5339,-0.0688384648271944,0.06760527676788253,trough
94.88835,0.06607451793280561,0.06730770599211748,peak
95.2428,-0.0690498334271944,0.06781664536788252,trough
95.59725,0.0639883822328056,0.06522157029211748,peak
95.9517,-0.0656488785271944,0.06441569046788252,trough
96.2853,0.06422893423280561,0.06546212229211748,peak
96.63975,-0.0673917233471944,0.06615853528788253,trough
97.01505,0.061441725312805597,0.06267491337211747,peak
97.34865,-0.0635357991071944,0.062302611047882525,trough
97.7031,0.0623464695628056,0.06357965762211748,peak
98.05755,-0.0628059551071944,0.06157276704788253,trough
98.412,0.06189100128280559,0.06312418934211747,peak
98.7456,-0.0630070225871944,0.06177383452788253,trough
99.10005,0.06021103971280559,0.061444227772117464,peak
99.4545,-0.0627783527271944,0.061545164667882526,trough
99.80895,0.058246565262805604,0.059479753322117475,peak
100.1634,-0.0619251194371944,0.06069193137788253,trough
100.497,0.0580801932028056,0.05931338126211747,peak
100.8723,-0.0563733632671944,0.05514017520788253,trough
101.2059,0.0583111402828056,0.059544328342117474,peak
101.56035,-0.057714541487194404,0.05648135342788253,trough
101.9148,0.056597191952805596,0.05783038001211747,peak
102.26925,-0.0592120743371944,0.05797888627788253,trough
102.6237,0.0558623632228056,0.05709555128211747,peak
102.9573,-0.0577929298971944,0.05655974183788253,trough
103.31175,0.054330595152805604,0.055563783212117475,peak
103.6662,-0.0575775417771944,0.05634435371788253,trough
104.02065,0.051796784692805596,0.05302997275211747,peak
104.35425,-0.0545675863871944,0.05333439832788253,trough
104.7087,0.052214253402805604,0.053447441462117475,peak
105.06315,-0.0533972409271944,0.05216405286788253,trough
105.4176,0.0523034051128056,0.05353659317211747,peak
105.77205,-0.0519753084071944,0.05074212034788253,trough
106.1265,0.04966401637280559,0.05089720443211746,peak
106.48095,-0.0492212235371944,0.04798803547788253,trough
106.81455,0.05084442814280559,0.05207761620211746,peak
107.169,-0.048180870417194405,0.046947682357882534,trough
107.52345,0.0511053402628056,0.052338528322117474,peak
107.85705,-0.048732547677194406,0.047499359617882535,trough
108.2115,0.0476610938528056,0.04889428191211747,peak
108.5868,-0.0479464303171944,0.04671324225788253,trough
108.9204,0.0476262686928056,0.04885945675211747,peak
109.2957,-0.047956770897194405,0.046723582837882534,trough
109.6293,0.0459404266328056,0.04717361469211747,peak
109.98375,-0.047409110617194404,0.04617592255788253,trough
110.3382,0.0439997354128056,0.04523292347211747,peak
110.69265,-0.0490489380471944,0.04781574998788253,trough
111.02625,0.043916076752805594,0.045149264812117465,peak
111.40155,-0.0457696093671944,0.04453642130788253,trough
111.7143,0.045520454892805595,0.046753642952117466,peak
112.06875,-0.0447668892271944,0.04353370116788253,trough
112.4232,0.041646247032805596,0.04287943509211747,peak
112.77765,-0.0462715525571944,0.04503836449788253,trough
113.1321,0.0399156884728056,0.04114887653211747,peak
113.48655,-0.0435906806871944,0.04235749262788253,trough
113.82015,0.041282917382805595,0.042516105442117466,peak
114.1746,-0.0423252338471944,0.04109204578788253,trough
114.5499,0.0393468807128056,0.04058006877211747,peak
114.8835,-0.040643308797194404,0.03941012073788253,trough
115.23795,0.037319203872805594,0.038552391932117465,peak
115.57155,-0.0408135687771944,0.03958038071788253,trough
115.926,0.037156007702805596,0.03838919576211747,peak
116.28045,-0.040427977117194404,0.03919478905788253,trough
116.6349,0.037805133032805596,0.03903832109211747,peak
116.9685,-0.0385432907771944,0.03731010271788253,trough
117.3438,0.0356058683928056,0.03683905645211747,peak
117.69825,-0.0400635606371944,0.03883037257788253,trough
118.03185,0.034014076852805594,0.035247264912117465,peak
118.3863,-0.0372563112271944,0.03602312316788253,trough
118.7616,0.032689046592805596,0.03392223465211747,peak
119.0952,-0.0355206930171944,0.03428750495788253,trough
119.44965,0.034553249412805596,0.03578643747211747,peak
119.8041,-0.0355253555471944,0.03429216748788253,trough
120.1377,0.0310126259428056,0.03224581400211747,peak
120.49215,-0.0354762422371944,0.03424305417788253,trough
120.82575,0.0322470524928056,0.03348024055211747,peak
120.8466,0.032088182832805595,0.033321370892117466,trough
121.20105,-0.0319409009571944,0.030707712897882527,trough
121.5555,0.032733218982805595,0.033966407042117466,peak
121.90995,-0.0317564221071944,0.030523234047882524,trough
122.2227,0.030942423132805597,0.03217561119211747,peak
122.57715,-0.0300233754971944,0.028790187437882527,trough
122.9316,0.030688029452805597,0.03192121751211747,peak
123.28605,-0.0283490065171944,0.027115818457882527,trough
123.6405,0.0304343792428056,0.03166756730211747,peak
123.99495,-0.0282184345171944,0.026985246457882524,trough
124.32855,0.0292848372128056,0.030518025272117475,peak
124.683,-0.025965807147194403,0.02473261908788253,trough
125.0583,0.0283005541328056,0.029533742192117473,peak
125.41275,-0.0279497470871944,0.026716559027882527,trough
125.74635,0.026320866922805594,0.02755405498211747,peak
126.07995,-0.027959188107194402,0.026726000047882528,trough
126.45525,0.026755370262805597,0.027988558322117472,peak
126.8097,-0.025833116877194404,0.02459992881788253,trough
127.1433,0.0261665438728056,0.027399731932117474,peak
127.49775,-0.0258729642971944,0.024639776237882525,trough
127.83135,0.0244338982728056,0.025667086332117475,peak
128.1858,-0.0235684183471944,0.022335230287882524,trough
128.54025,0.0220352964428056,0.023268484502117475,peak
128.87385,-0.0233778431571944,0.022144655097882524,trough
129.24915,0.0226200432928056,0.023853231352117473,peak
129.6036,-0.0226618568271944,0.021428668767882526,trough
129.91635,0.0226730753628056,0.023906263422117473,peak
130.2708,-0.0243686470171944,0.023135458957882524,trough
130.6461,0.022485374822805597,0.02371856288211747,peak
131.00055,-0.0227667016511944,0.021533513591882526,trough
131.3133,0.0207667986928056,0.021999986752117475,peak
131.6886,-0.022005439775194403,0.02077225171588253,trough
132.04305,0.022131990202805596,0.02336517826211747,peak
132.41835,-0.021245837206194402,0.020012649146882527,trough
