t_s,bob1_x,bob2_x,bob3_x,bob4_x,bob5_x,bob1_v,bob2_v,bob3_v,bob4_v,bob5_v
0.16458589830266354,0.8277746526568037,0.6973084376101046,0.0,-0.5442671639394874,-0.5488237684866787,5.680151377338515,16.356617279308196,19.486267041445753,10.256461300499696,1.9986778359579742
0.841008353986432,-0.994470393770491,-0.5006402345860694,0.0,0.21163524396414707,0.27086807026247167,1.1812094419584116,8.569950117907338,18.434833103236198,15.565553946835848,7.609667438047902
1.6175441853856822,0.8395700567791591,0.3776776900306026,0.0,0.01130095777653442,-0.04512703796208917,0.9747782185249787,4.862443350593042,6.541420184761769,14.059567107306929,17.82881053245562
2.316628797431465,-0.15444408541401722,-0.2937094458364714,0.0,0.45813421425524126,0.5812498588583643,9.064748604525338,23.65464097631212,15.780368291956142,5.83482377614815,-3.952013841514053
2.997169719824852,-0.009504627525852297,0.2557668910354969,0.0,-0.43741989643225354,-0.7780485408181791,-3.2666845642894144,9.332711404026348,12.664985754623775,14.194330659263626,16.880191673057666
3.7582855570244167,0.39258561937997766,0.3043463207621697,0.0,-0.12850709447871422,0.006560564900730034,19.401911323943782,8.83412123798855,7.91653973343356,4.97330594999326,-0.022382353665438393
4.456331918434329,-0.27498290508219225,-0.5368139894861904,0.0,0.34887845168571846,0.3442208905282842,-4.9293819666556,9.120484925459902,17.088893804708942,18.869501017718374,10.487214338319484
5.141221806484892,-0.010512774089171447,-0.19104890346956888,0.0,-0.31564469640207926,-0.8258836925836187,11.183206059926945,17.464508074928265,14.287942952744626,4.508029014965031,-4.110738257343139
5.930462810744094,-0.15539026712085932,-0.12595235767647234,0.0,0.5973883893876772,1.164924201535061,9.31851170727585,7.667252568864347,14.377120865998743,8.90017856005222,1.8498342491548778
6.610080263286962,0.600904819459181,0.41539016472281987,0.0,-0.4275574294952168,-0.7105471497548045,1.227308943372151,5.963748198923336,20.33882823141533,16.866309820491605,4.855169395488604
7.2934831870322645,-0.96187506159901,-0.7206933580525046,0.0,0.3492925580794626,0.13928467366768654,6.875574429272698,6.911902035951535,14.520787023813009,8.674543535278877,2.9567852806758035
8.085480131761349,0.29826418634758567,0.2824145672614097,0.0,0.278527629135111,0.5879054250192917,-4.423425623186449,4.211201272595784,14.879059298389341,16.54619160620793,12.355318724669969
8.766362099369848,-0.014319102692912776,0.17934144434551835,0.0,0.011917397655990196,0.03763748236107312,10.121623186439729,19.34120233229193,15.810773695053854,7.910822219629592,-8.202168363259036
9.461774273176125,-0.38214981470592213,-0.11147457514755486,0.0,0.07322323212818385,-0.16173930501767697,0.6582055119222879,-1.9106799463064466,9.125086008607031,12.918207754599216,18.47484976173253
10.222308984966158,0.8522034870549897,0.43676068270893625,0.0,-0.36184023275512645,-0.3248751605004763,8.26203886547024,14.715808011097694,9.663225168238808,6.965658737762625,2.7343954805008166
10.900384264029812,-0.637523559344476,-0.5128352794816428,0.0,0.2097118470181345,0.398360640275192,-2.8375857898722816,12.956522992881132,13.46841776720578,14.430983860005483,6.336593614713855
11.590446231511349,0.10687472975221919,0.2026284079619323,0.0,-0.6337296105372147,-1.0543919596358342,7.822594483562037,14.996350532765696,5.38392158503256,4.508813265281426,2.6305579608591163
12.383776992675472,-0.026721086419521284,-0.3384904896190343,0.0,0.33043184766022055,0.6228083534412935,10.177398780163967,12.319305966218058,16.51357740076227,3.9717865512754997,-2.9840510980135933
13.058449999913408,0.16225848241593002,-0.026059312690091437,0.0,-0.4176303675233518,-0.7452111275102946,-4.097301227000551,7.096596885538253,15.461855421023607,13.98717737966722,10.684926334784189
13.756957482759905,-0.7047508051246667,-0.6179216966830966,0.0,-0.052987225991709144,-0.16819412273857512,11.41069080488422,13.14050617033664,6.768107875048133,-0.33384018624575595,1.218814035985289
14.537854639145065,-0.16407176860382228,-0.29209431926211815,0.0,0.476706547809805,0.5813822800880089,-2.5715577583115534,3.606377409442585,19.110798083649968,13.26525757837734,7.649429435446717
15.221658478502315,0.1661670896865978,0.1695637974397085,0.0,-0.22232083828273366,-0.6732831601461005,8.697033775591246,12.433218672744335,16.93373368624417,4.719861766410243,-4.009778531669971
15.94522473411068,-0.5293647247660438,-0.5553324399559383,0.0,0.14108525158587623,0.6011723144335396,5.435966074743199,5.572769768481013,2.8503770021556813,7.082919588549963,11.610344217522432
16.693052270555192,0.5751537991600119,0.479732841104774,0.0,-0.19369025191496578,-0.4303164817454076,-1.5917684701232813,6.384111980310367,14.716848818664918,16.270755277862502,5.6611396452562195
17.374495011143704,-0.7547333339147247,-0.3268840004434098,0.0,0.42252126437331766,0.20501556020009234,6.008738470637022,11.146407403891214,11.029695472281608,9.720848513632438,-0.1955577103917356
18.137761899906554,0.34744680602491795,0.09602956942189012,0.0,-0.04590062190848379,0.39926406096515366,-1.4559825692848292,3.0245511085863006,5.222024302993972,12.597198108131554,14.742604029030465
18.83443275401614,0.12453554823424717,0.011721972793002466,0.0,-0.1496211113733125,0.1468403689708471,8.439451154294453,17.913837143630793,12.944551274799007,5.008682580348352,-5.564259301496334
19.50995499198992,-0.3251540351342707,-0.12901340088990548,0.0,-0.22082520486736806,-0.38034103503299344,-3.7670708203312135,4.656187322849851,7.372798233777537,16.756180123010555,12.01667993773418
20.29813139439144,0.862996591011408,0.45175240493146207,0.0,-0.21694532293904312,-0.1945583099307433,7.190169594478374,7.476865004278464,9.670793223569904,2.401862986726467,5.107689483010453
20.978821607626042,-0.4140561635374499,-0.471678231835019,0.0,0.3040823776570606,0.5665154930737846,-0.9902202712949336,9.515246340059935,17.43139876834095,7.874273381683222,4.759495043741178
21.660902571828363,0.19052688191781803,0.22399249397417442,0.0,-0.5520321601846543,-0.9241327158495749,5.288517387756449,10.794362364634697,12.671993902968126,3.1585027094106684,1.9899180841186097
22.456546271535643,0.16730788317435658,0.008853481414753589,-1.3877787807814457e-17,0.5246892175202301,0.6124547587037993,10.92691724794353,10.30676906319548,9.570408450624718,3.5597572253835246,-2.2090636837502737
23.129501432362556,0.29348828190012066,0.15945980674490784,0.0,-0.08469110896683935,-0.39787236375717555,-4.314866955134519,5.418067084203549,16.366984296612078,12.681242303735708,8.966293917357959
23.81933446804916,-0.5562006121040869,-0.32528919591173183,3.469446951953614e-18,0.24034508477566022,-0.06960043261820018,8.780106713311167,12.167083918627709,11.181133056553106,0.23319375741439236,-0.94287571449051
24.609675752407725,-0.015220205226574982,-0.08465431679510722,0.0,0.5730838113062354,0.8131529936223172,-0.7706666029794929,3.4713994084933173,9.731403000221475,14.851214072308727,5.764145942019074
25.28259533665259,0.3165517008595922,0.24242839100187397,0.0,-0.1995098316471136,-0.3567995601338848,7.3763616884119,13.130090816003584,11.502622043990492,10.083600452965225,-5.896391057016503
25.983165688501842,-0.572682770427414,-0.35376826874056844,0.0,0.3909349376950684,0.17371533740055192,1.9164763071784559,4.39023324330489,5.461935832948644,6.5230687507639615,12.403484961193255
26.74785772167437,0.6736995902695555,0.49174801980307986,-1.3877787807814457e-17,-0.3678822846657688,-0.16637235936615202,0.16512329035207474,6.17022737524885,10.343321628712635,11.296861468382167,6.277685131315755
27.421499197629934,-0.5525443172102114,-0.3757387732511181,0.0,0.11074418263038281,0.44364142852561,2.666916754120804,10.085256128069993,13.984857654811538,8.982356021950826,-0.26509576663704437
28.118808957094988,0.14085072111321612,0.18061479001383635,0.0,-0.4554886405112822,-0.8548093607172474,3.7889880651742214,2.549138938278415,2.7781318816634633,10.738798386669377,9.572975058260223
28.903945536694973,0.3333171626622832,0.16673803503246887,0.0,0.11384028211319823,0.20708813699206768,8.19178009297232,15.439290752902066,12.40653737785857,-0.35497530449046527,-3.0094558068729893
29.57068029405854,-0.15844805085340521,-0.0001056165411310317,0.0,-0.1316562894688403,-0.22074031961092674,-5.333181026234733,5.511649877874492,14.375898813327572,10.714415634207773,10.039934416281334
30.26611015204301,-0.3931393018606597,-0.04763508185003723,0.0,-0.2514303594674398,-0.40551653202379623,10.694596995126778,11.20770913164842,6.399355617301883,-1.4776442626450517,-0.39858231500346286
31.051061618961214,-0.22647153798800765,-0.361530676152285,0.0,0.6137467367277978,0.6723024479852308,0.2266765274131161,9.126946425943933,11.873491642141223,8.577551197367919,2.947949473850716
31.724544649324535,0.2978444619644749,0.19484353120924772,0.0,-0.2596214590746928,-0.7078622989900433,3.014103615591459,12.476254222576967,11.60008247357637,5.785644297303227,0.2116232587236948
32.45703202041919,-0.47343694360140487,-0.20553903475774588,0.0,0.14026521415585916,0.5058409882563033,8.298646991755408,6.488587202681862,3.2109909054018972,1.5751153089446137,6.550429457476487
33.193108556506964,0.39196653431341205,0.1604634015687632,0.0,-0.07633506853963751,-0.12819582748169978,-3.091302482077025,2.6256647064368033,11.621254692629194,16.522421085585947,6.5341557587982635
33.86457688531797,-0.47952066383781466,-0.43837431487109124,-8.673617379884035e-19,0.13016236009779106,0.1115865271938426,6.321350898311605,9.12266245702704,11.117196866847195,9.030235868301101,-4.120436084790827
34.6543491193331,0.04155252237497751,0.035305024234085616,0.0,0.2164324011931646,0.7526385388201414,-0.07325162554745789,2.402882415157958,6.743639294221207,8.253296101497291,10.118635408831308
35.3435853006637,0.39669927363296936,0.3662250588782185,0.0,-0.26975772557004857,-0.11984593808248045,6.45956777183188,11.099340539058097,13.28217183023462,5.270809991731775,-3.7832586092926386
36.011883164602814,-0.4863012687744855,-0.20933424768303893,0.0,-0.029057515284128477,-0.08359826986371739,-2.128211235913758,0.985378287804022,10.97205810793425,13.193976215508002,8.058372656013454
36.80483752709421,0.7263800568749399,0.4434779990498173,0.0,-0.13413823056431046,-0.10568487790257723,1.5337825219274515,6.987562526025342,5.367220506563945,5.103654719619204,8.353118462343247
37.49255007080248,-0.3524170950258013,-0.19446237743137584,0.0,0.33886522796450497,0.5248864804472685,2.264628877187478,13.318922200037418,12.003518392979837,4.758300916479935,-0.16274648360689925
38.16583272102907,0.10262401181987006,0.33470334216725517,0.0,-0.4539144551599529,-0.7663178541918115,0.35930381154883473,8.100171518387295,8.865493316883573,6.1944495616443636,5.593451810205711
38.940409876087436,0.1927503912592592,-0.060882287764481374,0.0,0.15538191326449377,0.32026180665406323,11.565173344500344,6.450693483271709,4.923263177202425,3.374416205235307,-1.4387450319324162
39.63096603177074,0.045185117387133614,-0.11741168974996016,-1.3877787807814457e-17,0.06296351835085734,-0.0620537899220857,-5.210634218977012,6.898737881317654,10.932817134138402,12.42218708555553,7.715126819614731
40.30710602439351,-0.34776447608958005,-0.3525533489086535,0.0,0.0053117688622933,-0.27554563713959795,6.846512261922641,12.962678248413411,8.279223048223907,2.185721409570912,-3.6416788796666646
41.10210115112469,-0.06600826409626656,-0.21847723726002402,0.0,0.3688017203455928,0.7519883658519793,2.3109144399271457,1.3742213674075274,9.838140101937789,9.311016950620797,3.928765506958482
41.77860041327969,0.387586838879549,0.20569266642251943,0.0,-0.2915337978336855,-0.4531235824811458,4.107642014157764,6.919021847529529,13.26812707919031,8.697149048991493,-2.571704436532378
42.45358437801227,-0.6297908686918865,-0.5594819838497448,-1.3877787807814457e-17,0.19196530972961695,-0.02329420121385828,0.6905202957710439,1.7223603481594258,8.621948043629814,8.73582002957108,6.300531029499964
43.2558609374084,0.42678185821793346,0.3720599511827506,0.0,-0.05939607222423532,0.1132163930839193,-2.7598686074142185,1.9632219322095121,11.012908093735321,10.710713454775831,7.394440049786552
43.93172120597207,-0.2984245082757473,-0.029171817599679767,0.0,0.1385958113621488,0.26394323197152214,5.213964797455312,9.794602491279356,12.716210919057035,6.017544592219357,-3.857583912322602
44.61730647656839,-0.021781833064625885,0.10937567479047496,0.0,-0.24273115180789212,-0.5757598057303317,1.1131946956750078,-1.723083263297775,6.167189413139177,9.031945714764372,10.32417234566909
45.40411630602623,0.49757292713313206,0.3192142315474019,0.0,-0.06964029989296101,-0.012681609697105689,5.183057020969558,13.589338485649362,6.828366822540851,2.8856653599750794,-1.6144538860797293
46.069785926157095,-0.3085445432827254,-0.10462841237073751,0.0,0.049541020325201225,0.06662808163666635,-4.341212204458901,8.01885146835532,9.499241860560726,10.81068739588925,6.727071917258177
46.762216483959826,-0.11402882884379255,0.10059028229367464,0.0,-0.3083850466788032,-0.5511752342615138,7.7504101729134405,11.122992511216657,3.005566498991385,1.2465960227893325,-0.2555804488630431
47.53903310420527,-0.11130811835347186,-0.40633781881008724,0.0,0.3086854995000043,0.5993772384167605,3.019169644668877,7.600773595385486,9.458684108278579,5.772803783336359,1.229100346074573
48.21134856908484,0.29267397244339777,0.0530560846223767,0.0,-0.37158225986070953,-0.582145423949372,0.3234266551866396,8.049104050935307,11.248341955898535,7.089970264169834,1.664534145777524
48.899103307499686,-0.665260142232459,-0.5910301799077048,0.0,0.06832315635166598,0.04182194765839827,3.517223024565232,7.335727312354042,4.182952484340894,2.4480932509949525,4.681370141099491
49.68816446753918,0.2115430751892267,0.002190561978141869,0.0,0.07407455458289909,0.1672296843279051,-2.867179823444204,-0.10693735995482784,12.721520411591136,11.158397231519384,6.8013671086637855
50.04839538455969,0.22435676463914367,0.229973785188302,0.0,-0.4205822773490706,-0.5090324357857053,-7.25756445468976,-4.2587595664353035,0.8839816768803764,-4.45660799794641,-6.019651563158957
50.369143677059185,-0.08703186550293594,-0.11335887386775075,0.0,0.07616308044590779,-0.07455045360498926,6.84805042162753,7.852236354583104,12.712172634428859,3.9937599959338574,-4.86622855192493
51.0707248646852,-0.16953474225225354,-0.2573497952765692,0.0,-0.0799866858690754,-0.12877253015695206,0.339347720286995,0.2940659004823982,2.395260695792545,5.207678271332098,12.961737366213688
51.15563625511764,-0.03285472915072948,0.011782516559406138,0.0,0.45014956826300373,0.7715250058378567,2.493970905182855,3.829980589077609,2.485196891222515,5.899025505753445,5.837146964740357
51.845517959496114,0.46071611185571065,0.42782375284255536,0.0,-0.15054873814751824,-0.19447893198087238,3.061256044828995,7.291269325340936,10.517946061936534,7.150150292502398,-0.926755739883743
52.51269473856205,-0.40454155626349914,-0.19864225246034095,6.938893903907228e-18,0.2316295428513789,0.16087740875958254,-0.05428616534014519,4.063381000542927,9.38244486502176,10.271944451880836,3.55617528219489
53.24971372562444,0.32197855722926927,0.1643826958236197,-3.469446951953614e-18,-0.2685076327051151,-0.3852113923856689,4.035918293592491,0.6168847668666316,2.554802619190101,2.698266888629222,8.920837968222035
53.980542063034164,-0.08494431564296837,-0.23214817879358887,0.0,0.1521651899296005,0.42876483670775023,4.749580982111452,12.648065792761887,7.215836659102438,4.586600275716564,-1.9959779679736431
54.647090510801405,0.1294293475208192,0.08637722014579838,0.0,-0.4089462428735853,-0.5809140578774329,-0.49429877386134224,7.321743112325436,7.374419440071937,9.181159742802913,4.499475631233954
55.430530528511454,0.20039366851336957,0.16872226569083423,0.0,0.04072243692249764,0.0699293072623194,8.00350928320796,4.449440087438006,4.949999361740209,-0.5083447238108096,0.8338260446220445
56.12283597810597,-0.09503033453180695,-0.22464350715076953,0.0,0.10086991707411135,0.19520594736518404,-2.135262805656734,4.546434658449747,11.328703506260283,8.292589556776907,6.277363008573822
56.79942317030643,-0.06430561843017288,-0.0738614700717369,0.0,-0.14740484245781904,-0.36387491951883927,5.522914253548995,10.159226911993215,10.757762211654775,0.9050795562568199,-3.6037794786459556
57.60599329441458,-0.017009027566518578,-0.018721586890602576,0.0,0.4680348838474523,0.6446993971664703,4.0753412749209765,3.2377360536593525,8.101838481780582,3.044661431305408,0.8750683564029405
58.27683648151296,0.31852021401642816,0.2754114572265736,0.0,-0.15282240669476155,-0.3725525638473214,1.0381166270883284,3.9603488133228306,12.251926023332752,7.368850319980264,1.5948719355012855
58.95176125483733,-0.48812049053201834,-0.3825363776872211,0.0,0.26725625131890524,0.0525846180551892,2.2535018952515276,4.119283401405004,10.212091668602623,4.716976654998363,2.0756529649520457
59.752120670171045,0.21132532471144908,0.20156986762331433,0.0,0.20234951813468466,0.3119287648502477,-1.6314051077891674,0.9699579358666829,6.164085856828708,10.147941822689164,6.390380615029039
60.4270514593208,0.028837184714130413,0.11367701915117853,0.0,0.057967311777020844,0.06567039637254715,5.569845837368778,10.240421168300015,8.339869231928608,5.918976913023732,-4.847168146963591
61.10698273805542,-0.11715823970386066,0.05029505401016355,-3.469446951953614e-18,-0.021955754762365345,-0.35611879832141313,-1.0390953843650534,0.523712448357303,5.502156753888787,9.44233507152391,8.31441954670228
61.87678711227471,0.37790429197400344,0.21251431612337052,0.0,-0.2075405913136976,0.009639921730713909,5.335952272993117,7.564849418741787,4.201216244850976,1.5595850306136216,1.4092200899102432
62.561218752855645,-0.2468322618810748,-0.1954802178412452,0.0,0.08085566823614343,0.3733710183185351,-0.8754726854982442,7.099825055937824,8.177204473280456,8.99275521343435,3.762811747216414
63.23237014320489,-0.018404101027967093,0.010982048989048712,0.0,-0.3634769848942514,-0.4390098896047755,4.762767399865972,8.902679630492493,6.457300255745669,2.976425981973785,-1.7473268033116176
64.0342712988428,-0.016181656136449667,-0.16455754908890197,0.0,0.29384458191631174,0.552851788447386,5.06970934953389,6.707009774512817,8.498357783286979,0.3206396729130332,0.043722292831094745
64.70446585094987,0.19675911895765266,0.13070781663482534,0.0,-0.21857680457887485,-0.2840398432195419,-0.733167311801516,5.363143486706451,11.818128501954906,6.09479393793008,4.0960097852951085
65.37942347643563,-0.45915884268789225,-0.38154367987344356,0.0,0.08712496124376348,0.04134162612787465,3.544440907238327,6.573654894969631,8.9735552420863,0.7268166580233805,0.5216900534475982
66.18756228672416,0.04004080829603965,-0.07082357302810185,0.0,0.3616257604232347,0.4355934657591826,-1.2982504608472034,1.744618927077182,9.124685132315001,7.299104067017424,5.291689239549766
66.8627717124821,0.10461024373947556,0.09447492836347768,0.0,0.033408232780963665,-0.15375816484299246,4.8547544992065506,9.344834861514482,10.333980750862194,3.1322604791711424,-3.8023106523915082
67.54837885229993,-0.26726562749545857,-0.19092716147875857,0.0,0.08184254197025591,-0.06243365085831585,-0.15769472008584942,1.304651710967063,5.983294365688575,3.59229916838068,9.07062034722687
68.335840471784,0.4201648270835605,0.3717258436048598,0.0,-0.09753986187131294,-0.06973187702584509,0.9862582154905912,3.8810463755221654,6.235751177864466,9.285786572782078,1.7208404306051572
69.00554844838733,-0.30446975790740105,-0.19952482184169057,0.0,0.2641359082466396,0.2855127577804207,1.6373162719941148,6.1300856020749,6.993234298817387,9.323240499529275,-0.14538789703324584
69.71512238956817,0.1709828122039236,0.2331987053260814,0.0,-0.13239531947350128,-0.44736983881611486,2.4164074755617353,1.8986488482535349,2.3594356349942918,3.585758702983356,7.098134943631695
70.46971409685793,0.08052916624322023,0.012555048375858316,0.0,0.013150757662800138,0.2794758729026828,5.445929457433478,9.937289984574228,7.136200908504647,1.246949617962291,-1.56420976270389
71.13607078963902,0.02230820184014151,0.06265665395598542,0.0,-0.27966086515806776,-0.2539928280374484,-1.7056003538140962,3.7737656272058078,8.96173393633766,8.877244230963584,4.702952413923024
71.81302781254806,-0.391375203791702,-0.26355223680478146,0.0,-0.13093888063066395,-0.1320365085244573,5.311270811312635,6.301150851558798,5.293783435215161,1.6060936826951653,-1.023905491165199
72.61761934166633,-0.08566173065595567,-0.15915021413202252,0.0,0.2636755555982425,0.3763416230557798,-0.39871153751683885,5.56911037764063,9.688139113628267,4.0919621907476165,4.3922608843752515
72.95192137758026,0.14549974324703868,0.07699779731117268,0.0,-0.18819000379811537,-0.20525690947566144,-6.875668513892943,-8.003207725609226,1.3466248817860895,0.6993755817256145,-2.891494162292827
73.28977224789013,0.11901831630176803,0.12382577269625028,0.0,-0.1837433556583102,-0.36830876510014143,3.6470050052005765,9.193811643834708,10.256634111405466,0.9740884663426584,-1.507347608169536
73.97971488608206,-0.40457268815200054,-0.26214324617999446,0.0,-0.030969502489272275,0.025395517706341006,1.0773885040390019,2.4762781015995468,3.9187307247248433,2.939808431299035,7.257660477500859
74.76650665870994,0.2836932020645547,0.2359109463419584,0.0,0.01672853584618364,-0.13862043228972612,-0.7981833691662723,3.071827095182588,8.235407999832914,8.066113295569568,3.735881039250237
75.4398304767228,-0.2956934357575288,-0.24553249938096713,0.0,0.2724195212147085,0.13409153544559899,3.1673289087508705,7.7478144162184455,7.786992280389834,4.386595805934008,-1.1957404065725452
76.16825059434862,0.0861368428256015,0.10485506551375433,0.0,-0.1967347792972343,-0.10305190938849959,0.9667860153209801,0.7419801491720512,2.154349570269403,3.1303689818342137,9.919997129158267
76.90460791569139,0.16537672181866234,0.08372834586579994,0.0,-0.09579497476950094,0.07104487112089283,5.106449110559956,7.370223518035956,6.3433181850465425,5.49638996236226,-3.3179952637967647
77.57571968667801,-0.12650189135140952,-0.07701482484636134,0.0,-0.02966678751839418,-0.13082967174911803,-1.8339187434388855,1.5994891164157632,5.885563228581715,11.45540864730808,4.420606206290896
78.35404573313895,0.4650677813978459,0.3137044967652631,0.0,-0.1444952852489952,-0.09499394676598186,5.121373959937077,4.844359334440708,3.0906108084159905,-0.5503497704778478,4.440670709768356
79.0481494901657,-0.17431299609169723,-0.16914998014847663,0.0,0.1222176151134826,0.4316678681154394,0.19314429225052684,5.778561615312394,9.014105003968192,4.683326404502744,2.0978841662607017
79.7211517222109,0.10675417198922467,0.169793065528814,0.0,-0.3415723587607473,-0.44159644379286117,2.419476623020447,5.842408265591636,8.109773843094601,4.2284345501449785,0.14125843560342444
80.51912019294657,0.12089507134704099,0.009600796070765617,0.0,0.28922804423183807,0.30703994690557984,5.685822647203534,6.692452267958818,3.9056883082377065,-1.0109399317417394,0.056937936355042795
81.19871073268152,0.11625402879419126,0.10639442478329528,0.0,0.007100831909814535,-0.07703413447912759,-1.7877675065870962,5.162173235197557,9.349387251213415,5.735144249978922,5.1944804867485175
81.87193390483239,-0.24319279848294495,-0.11634847074229115,0.0,0.08289404595405654,-0.03291195287976993,4.349375093590439,9.689741014188963,7.403658416847731,0.1742646410119742,-1.3285730508029152
82.66053017504551,0.011296220697347963,-0.11115730761219263,0.0,0.3335673995736076,0.4623358353469483,0.5158352396363529,0.6900407765008845,3.3779387295598973,7.787313690338663,4.673268486693378
83.34513916162582,0.23129989513201446,0.13064056286944226,0.0,-0.028922393273834154,-0.18527964031388572,3.4887487745134322,7.888277365549131,7.345737996512953,5.096535545805698,-2.423659965117233
84.01450196762337,-0.27589244792203604,-0.25509190243951674,0.0,0.15468407774960033,-0.05815184496925564,-0.8258833455544494,4.137924385396927,5.043204473507717,6.810789946759955,4.890471919559395
84.7923248791664,0.34858769377983834,0.29692873416575266,0.0,-0.24217171160106962,-0.0500801540156327,1.6954268752307022,1.186295294146671,3.771468862698505,5.455069978974506,4.537139290019027
85.47814037712692,-0.19892277527727328,-0.16712990413613607,0.0,0.08717134602280979,0.3031232863938062,2.349640068784391,4.670892526287214,8.179173632079841,6.533524388407768,-1.1501684194278854
86.15029108798392,0.07791724676660672,0.10434248312162271,0.0,-0.3245753200372454,-0.4835230954590523,1.1406758063330555,2.0441215681827827,6.286230181708877,7.523670556555637,1.3217471672970464
86.9625091879013,0.24835950360941375,0.2902119381337977,0.0,0.003355773519913453,0.1660368353331373,4.698016550365849,7.968950441928506,5.733076747850957,-0.22130097162814855,-1.1543975939578504
87.62598288834812,-0.008450211012660289,0.09239959953368972,0.0,-0.0805409331659825,0.03926933846844953,-1.8306760976127947,2.9976747511050066,8.689825727740844,7.120470047554041,4.993635876700513
88.30891926171375,-0.14174666847460882,0.0376481973085081,-1.734723475976807e-18,-0.12252282752787011,-0.16570431862205667,4.943649958192031,6.29242470885774,5.93490997432011,1.5000260711068205,-1.923729956648339
89.10683386657152,-0.043214571259676815,-0.11776722660469847,0.0,0.3644060097069585,0.49095253007753725,1.510974950605661,6.576726613925366,5.365622912733117,2.75635065913196,2.521762523188679
89.77610346724751,0.19830984132612994,0.18041988434011147,0.0,-0.12565963813075673,-0.2702650156091653,1.8739951068623073,8.677742402771496,7.342156392895668,3.0944352702216205,0.11104407795736912
90.45254460797719,-0.3605821582408012,-0.2302041300047652,0.0,0.10180749038652023,0.03743144925094288,0.7393974542840915,5.423494441466099,4.191871947922769,2.649546186453844,4.411748269423009
91.23718367793704,0.24888698708502377,0.06387029839503355,-6.938893903907228e-18,-0.019215818561042083,0.0383226484884795,-0.44560372991587527,0.6469163496264134,5.017680817045621,8.509147291165386,4.4292143778247155
91.91100294156448,-0.15492083720838662,-0.25438024596518066,0.0,0.1333528853420816,0.13109122988105704,3.3325134921883515,6.18310979966885,7.1895850701866735,5.048664522698249,-2.685479421556826
92.59072846033904,-0.017478208480145415,-0.09996015160549437,0.0,-0.15943730798011108,-0.4387037449111977,0.052043288421418366,2.316864153546093,3.3612474266575867,5.33518998290176,5.107596653010431
93.39025949411388,0.25788953644952556,0.23887903784219594,0.0,-0.1222354599419502,0.0025444750531447326,3.830097745589249,3.856416665267451,6.360528400998967,3.4011149226280137,-0.9843109312621645
94.05702192585818,-0.16375089040210503,-0.13846828227227523,1.3877787807814457e-17,0.02752863642686762,0.06998157017941126,-1.2735683188679048,0.5259424785421777,8.130412739753634,8.851104478998819,3.373488524540535
94.73581789534198,-0.08080728946013045,-0.024301656814153305,0.0,-0.17431242789663465,-0.3648727779557033,4.802924311564367,3.318238290441035,5.077877755866435,2.62915078967429,-1.975961275616543
95.54342114969724,-0.026668891370168604,0.024673661044104726,0.0,0.211140757867498,0.42284257232610084,2.666062966058132,6.545844724594669,6.740506191361401,2.172694950073954,-0.21158594692856836
96.21234629634283,0.15853816910633195,0.242357139121033,0.0,-0.2041271911380119,-0.307359097254284,0.37668399499284266,4.637094604148717,7.349875994681477,5.417224051487006,1.831984527845019
96.90450932473543,-0.32564555118246014,-0.12527777199924378,0.0,0.08268550736476728,0.0295571297455965,3.961732219987053,2.419844424154098,3.149219638228347,2.5699414305130155,2.0584248994758787
97.67344652208905,0.09729397315913298,-0.00536668361025874,0.0,0.07879258996198629,0.0897111990773635,-1.40506589293904,4.262091526792049,5.000606980020002,6.401810229878909,4.9645204864261405
98.34815440083429,-0.10623754899930353,-0.13648597481417477,0.0,0.02271729293381682,-0.02843395629184813,3.629993031965688,9.762880042469657,5.852285481321869,1.6475438649083671,-2.2947283914477534
99.07953783794119,-0.12020743515976032,0.03890248958981756,0.0,0.028542779842525543,0.11034154207515978,0.7962285647440255,-0.37073234816578915,1.1923291114885606,4.184441377150074,7.574156346350542
99.81660728593899,0.25647339265289953,0.1237896996156976,0.0,-0.1267133562626852,-0.1267802867343056,2.546151390320085,3.5219301992789074,6.56533771943507,4.598263730295365,-0.5983524523822372
100.48230391163202,-0.231700883382358,-0.2903574335037715,0.0,0.10164719877307708,0.07737460431553844,-0.6560366274941606,1.7194347836860473,7.665597951006464,6.9771442489434365,2.3025486880806816
101.17511696485803,0.006642949097816623,-0.040939561777350614,0.0,-0.22016676093067247,-0.44984771619268066,3.7116950340312935,4.146297604417303,2.584303935126892,0.4899697664529035,1.175728165121002
101.9713796936932,-0.026146970521437586,0.018627444978032454,0.0,0.1248149163093547,0.2897607747783779,3.284548914262389,4.397561981740816,7.85302279545314,3.2556704509029797,-2.3055358991468924
102.29743210358349,-0.12833483913672317,-0.13428673734083726,-4.336808689942018e-19,0.1937337549544526,0.16791212258504906,-5.380318505919374,-3.215954784321755,0.59691514735902,-2.3421640813077707,-1.4899945175617046
102.63496616448697,0.08962438714304265,0.13158287422872572,0.0,-0.1838387835525397,-0.31025645934494117,-0.3363863592054387,0.9423181472999187,7.077417807961922,7.192934119963634,2.4564981113814452
103.3515985241732,-0.17813136696392734,-0.1990532547322314,0.0,0.06663819070777441,-0.040917439967845394,5.563686937799838,2.677624818207036,2.1281843268205387,0.259159232517055,1.1175165869571897
104.11593151468142,-0.04323723867485911,0.062034768198128615,0.0,0.12020142303682893,0.24929244713942766,-1.2080914960621116,3.847407080826537,6.226604885463888,6.064893232488538,3.4022944738049734
104.78739394153764,-0.010478549996107901,0.13926251858076574,0.0,-0.1264531913647713,-0.1858680050209595,3.6714446091198303,7.737803963806483,4.800810804172563,2.185364436175467,-2.2994952996016527
105.5346937085495,-0.14915942893540352,-0.19859334086205363,0.0,0.17029258798618446,0.3018258474208271,2.3467594995688232,-0.44166208367143583,2.470009745353905,3.2580288071886163,4.913377620209449
106.25132944088523,0.22065362050927126,0.13811219336858707,0.0,-0.14368702038909859,-0.16776558700299032,0.8412282489894881,5.9435026599727445,5.536630883856237,4.278949988495301,1.2823952446409286
106.91466051736127,-0.3151660357135086,-0.33980884454846444,0.0,0.07749717568266304,0.06214729835404964,0.2671273860757072,5.772921512444377,5.563368740876817,3.7586358218818323,1.409723056238705
107.71459002581331,0.16241809614273794,0.09843467653346172,0.0,0.05577412169447606,0.1254934182062103,-0.4592408990413099,-1.967789729541351,4.225786868292474,5.661973568015588,5.336717991429504
108.39933170893119,-0.0012349108337420464,-0.0655030107287395,0.0,0.07634330077431545,0.08954748886276448,3.523747051476443,4.778834630395802,8.008558306029888,2.5476114564442605,-2.809831182336867
109.06804177529719,-0.026984930173050568,-0.05725421303544221,0.0,-0.07850130037810092,-0.257630073998801,-1.2130036351750917,0.728097907222562,6.423490123349919,5.77303254222908,3.782971702607448
109.87054891430995,0.3327323312968478,0.3060319613718328,0.0,-0.06536811269726564,0.015385455373595244,2.5884802745647346,2.711133714390102,4.04535980242451,2.388939597556463,0.393295347874386
110.54697954266304,-0.12617545394346735,-0.06475481455423895,0.0,0.18762995699681695,0.24354449098641123,-0.27031635633572115,1.377090502592801,7.485130869276049,5.98630470886645,1.5515099096420353
111.21997111401073,0.055479771688814045,0.13377688504426827,0.0,-0.14217095035311714,-0.3369025324855907,3.149051757759782,3.419974192571135,5.510970113401854,3.255766421350972,-0.9702087258719372
112.0124731407762,0.024604168213778695,-0.016569761204269257,0.0,0.1874350944236014,0.37037378218139805,3.310719751698445,7.15209896388431,1.649290818863434,1.4615660588638009,-0.2915614713192748
112.68553337400674,0.1483649680476207,0.1702101643660976,0.0,-0.1334433059718934,-0.1267262429931177,-0.5497293880477138,4.918399781966017,4.766778247652496,6.2077784267274065,2.242389353695951
113.36130960328903,-0.28076443074336993,-0.11978136210606968,-8.673617379884035e-19,0.059452714415399004,0.04750708056618531,2.591245760892049,6.084137385874758,2.818126778402533,3.3232696994252318,-0.20205045634671537
114.1347749305762,0.06012234873824153,-0.05202536708125279,0.0,0.05973266040132507,0.16380041470715806,-0.4789112035364514,0.3151354131899383,3.7933917661689045,4.364756592007143,5.428633359175225
114.81936339325156,0.036185478664286674,-0.08874473108762945,6.938893903907228e-18,-0.06199977747651089,-0.03265188445788396,3.3762074801773605,6.66067334499655,6.4522054457976425,1.1465429338900575,-1.919345570434097
115.4878119002979,-0.10771376928946962,-0.14454191583774773,0.0,-0.12088396446280504,-0.22207878416496232,-1.473993542528034,1.8949691816275656,4.943122819244028,4.227291619268018,4.182034169445177
116.29421727518023,0.2983168652213315,0.20806374752694887,0.0,-0.07372015571786462,-0.08130514436073805,1.4020394310263429,0.627580427117593,5.578225201234479,3.1768719354153268,1.6613915423786627
116.96858472254627,-0.15753384720553856,-0.21415300392871411,0.0,0.16964584518631234,0.19998919607402105,0.5041820920123655,2.3130512512205335,8.085348330171662,4.148214526180413,0.748783956705925
117.64518233376079,0.06138431789496974,0.05361283146458068,0.0,-0.1675826536644995,-0.42156589464889926,1.9148082440544876,2.3650097992174963,5.669049161420452,1.6868033625716436,0.626949301228381
118.45498362788103,0.11375769902409544,0.15720522683990454,0.0,0.13057146697119354,0.21617345112383268,3.4524524712485243,4.3626449540573295,4.867918072260561,2.0289548985495074,-2.119480916310425
119.12280517448706,0.05011487665096442,0.1373592459115727,0.0,0.009335417271201324,-0.10066339357864725,-1.3754390145488444,0.6299254563373113,6.403182966131734,7.188243885602925,2.8108843091063
119.80481800374278,-0.1688670613803905,-0.02372325935046539,0.0,0.07087481943930009,-0.05505689894556896,4.049721123226503,3.5343292130767896,3.4600153676729075,1.6658205964615327,-1.0313929954080585
120.58116012956701,-0.027413628930543315,-0.07509680705300383,3.469446951953614e-18,0.10756920457935859,0.32997150194878766,-0.13427592732843424,3.9063926628977046,2.466812235979117,4.96426174366495,3.2850053284511698
121.25551476259128,0.09235307297589741,0.09324856002702117,0.0,-0.17352211804388745,-0.15776111161258088,2.693105760601209,7.783350544939359,4.26307605866335,2.8082238557317383,-1.827154647600774
121.92533700484644,-0.22085150208654136,-0.16192028334719896,0.0,-0.06551975814596249,-0.08399872718214182,-0.8858353256823318,2.449745619147713,1.4183690000978044,5.248474922030395,3.83245982312365
122.72329238492686,0.24793497547539123,0.10676709793574965,0.0,-0.1005802783753115,-0.06833047719879595,0.1351021344455024,2.772482089619234,5.306273206481545,3.0069030768876313,3.046264402721452
123.39263612359917,-0.20219896363201012,-0.2626676964815984,0.0,0.09749563702535055,0.16188966089067686,1.1537902008601426,4.550075054453858,7.129217034496731,1.742138259510149,-0.1538151947053521
124.07082865581995,0.0053168803967059315,0.03541906789059852,0.0,-0.26150370714974536,-0.3950603296532382,0.779686593975481,2.821925739469505,4.119261293922861,1.1869901586534628,2.1920054060304026
124.87926469091018,0.14160793442479186,0.08526711742327703,0.0,0.0791326456529581,0.08512583651838307,3.268421130904619,3.533939319347521,6.347621991178646,1.0867332668878373,-2.1801197886747614
125.54529795941495,-0.048021218390628874,-0.05216218023706924,0.0,0.05325516608091647,-0.05494153885264087,-1.5316166551007842,0.4891536127712908,7.311152267097539,5.297621478058973,3.016166762737397
126.2364784955593,-0.09320364421995359,-0.05690365405918029,0.0,-0.008608489955323703,-0.18409772554872508,4.1908432772788125,3.660039221435536,3.867293641707742,-1.3491177561971517,-0.3537594643162223
127.03087059531454,-0.05997379333914542,-0.03952341770281885,0.0,0.24336424265726533,0.3279360774063796,0.863802333906761,2.8933122003204375,4.876411047215357,4.566659247887245,0.058061853068055364
127.69465555591461,0.13553668965129978,0.1808554323932342,0.0,-0.11586835285642776,-0.2602428354853449,1.5055322945975382,3.8231510221578127,4.483640774832979,5.071963500389327,-0.832410714728072
128.41325594249804,-0.1846371690284734,-0.15642228684646153,0.0,0.18720884179292976,0.13236913564424527,3.0463414000327855,1.069620237454228,2.279967748114826,0.11027811105175923,2.824795928237763
129.14890123657463,0.1554848186847891,0.11302353123102601,0.0,-0.1544779009258782,-0.029998267238137852,-0.7015681810638854,3.0727815694209144,3.936478337012429,4.600975557677925,3.3283889898269208
129.82151996584423,-0.17230963893945225,-0.1490921530603572,0.0,-0.01101239775786389,0.087313153757055,2.1094435400702625,5.959220167558914,4.938968101583687,1.8708127776699235,-1.2099886572719287
130.59412488968863,0.03085948836900873,-0.020873691140189353,0.0,0.15578235189739878,0.14711678768023895,0.4139139109455543,-1.4111310233326657,2.1890788236718897,2.8149227932005423,5.858435950347414
131.30047248617035,0.16213916876949966,0.06903423485667069,0.0,-0.04391056567536196,-0.029039190357374546,2.5202383756948716,4.72921706500481,6.352136540819905,0.07766963854400291,-1.006916833256857
131.63041910714728,-0.11074021393156745,-0.08011102299939882,0.0,0.09132606840107971,0.2274199043876444,-1.3907152437947012,-2.5908592759963573,1.244695734518159,-2.8258153281820966,-4.623839266472187
131.96633620207578,-0.12021512951762933,-0.1326583557513324,0.0,0.024323585247404793,-0.03469564229109545,-1.4614493503838277,1.4848436793576076,6.542216746957274,3.272824727665786,3.489823680274823
132.65920592297962,-0.030920720423129936,-0.017799549420927763,0.0,-0.17696556546392977,-0.2623833030017694,3.532550889045001,3.763974298621802,2.511207870639141,-1.5598974056714323,0.270889790801647
132.77198717314258,0.2770833604756526,0.21675742324032693,0.0,0.029163693449265386,-0.0266227804476797,0.5819600752418982,-0.6736760590824322,2.5922402186026847,3.387580821022774,2.9959120234305354
133.45390638628496,-0.060435614345529076,-0.07601973407881248,0.0,0.24832450607145595,0.24801054316474455,1.65335610324121,3.345012418919523,6.342167344725421,2.487085896902437,-0.740294246396068
133.7965898972411,-0.11127322882236167,0.0024338479109299455,0.0,0.030528900701144137,0.05160394008879749,-4.211696901083339,-4.42329789625214,0.966520294956289,-0.7239021377522502,-0.4930712621994341
134.11886608674843,0.11065547849651239,0.11868422506082499,0.0,-0.09300026626225949,-0.2943672394051899,0.6055465637520558,2.3143177963180417,5.526223251518922,3.689932157388163,0.6650376143110486
134.82777775800412,-0.19708227906995032,-0.1821628610045017,0.0,0.0879207826399198,0.07374530497957671,3.204726610735321,3.0187962697557142,2.4474812721760055,-1.3810425297860485,2.4905923600952082
135.59084436631986,0.025577804813390993,0.038541335730642445,0.0,0.02658248654513415,0.08391973849561021,-1.2604900807139112,1.4478804267308063,3.7996109626544223,7.323848363184485,2.525777968447998
136.25363341545426,-0.1314657113490818,-0.06965215027857079,0.0,-0.04143359267307411,-0.03752207468004382,2.831250442979193,5.110857965086483,3.5074509266213827,3.5575371153831825,-2.7041968520563318
137.01946874326833,-0.047822442509376284,-0.12722008406953206,3.469446951953614e-18,0.11292015923815796,0.22035160095498676,0.6188215909960499,0.48219962993359106,2.292725819635113,0.876846378878769,5.185629810920724
137.7270052820233,0.1785328993544189,0.13457416189399146,0.0,-0.17457482940860677,-0.09604818373557317,1.612367098483389,5.324799751893074,4.9190455311178765,1.5196918432777566,-0.1376833357939968
138.39087043584456,-0.20983079412906536,-0.14056779593576962,0.0,-0.0316632218065712,0.03797748091918537,-0.8071322098839804,2.4733038217763537,5.14061607565941,3.6136687105419165,2.435994279191981
139.19623859291383,0.19671163873494252,0.09238691908417973,0.0,0.02093215931090213,0.04433861759243935,-0.11425092784462901,0.3826231918269109,3.533547104039492,2.1176217864353224,4.311385260005127
139.87856298680455,-0.059372403979773995,-0.07996118354330436,0.0,0.12990508425147307,0.17570721867555605,2.157083419013925,5.226131286849288,6.035015384886444,0.10795825999927056,-0.9943530231703968
140.54445761593152,0.05427869691700335,0.04767444686371568,0.0,-0.13182168550819406,-0.2846390757362692,-0.3265388510026615,2.278593734825513,5.581950482035579,2.2236111517737736,2.4458770120453575
141.35688710438532,0.24104879886088224,0.1902782195610351,3.469446951953614e-18,0.06529243481964114,0.022644143363129168,2.4999790238006674,2.9118520991462837,3.0046718161487806,1.4429766524575085,-0.7858869661715403
142.0255727509985,-0.046523506190092115,-0.02787784384473753,6.938893903907228e-18,0.17680119124484833,0.10267607399687236,-1.0901172641675723,1.4951374833923463,5.247902686437886,5.1232542086049895,2.2715951984652
142.69621700400413,-0.026741354981533898,0.0036126042112338136,0.0,0.015509482005108152,-0.17808323480639152,2.8251610694417573,4.462674512492023,3.5806645705571656,1.5972698781853634,-1.9611364381430185
143.47698046449085,-0.0561202614609177,-0.07106801787917601,0.0,0.09906211802139994,0.31981564134192253,1.813482871408433,2.4573500920838325,1.26575066836887,2.9055921227107575,1.242598085792257
144.1648005067293,0.15225283515954832,0.18508295488943402,0.0,-0.1250412466461599,-0.12211151366824963,0.41758622731732964,2.6612824753648088,3.4803503154235065,5.615382951711561,-0.042266078907128676
144.83193385330406,-0.2421908271168454,-0.17232188361084785,0.0,0.07545942489494417,0.0813507138786277,0.8609935359858039,1.984649281290722,2.4365835470432344,4.924539968047109,0.45926495073729706
145.61859029728714,0.12524639113779185,0.04802113487528533,0.0,-0.025471290972261387,0.07098798056105979,-0.5758054594219738,1.2597513794737962,3.1009118709446666,2.222012402616638,4.54806299679636
146.30278438774795,-0.02951762618865677,-0.017736613112776523,0.0,-0.019002727181705314,0.08641965536864928,2.3102709687369343,5.628305171175695,5.509051448605136,0.45033377103174876,-1.6222447840821745
146.9655164011328,-0.023376061698016044,0.003354508702108183,-6.938893903907228e-18,-0.19842934356792685,-0.2383095325979089,-0.8358140814224746,1.047131874193543,4.633247653474212,2.8103553403432735,3.103760907868836
147.77865808443033,0.2422070152277394,0.16368259089979306,0.0,-0.004728104906784736,-0.04827241660438019,1.6098529046392693,3.079491653888749,3.860697979544748,0.40804445261823347,0.24295172487934105
148.44978106431248,-0.118733206448635,-0.1008883670545931,0.0,0.15357943870166751,0.12816723925001197,-0.48748006083472906,3.0191876070664576,5.59546410904759,2.52933260900527,1.9377256331641666
149.12623398806,0.034456229307230586,0.07031516764920555,0.0,-0.09579594189715353,-0.2495329470115373,2.3139289591818333,4.319874248109328,3.8223052773424233,-0.6534198097320122,-0.15433710609270382
149.92512783299244,0.025852679727133926,-0.03402271584021224,0.0,0.19560628935297075,0.23349387815009492,2.275324913487071,3.1490789722289882,2.6832951710462543,2.6278365845990916,-1.5412851653094712
150.5963263348958,0.12907936317761046,0.10008310586834125,-1.734723475976807e-18,-0.011891025721952126,-0.1456001114051489,-0.5329297303295922,2.027975607471228,4.062694281131024,5.261652474050955,1.392666309972628
151.26813439613855,-0.22903214773471176,-0.17173069816866118,0.0,0.12870710545854042,0.03289230376888096,2.1305239363362216,3.3104987166751174,1.8320000063907267,2.12738986850235,-0.08361287189440401
152.04513041079414,0.03710847005524629,0.0016857562310348354,0.0,-0.04942700638014439,0.15794953099706469,-0.6739587288777948,0.4119392081573284,2.7787371295930705,4.2348927127753635,3.6925738198738207
152.7230091861555,0.008941484480061945,-0.007312528397839489,-6.938893903907228e-18,-0.1066179796712898,0.009233349101415003,2.695912004393569,4.501136186306708,4.251925110666207,2.048362941543154,-2.0110566399806205
153.38245315153674,-0.07318231073192112,-0.024293396897436027,0.0,-0.18898530580500197,-0.17396849398665618,-1.1945455236741773,0.045319768975555716,3.320404252006307,4.614159613515065,2.54835126415978
154.1963003182947,0.21706931897056733,0.12836592557217197,-6.938893903907228e-18,-0.11124181007305103,-0.06459744571609786,1.057478964572204,3.2049609701170776,3.995186832914648,0.41969193156277385,1.1582179816801996
154.8693165279805,-0.17134490178001316,-0.10212474347242545,0.0,0.06345862855716036,0.1333768064232731,0.06181249918693688,3.1801954310277885,5.36611206434839,1.7329170418663185,1.4265520755289434
155.54658607400836,0.03645204796851598,0.0808443096975015,0.0,-0.20917985396452893,-0.3036129837263535,1.6255105881579612,2.878393596990233,3.350160502763405,0.15644073881462472,0.8870201810331948
156.3571540866463,0.0814371021882703,0.02937018809726225,0.0,0.11550080094157857,0.1265961940770679,2.3373781336060913,4.72536031028348,4.024225342875701,-0.07318933120289839,-1.4640784086783794
157.0217797356612,0.0407868537502273,0.05481579295768099,0.0,-0.029125866951671752,-0.12845103143714356,-1.072218853438972,2.5075965890650465,4.558725134357895,3.186613612357999,2.721793815597965
157.69531939761671,-0.17274063021134126,-0.11260853111027862,0.0,0.027484682728601013,-0.05201191667667741,2.756590120136959,4.322968477270836,2.336547649419358,-0.8509887279377604,-0.07917503179212843
158.4974000008392,-0.0272172915492722,-0.06428416069467514,3.469446951953614e-18,0.1521858913438225,0.24500712080078604,-0.2927120032041923,1.0053716822584313,3.070329971917976,5.116471104288264,1.29551907638499
159.16311003216956,0.06541922459201728,0.06429448371950557,0.0,-0.08465186844955594,-0.13767425180669016,2.0849044870461086,3.349925658288803,3.321776425670389,3.1577935678290165,-1.7644270934092037
159.86646733548795,-0.14060710974599802,-0.14863278340120567,0.0,0.12565803102505552,0.039373299909101656,0.7608876953671347,1.6275036400624294,0.6341350886050738,1.6060543419129356,3.8215638693644243
160.62887734696633,0.17624086513464332,0.1718853819737585,0.0,-0.15400290166374164,-0.02983726245585424,0.049727883179653126,1.3985851282236712,3.6321706981770516,3.564248455576728,1.4670325932178427
161.29649738987257,-0.16158588794821246,-0.09265495618679805,0.0,0.015537634531450914,0.12518848175684935,0.9449123020160515,2.4616004130198132,4.4149848832731085,3.065179426894497,-0.30565342403322127
161.97516425335732,0.01949960495064224,0.06998955185806721,0.0,-0.20448935153852937,-0.30097430813598214,1.0087930703376442,-0.1399808047207557,1.8811104749660459,2.9303470124656696,1.2179939516842744
162.78359698846668,0.09778949019512295,0.10056910554064813,0.0,0.009038230326082797,0.03952359879182641,2.090739879107888,5.2238974800351965,4.344977514469816,-0.5522958046153505,-1.2122483698926814
163.44401854931587,-0.032718835919380504,0.021973723808313864,0.0,-0.02813465489096132,-0.08967478763792683,-1.290354540677146,2.2824209277343317,4.42373745264123,2.886106620394833,2.850824712455453
164.1428895429867,-0.04793737469142496,0.0315562390219023,0.0,-0.07172352429687583,-0.11638215274431842,3.2675705131689137,2.35030048726196,1.3078714051019094,-0.479851863503576,-0.09143841855064147
164.923070435544,-0.06157841172553842,-0.10699553684648845,0.0,0.2532077152464172,0.20909393840848864,0.20355650791211316,3.366446523345288,3.475567178550656,2.5034976939747007,0.8077040460524278
165.58647562338217,0.07229842782531123,0.0420867848307962,0.0,-0.006514937828407024,-0.21997750511221117,1.150626680430881,4.2635221297522365,3.1742620466503793,1.6280254463746135,-0.6286028029490022
166.32893904101644,-0.11341590101472829,-0.053493130623641034,0.0,0.13798288300923864,0.17189324159881125,2.3487677113531262,1.5461124203247627,0.8524180664494244,-0.10988820173099967,1.9532135150544572
167.0547920327615,0.11665778162621093,0.04623307170264754,-1.734723475976807e-18,0.02934040780443145,-0.04793753564392336,-0.6650158386164037,0.13234364969284906,3.2481395311101315,5.472556470533659,1.8599629445340744
167.71864188653274,-0.14789668118894608,-0.15488528003661764,0.0,0.15466213869194229,0.06517069762723536,1.6028067033041382,1.9635426827418827,3.7966832476712287,3.3694170227290297,-1.491703239720846
168.50881247539675,0.0038430400841289788,0.023708890006511725,0.0,0.1801933256165803,0.19147723894451768,-0.053712468014152484,0.6633651713470229,1.542785262924438,1.312687940960089,4.139641267700049
169.19310105591117,0.08768887108978429,0.06663092892716904,0.0,0.0580797539028305,-0.003421534835518769,2.083807504794944,4.066093511990584,4.117859111147487,0.5921627352777599,-1.1263844054171612
169.86674233303984,-0.10445935692594967,-0.005290398327649608,-6.938893903907228e-18,0.13061697570734068,0.014222548193886825,-1.0347324267656153,0.3973364824716655,4.08550646425269,3.945434381427803,2.212514416487052
170.660960591958,0.19293793846222632,0.14592343087392173,0.0,-0.26868863454081665,-0.05799529691437075,0.7949963478080716,2.4998063565966504,1.2569422218564363,0.764592327658319,2.539233283787073
171.35107484031943,-0.08112243234807495,-0.08147577528749492,0.0,-0.1087312240795805,0.18820995279206465,1.0086713610760034,4.437484095384196,3.7695725239686424,0.7011563678207389,0.014640636090453962
172.01612625567972,0.07790693872817185,0.1374982262249943,0.0,-0.335851412727222,-0.22398144641839965,0.3682338570403608,3.4226207320784114,3.287114236897379,1.171315730760201,0.8776238350988331
172.81306414246495,0.08351083357636753,0.029092242220217685,0.0,-0.06470168796990462,0.1235143742631001,2.6592431122493494,2.698732400160849,1.0709810884630095,0.9677208025732607,-1.096888005312727
173.48555823490335,0.04251846584301865,0.029689719094589607,-3.469446951953614e-18,-0.10097718683672689,0.02514479152889579,-1.161997282356236,1.741070426602942,3.195120144992283,4.292071763795435,2.129151781673922
174.14616726297317,-0.10170658627918122,-0.13191069282310575,8.673617379884035e-19,-0.08566140032913186,0.0013754348315185667,1.7896293314905758,3.971514812501642,2.827894555082986,1.4580352171961537,-1.519099758819774
174.91935703913893,-0.03392431701052123,-0.009467199030918793,0.0,-0.07176011335409674,0.185229434569356,0.20613492786321258,-0.2808631545058488,1.181667659947079,2.2955699053968055,3.4017161175419526
175.62123320498827,0.12656121628692904,0.10001417979312088,0.0,-0.16466752768259973,-0.0832561341100311,1.493646181941798,2.0019894696126217,3.9497204787734734,2.9041262091871216,-1.2838658812061483
176.29203579585334,-0.1468222388613791,-0.10304673277417196,0.0,0.022538151341845343,0.02065069861764772,-0.5005135215463209,0.1258028474009681,3.377637308923905,4.325928748137685,1.235695505295708
177.10249788131665,0.1489001845862609,0.14888984175265937,1.734723475976807e-18,-0.04995453006935128,0.0189849650968503,-0.5216216948811527,0.8119964798443906,2.8132432334557413,2.2530258123632523,2.5120984164301645
177.77322284179974,-0.06108196590792752,-0.0016744979229672344,0.0,0.0815432564126699,0.15555614060266443,1.4268955680887168,2.8604504602624057,3.933650138424058,1.128558742446264,-0.9491507196045369
178.4265931240116,0.07032336618445907,0.11093084872338732,0.0,-0.11118270391519186,-0.20760533335240572,0.07695737621567388,1.4553979482699804,2.9408033558390527,2.3671645405780684,0.7279744683626277
179.2178297663255,0.07674502921381163,-0.007665157998198691,-5.421010862427522e-20,0.14539008206467863,0.027431196075331753,2.655121465199612,3.5651738721362567,0.4752660861674904,0.058304012203620754,-0.3310443744852912
179.90738086054117,-0.040758510954979676,-0.01993014303321792,0.0,0.19518023982645757,0.051126601929884954,-1.2151137454294425,1.8493893458611546,2.5836030040500004,2.707596482658482,2.006476188072044
