t_s,theta1,theta2,theta3,theta4,theta5,omega1,omega2,omega3,omega4,omega5
0.00000000,-1.270668101,-0.3306706666,-0.1016550666,0.1188927537,0.3493012693,0,0,0,0,0
0.00833333,-1.268241479,-0.3306706666,-0.1016550666,0.1188927537,0.3493012693,0.582286663,0,6.760118512e-17,-5.408094809e-17,5.408094809e-17
0.01666667,-1.260966409,-0.3306706666,-0.1016550666,0.1188927537,0.3493012693,1.163461449,0,1.352023702e-16,-1.081618962e-16,1.081618962e-16
0.02500000,-1.248856375,-0.3306706666,-0.1016550666,0.1188927537,0.3493012693,1.742502453,0,2.028035553e-16,-1.622428443e-16,1.622428443e-16
0.03333333,-1.23193367,-0.3306706666,-0.1016550666,0.1188927537,0.3493012693,2.318310819,0,2.704047405e-16,-2.163237924e-16,2.163237924e-16
0.04166667,-1.210230195,-0.3306706666,-0.1016550666,0.1188927537,0.3493012693,2.889674071,0,3.380059256e-16,-2.704047405e-16,2.704047405e-16
0.05000000,-1.183788545,-0.3306706666,-0.1016550666,0.1188927537,0.3493012693,3.455231979,0,4.056071107e-16,-3.244856886e-16,3.244856886e-16
0.05833333,-1.152663376,-0.3306706666,-0.1016550666,0.1188927537,0.3493012693,4.01344598,0,4.732082958e-16,-3.785666367e-16,3.785666367e-16
0.06666667,-1.116922998,-0.3306706666,-0.1016550666,0.1188927537,0.3493012693,4.562573332,0,5.408094809e-16,-4.326475847e-16,4.326475847e-16
0.07500000,-1.076651169,-0.3306706666,-0.1016550666,0.1188927537,0.3493012693,5.100647293,0,6.08410666e-16,-4.867285328e-16,4.867285328e-16
0.08333333,-1.031949011,-0.3306706666,-0.1016550666,0.1188927537,0.3493012693,5.625464748,0,6.760118512e-16,-5.408094809e-16,5.408094809e-16
0.09166667,-0.9829370107,-0.3306706666,-0.1016550666,0.1188927537,0.3493012693,6.134582775,0,7.436130363e-16,-5.94890429e-16,5.94890429e-16
0.10000000,-0.9297569875,-0.3306706666,-0.1016550666,0.1188927537,0.3493012693,6.625325569,0,8.112142214e-16,-6.489713771e-16,6.489713771e-16
0.10833333,-0.8725749482,-0.3306697051,-0.1016550665,0.1188927537,0.3493012693,7.094007554,0.000784495961,1.619647075e-07,5.120156654e-09,1.234653022e-13
0.11666667,-0.8116125211,-0.3306364862,-0.1016544892,0.1188927552,0.3493012693,7.530784372,0.008709149011,0.0005150177663,7.000686645e-07,1.341149616e-10
0.12500000,-0.747183855,-0.3304970619,-0.1016279264,0.1188928084,0.3493012692,7.924197005,0.02649437882,0.007291079356,2.006415183e-05,-3.396282733e-08
0.13333333,-0.6796814195,-0.3301643171,-0.1015063721,0.1188934103,0.3493012685,8.266824935,0.05598804934,0.02360650425,0.0001592980084,-1.161701514e-07
0.14166667,-0.6096126696,-0.3294784658,-0.1012046307,0.1188964213,0.3493012701,8.534403629,0.1162059067,0.05062392355,0.0006483774107,9.264371605e-07
0.15000000,-0.5377572754,-0.328041484,-0.1006331473,0.1189062156,0.3493013009,8.686903086,0.2448137858,0.08822630735,0.001862120673,8.355095721e-06
0.15833333,-0.4653657399,-0.324993897,-0.09970748749,0.118930907,0.3493014648,8.643656359,0.5222015176,0.135466268,0.004323028541,3.627319844e-05
0.16666667,-0.3947260067,-0.3184408325,-0.09834928898,0.1189835889,0.3493020421,8.223306991,1.128757967,0.1922312376,0.008706580941,0.0001141749625
0.17500000,-0.3303542358,-0.3042992092,-0.09646455465,0.1190837553,0.349303651,7.038736233,2.44044117,0.2637252912,0.01588245677,0.0002951949617
0.18333333,-0.2873033889,-0.2681103435,-0.09384905868,0.1192591121,0.3493074853,3.018370936,6.498599328,0.3762584658,0.0270025946,0.000666126807
0.19166667,-0.2702262497,-0.2064057291,-0.08978316071,0.1195514041,0.3493156451,1.40595808,7.933696816,0.6396252365,0.04450383172,0.001360542046
0.20000000,-0.2615159571,-0.1395014877,-0.08211170418,0.1200297538,0.3493316184,0.7744351007,7.923288551,1.299475494,0.0726097831,0.00258337721
0.20833333,-0.2563202682,-0.07867276352,-0.06502583558,0.1208193286,0.3493610488,0.510133098,6.038420963,3.385271859,0.1226321864,0.004658931968
0.21666667,-0.2526470027,-0.04852558578,-0.01677113664,0.1222866041,0.3494132359,0.3811961444,1.93014144,7.416264683,0.2555880073,0.008198749852
0.22500000,-0.2498902331,-0.03734545627,0.0483850621,0.1258582768,0.3495067743,0.2828762598,0.9022488248,7.98415757,0.6761016041,0.0151352466
0.23333333,-0.2479070823,-0.03181481386,0.1124153484,0.1355482304,0.349691188,0.1939673524,0.4884034605,7.089335263,1.866791526,0.0318437575
0.24166667,-0.2466482443,-0.02855053894,0.152223726,0.1703660003,0.3501340223,0.1085674143,0.3144181256,2.218366485,6.69413041,0.08700635908
0.25000000,-0.246091347,-0.02643898062,0.1628950707,0.2328849432,0.351577079,0.02545066163,0.1952344061,0.6852278697,7.91288755,0.3021691854
0.25833333,-0.2462180366,-0.02527290006,0.1659824487,0.2985978474,0.3563044697,-0.05549221424,0.08518371143,0.1408167642,7.662043206,0.9341657151
0.26666667,-0.2470101005,-0.02501549548,0.166165582,0.3563517685,0.370316447,-0.1342336965,-0.02331048481,-0.06265304756,5.575103494,3.009357551
0.27500000,-0.2484490924,-0.02566022326,0.1652770079,0.3827529005,0.4147517724,-0.2107542978,-0.1313860931,-0.1409532817,1.418079357,6.982093576
0.28333333,-0.2505165417,-0.02720394178,0.1639032927,0.3889557005,0.4775340135,-0.2850691976,-0.2389204712,-0.1858321889,0.2184047946,7.92886669
0.29166667,-0.2531942541,-0.02963652637,0.1622113833,0.3881270306,0.545050726,-0.3572276608,-0.3443829652,-0.2189476025,-0.3461952004,8.19824861
0.30000000,-0.256464525,-0.03293187295,0.160269527,0.3840001183,0.6132652162,-0.4272936425,-0.4455979417,-0.2464393939,-0.6117632473,8.13529531
0.30833333,-0.2603101439,-0.03704485901,0.1581116924,0.3783076566,0.6801721818,-0.4953165427,-0.5402283691,-0.2711886837,-0.7389621486,7.901598801
0.31666667,-0.2647141426,-0.04191150521,0.1557487491,0.3718728174,0.7446864605,-0.5613000405,-0.6262486375,-0.296142918,-0.797018723,7.568734662
0.32500000,-0.269659301,-0.04745552846,0.1531695164,0.3651265273,0.8061434177,-0.6251769914,-0.7025805839,-0.3234727703,-0.8180374459,7.173190479
0.33333333,-0.2751274941,-0.05359044646,0.1503438618,0.3583021949,0.8641206741,-0.6867951766,-0.7678628839,-0.3559454957,-0.8161785665,6.7349694
0.34166667,-0.2810988937,-0.06021983373,0.1472056124,0.3515803019,0.9183043764,-0.7458864939,-0.8211374266,-0.3992157544,-0.7940060715,6.264421201
0.35000000,-0.2875507737,-0.06724154743,0.1436590292,0.3451035994,0.9684677626,-0.8020385046,-0.862003742,-0.453705311,-0.758759137,5.771763753
0.35833333,-0.2944567484,-0.0745526245,0.1396164558,0.3389608726,1.014453698,-0.8547841266,-0.8907185261,-0.5179276653,-0.7140242142,5.262272571
0.36666667,-0.3017860022,-0.08205776751,0.1350097003,0.3332242761,1.056132584,-0.9034947598,-0.9088886374,-0.5884167088,-0.6617143608,4.738474151
0.37500000,-0.3095017253,-0.08967519186,0.1298024949,0.3279459464,1.093394937,-0.9474292485,-0.9178591054,-0.6614193329,-0.6044983278,4.202669139
0.38333333,-0.317561406,-0.09733336863,0.1239896734,0.3231551008,1.126149497,-0.9859259741,-0.9188968653,-0.7331185441,-0.5451971585,3.656930469
0.39166667,-0.3259166999,-0.1049720637,0.1175982001,0.3188571759,1.15432135,-1.018265061,-0.9134291394,-0.7996825571,-0.4866349321,3.103110808
0.40000000,-0.3345136913,-0.1125432386,0.1106839988,0.3150373676,1.177850157,-1.043838928,-0.9029369061,-0.8581425759,-0.4307036925,2.54285791
0.40833333,-0.3432937536,-0.1200106884,0.1033261045,0.311666132,1.196688528,-1.062121823,-0.8887337915,-0.9057056711,-0.3793167633,1.977636492
0.41666667,-0.3521941874,-0.1273485694,0.09562655288,0.3086975052,1.210800611,-1.072647344,-0.8720358666,-0.9397420696,-0.3343719377,1.408755316
0.42500000,-0.3611483975,-0.1345407793,0.0877071821,0.3060710086,1.220160915,-1.074948839,-0.8539657358,-0.9581916075,-0.2973897187,0.837398281
0.43333333,-0.3700860971,-0.1415803529,0.07970014105,0.3037199948,1.224753413,-1.068658722,-0.8355245253,-0.9608931379,-0.2680908743,0.2646584346
0.44166667,-0.3789354081,-0.1484666416,0.07173648898,0.3015815483,1.224570935,-1.053742679,-0.817235273,-0.9477088358,-0.2464404883,-0.3084242905
0.45000000,-0.3876246294,-0.1552018937,0.06394929713,0.2995907531,1.219614985,-1.030256217,-0.7992776933,-0.9185900234,-0.2326616111,-0.8807940573
0.45833333,-0.3960832491,-0.1617884654,0.05646706314,0.2976848134,1.20989608,-0.9984600831,-0.7815002255,-0.874936251,-0.2257339704,-1.451345287
0.46666667,-0.4042437564,-0.168226164,0.04940232576,0.295812941,1.195434168,-0.9587933887,-0.7634500831,-0.8185893571,-0.2244072765,-2.018915647
0.47500000,-0.4120427603,-0.1745099222,0.04285525047,0.293930716,1.176259236,-0.9117728532,-0.7444166241,-0.7509896853,-0.2281052149,-2.582252143
0.48333333,-0.4194207048,-0.1806278561,0.03691163241,0.2919993503,1.152412203,-0.8578377997,-0.7234828027,-0.6740971084,-0.2360628866,-3.139978312
0.49166667,-0.4263228852,-0.1865596585,0.03163961367,0.28998775,1.12394608,-0.7977227304,-0.6995581175,-0.5903003704,-0.2470596782,-3.690564628
0.50000000,-0.4327011947,-0.1922757373,0.02708507353,0.2878773947,1.090927351,-0.7322485102,-0.6715225924,-0.5022577274,-0.2596079316,-4.232303209
0.50833333,-0.4385144904,-0.1977372267,0.02327456695,0.2856592001,1.053437545,-0.6622610362,-0.6382790947,-0.4120835311,-0.2727874143,-4.763288012
0.51666667,-0.4437285998,-0.2028964398,0.02021711972,0.2833317106,1.01157495,-0.5885720182,-0.5988191734,-0.321871541,-0.2856857769,-5.281401842
0.52500000,-0.448315934,-0.2076978863,0.01790450659,0.280901141,0.9654563953,-0.5119690575,-0.5522889278,-0.2336465052,-0.2973718094,-5.784311479
0.53333333,-0.4522554895,-0.212079812,0.01631234364,0.2783814099,0.9152190427,-0.4332297816,-0.4980480787,-0.1492541313,-0.3069372528,-6.269472251
0.54166667,-0.455532482,-0.2159761939,0.01540176506,0.2757934686,0.8610224121,-0.3530663775,-0.4357198048,-0.07031437149,-0.3138737186,-6.733788846
0.55000000,-0.4581377387,-0.21931925,0.01512101299,0.2731436465,0.8030722268,-0.2721114279,-0.3653421985,0.001380674564,-0.3227405685,-7.168305691
0.55833333,-0.4600669976,-0.2220456325,0.01538838335,0.2704020428,0.7416669369,-0.1909106913,-0.2878621916,0.06028208602,-0.3360545944,-7.561455421
0.56666667,-0.4613201896,-0.2240991356,0.01607944616,0.2675298608,0.677179031,-0.1099253088,-0.2039800425,0.1025333121,-0.3539363574,-7.907479015
0.57500000,-0.4619007449,-0.2254301338,0.01704459679,0.264493097,0.6100155959,-0.02953452107,-0.1146503613,0.1258817102,-0.3757974456,-8.202708473
0.58333333,-0.4618149319,-0.2259984576,0.01812425006,0.2612064539,0.5406703141,0.04995835726,-0.02118579055,0.1301259068,-0.4191089361,-8.425242742
0.59166667,-0.461071269,-0.2257762845,0.01916413445,0.2573535378,0.4698971081,0.1283141054,0.07476961868,0.1166794199,-0.5192112201,-8.537805996
0.60000000,-0.4596800554,-0.224750708,0.02002609234,0.2522096485,0.398865016,0.2053417534,0.1712897836,0.08775197594,-0.7454304683,-8.470849589
0.60833333,-0.4576530474,-0.2229258339,0.02058386938,0.2441805178,0.3296198648,0.2808788296,0.2662273327,0.04341118646,-1.246647075,-8.073228031
0.61666667,-0.4550033174,-0.2203244397,0.02069859302,0.2298807382,0.2660386232,0.354767877,0.3572513577,-0.01977486783,-2.310300966,-7.049087709
0.62500000,-0.4517453183,-0.216989477,0.02015486806,0.2005863062,0.217466166,0.4268305016,0.4418561116,-0.1204278865,-5.261080257,-4.04952322
0.63333333,-0.4478951724,-0.2129855413,0.01837270333,0.1463677696,0.1948631426,0.4968396957,0.5172545407,-0.3393523745,-7.232965545,-1.850608117
0.64166667,-0.4434712042,-0.208409275,0.01364768203,0.08411369651,0.183580594,0.5644870438,0.5780020163,-0.8726994346,-7.511824792,-0.963603321
0.65000000,-0.4384948523,-0.203417953,0.001828260509,0.02463621126,0.1775483267,0.6293185334,0.6143600594,-2.178908622,-6.483850576,-0.5338970983
0.65833333,-0.4329923525,-0.1983271214,-0.03351656076,-0.01227115281,0.1741513955,0.6906003439,0.5899780315,-6.345284898,-2.289631972,-0.2980462772
0.66666667,-0.4269992181,-0.194136939,-0.09220031215,-0.02441802939,0.1724482395,0.7466181032,0.3616806068,-7.421361051,-0.8759541481,-0.1147344211
0.67500000,-0.4205755727,-0.1937730252,-0.1534235592,-0.02898289488,0.172199349,0.7927656357,-0.4108743138,-7.043029925,-0.3012152781,0.05356235412
0.68333333,-0.4138490569,-0.2089417213,-0.200537967,-0.03032943416,0.1733219995,0.8144625822,-4.329366384,-3.118487376,-0.05328517033,0.2148473239
0.69166667,-0.407278763,-0.2608696533,-0.2098210413,-0.03010664211,0.1757632155,0.732147448,-7.114802431,-0.08731801137,0.1030683932,0.3700102472
0.70000000,-0.4024735525,-0.3215543571,-0.2070063463,-0.02862190613,0.1794706806,0.3448204034,-7.249368496,0.6447595718,0.2542341013,0.5186334914
0.70833333,-0.4034878873,-0.3783642396,-0.2003696839,-0.02584284374,0.184387137,-0.7888256474,-6.131676757,0.8989506216,0.414559476,0.6600770135
0.71666667,-0.4277941267,-0.4109675111,-0.1925527963,-0.02168395974,0.1904509,-5.374951154,-1.341636837,0.9592656352,0.5851442338,0.7939487964
0.72500000,-0.4809673494,-0.4126282604,-0.1845435409,-0.01606790203,0.1975982897,-6.960349659,0.5239586672,0.9576872866,0.7637205823,0.9201476824
0.73333333,-0.5411357363,-0.4048046522,-0.1766505687,-0.008946780084,0.2057661546,-7.38184344,1.259401705,0.9342819777,0.945293435,1.038976327
0.74166667,-0.6028559093,-0.3927255612,-0.1689964456,-0.0003234361673,0.2148956448,-7.384337885,1.595988454,0.9020196177,1.123102077,1.150994615
0.75000000,-0.6636533707,-0.3787100142,-0.1616166183,0.009741817053,0.2249314621,-7.183384797,1.746759423,0.8699816256,1.290186552,1.256555767
0.75833333,-0.7222788191,-0.3638733964,-0.154470352,0.02113066489,0.2358212237,-6.872796669,1.802226033,0.8473167132,1.43967909,1.355973328
0.76666667,-0.7780168362,-0.3488257015,-0.1474501596,0.03367107373,0.2475142787,-6.496439222,1.802592971,0.8406279579,1.565691789,1.449385615
0.77500000,-0.8304393037,-0.3339342017,-0.1404027331,0.04715358545,0.2599615011,-6.078555707,1.765084584,0.8545376888,1.665689491,1.53697454
0.78333333,-0.8792303417,-0.3195082517,-0.1331381724,0.0613557671,0.2731139866,-5.626604156,1.691422726,0.8937661458,1.738091942,1.618596466
0.79166667,-0.9241483665,-0.3058309181,-0.1254287735,0.07604438797,0.286919999,-5.15061564,1.586725893,0.9607516675,1.782892501,1.693700221
0.80000000,-0.9650293599,-0.2931270775,-0.1170616367,0.09100128006,0.3013221102,-4.658362599,1.45879675,1.050692971,1.802719517,1.761515895
0.80833333,-1.001749889,-0.2815658001,-0.1078717908,0.1060258964,0.3162548042,-4.152475845,1.313552606,1.156922228,1.799615363,1.820772953
0.81666667,-1.034205378,-0.2712643073,-0.09776071451,0.1209428391,0.3316405665,-3.635094574,1.157610835,1.270070149,1.77763912,1.870044775
0.82500000,-1.062308324,-0.2622820118,-0.08671112884,0.1356107735,0.3473911479,-3.108176989,0.9981814671,1.380631467,1.740386937,1.908125504
0.83333333,-1.085986812,-0.2546169092,-0.07478271549,0.1499158977,0.3634079215,-2.573508409,0.8427047719,1.479484246,1.691125859,1.933719526
0.84166667,-1.105183134,-0.2482073356,-0.06210920959,0.1637730184,0.379581305,-2.032716024,0.6976208871,1.558395588,1.63350201,1.945462201
0.85000000,-1.11985255,-0.2429519135,-0.04887815644,0.1771271675,0.395790352,-1.487289145,0.5663360132,1.612462974,1.570894958,1.942131797
0.85833333,-1.129962243,-0.2387194413,-0.03531693535,0.1899474614,0.4119065637,-0.93860383,0.4523486654,1.637294001,1.505721458,1.923107627
0.86666667,-1.135490486,-0.2353645236,-0.02167292934,0.2022208954,0.4277975183,-0.3879508433,0.3558958631,1.632083364,1.43991411,1.88806859
0.87500000,-1.136426059,-0.2327385461,-0.008200437333,0.2139476821,0.4433307408,0.1634337717,0.2770044569,1.596517634,1.374694328,1.837310618
0.88333333,-1.132767981,-0.2307025445,0.00485562703,0.2251363062,0.4583765423,0.7143157969,0.2143357159,1.532195272,1.310835134,1.771161192
0.89166667,-1.124525743,-0.229127408,0.0172642999,0.2357992316,0.4728091675,1.263415583,0.1658897906,1.441813501,1.248500493,1.690270421
0.90000000,-1.111719674,-0.2279016619,0.02882097604,0.2459477484,0.4865081978,1.809409774,0.1303056622,1.328171388,1.187265318,1.595202642
0.90833333,-1.094381402,-0.2269274805,0.03934776856,0.255587584,0.4993593926,2.350904783,0.1050570122,1.195367391,1.126232294,1.487005722
0.91666667,-1.072554558,-0.2261259339,0.04869947327,0.2647153282,0.5112587712,2.886408766,0.08871946799,1.046634776,1.064125075,1.366984951
0.92500000,-1.046295704,-0.2254287729,0.05675777282,0.2733158025,0.5221135182,3.414306671,0.07954760956,0.8857512242,0.9994358645,1.236524514
0.93333333,-1.015675446,-0.2247858718,0.06343979776,0.2813611638,0.5318423291,3.932839385,0.07551899319,0.7168763328,0.9306163112,1.097010793
0.94166667,-0.9807797096,-0.224158708,0.06869276884,0.2888095832,0.5403761807,4.440088058,0.07559116705,0.5433404298,0.855868438,0.9499975135
0.95000000,-0.9417111074,-0.2235178327,0.07249184326,0.2956044083,0.5476592975,4.933964719,0.07860878059,0.3684983705,0.7734815142,0.7971065164
0.95833333,-0.8985903686,-0.2228437752,0.0748402913,0.3016750784,0.5536494348,5.41221028,0.08334915258,0.1957538806,0.6818079454,0.6399455689
0.96666667,-0.8515577906,-0.2221272764,0.07576899695,0.3069384539,0.5583174787,5.872299077,0.08867461766,0.02825223673,0.5795552245,0.4800520278
0.97500000,-0.8007912447,-0.2213553162,0.07533511207,0.3113025083,0.5616466574,6.306175257,0.0974882828,-0.1302788352,0.4658604099,0.318845749
0.98333333,-0.7465583888,-0.2204870688,0.07364033157,0.314671652,0.5636316359,6.703086505,0.1118380744,-0.2736949635,0.3409934338,0.1576574023
0.99166667,-0.689189183,-0.219475547,0.07082456919,0.3169571179,0.5642777301,7.058259053,0.1318549937,-0.3987630673,0.2058381991,-0.002293432792
1.00000000,-0.6290457345,-0.2182750523,0.06705317914,0.3180752871,0.563599903,7.368479796,0.1570370037,-0.5026716266,0.06097882676,-0.1599117768
1.00833333,-0.5665112797,-0.2168477152,0.06250991402,0.3179493826,0.5616217103,7.631860952,0.1860335966,-0.5838795115,-0.09252163059,-0.3142311977
1.01666667,-0.5020224666,-0.2151304648,0.05738482774,0.3165139149,0.5583742054,7.831951404,0.2314202665,-0.6424631678,-0.2529018692,-0.4644190546
1.02500000,-0.4362484873,-0.2128615137,0.0518631882,0.3137224999,0.5538948347,7.93415233,0.3242459267,-0.6791815489,-0.4175745004,-0.6097718685
1.03333333,-0.3702055509,-0.2094503984,0.04612172101,0.3095485126,0.548226343,7.883729405,0.51822288,-0.6955168854,-0.5843348294,-0.7497266707
1.04166667,-0.3055849073,-0.2036394532,0.04032553514,0.3039845574,0.5414156703,7.566482587,0.9258311589,-0.6920260708,-0.7507369506,-0.8838234986
1.05000000,-0.2454290357,-0.1928536192,0.03465126664,0.2970447056,0.5335133204,6.766189759,1.756609326,-0.6655093665,-0.9140800997,-1.011669602
1.05833333,-0.1950510016,-0.1723431225,0.02932916868,0.2887665797,0.5245727226,5.093632364,3.381599041,-0.6041226026,-1.071392787,-1.132976907
1.06666667,-0.16439856,-0.1329600826,0.02478400327,0.2792139692,0.5146487029,2.487729443,5.817239669,-0.467235171,-1.21941863,-1.247669782
1.07500000,-0.1495267065,-0.08012956296,0.02206755332,0.2684814761,0.5037972703,1.204233268,6.682011698,-0.1367626017,-1.353545151,-1.355504783
1.08333333,-0.142673249,-0.02465498705,0.02374376132,0.2567119461,0.492076944,0.5140931913,6.438389509,0.6482740714,-1.466960923,-1.456148239
1.09166667,-0.1400963721,0.02246649234,0.0365157306,0.2441297755,0.4795491855,0.1383443521,4.190390144,3.048778993,-1.544453867,-1.549191848
1.10000000,-0.1400376621,0.04090177708,0.07815332956,0.2312230151,0.4662807314,-0.1153926769,0.9595095296,6.177417843,-1.526873687,-1.633693994
1.10833333,-0.1419439981,0.04436622368,0.1326453496,0.2194184771,0.4523498566,-0.339732627,0.002525124122,6.691055315,-1.236199364,-1.707652011
1.11666667,-0.1456730164,0.0424624859,0.1861051338,0.212526799,0.4378637027,-0.5540139478,-0.3996041558,5.879278342,-0.2258453402,-1.765530921
1.12500000,-0.1511583872,0.03834912153,0.2158113123,0.2296552905,0.4230243523,-0.761262434,-0.5682329503,0.6354547594,4.916337145,-1.784061655
1.13333333,-0.1583379591,0.03310292122,0.2112159071,0.27936008,0.4085364652,-0.9602811815,-0.6906801941,-1.213046816,6.443176083,-1.652571426
1.14166667,-0.1671339209,0.02680566209,0.198482962,0.3330346633,0.3965647413,-1.148818581,-0.8237984282,-1.746555123,6.243034527,-1.121898103
1.15000000,-0.1774497432,0.01931239112,0.1831677131,0.3793024002,0.3928897134,-1.324728763,-0.9785078723,-1.888203,4.249620635,0.8104917154
1.15833333,-0.1891759053,0.01042962583,0.1674547153,0.392226929,0.421286196,-1.48732145,-1.157211865,-1.867887856,-0.5222672717,5.365805807
1.16666667,-0.202200857,-2.965596764e-05,0.1521924165,0.3819706419,0.470835969,-1.636412075,-1.355554912,-1.788667412,-1.767104631,6.349159531
1.17500000,-0.2164123454,-0.01219388034,0.1377246242,0.3646542348,0.5251798284,-1.77216552,-1.564842765,-1.68017753,-2.313203458,6.616079757
1.18333333,-0.2317014521,-0.02610747003,0.124222482,0.3442824558,0.5802162643,-1.89515526,-1.773072759,-1.559675914,-2.541281214,6.55668513
1.19166667,-0.2479648825,-0.04170371831,0.1117184699,0.3227125623,0.6340283928,-2.006092704,-1.966551338,-1.443394162,-2.617332195,6.339561877
1.20000000,-0.2651046324,-0.05881264134,0.1001161265,0.3008972669,0.6856353336,-2.105606538,-2.134516402,-1.345084139,-2.607139449,6.035062246
1.20833333,-0.2830284899,-0.07718140785,0.0892181001,0.279402387,0.7344863037,-2.194380944,-2.267454461,-1.276463405,-2.543588334,5.682820184
1.21666667,-0.3016492469,-0.09649383312,0.07873951554,0.2586378168,0.7802473715,-2.272911805,-2.360748016,-1.244871634,-2.431899871,5.294026396
1.22500000,-0.3208809374,-0.1164110112,0.06835119025,0.2390070395,0.8226287326,-2.340854924,-2.41264327,-1.255252767,-2.271618791,4.872365942
1.23333333,-0.3406322281,-0.1365981173,0.0577111051,0.2208984097,0.8613771942,-2.397524418,-2.425992879,-1.305082437,-2.067570628,4.423562279
1.24166667,-0.3608060128,-0.1567456261,0.04649813393,0.2046457301,0.8963063169,-2.442082528,-2.404146535,-1.390819688,-1.828404092,3.957142209
1.25000000,-0.3812970136,-0.1765850923,0.03446902481,0.1904875,0.9272943615,-2.473401482,-2.352756295,-1.498780726,-1.566792221,3.478044731
1.25833333,-0.4019875044,-0.1958891495,0.02149507907,0.1785615939,0.9542440313,-2.489702633,-2.276674044,-1.614901263,-1.294757057,2.988251723
1.26666667,-0.4227467932,-0.2144788356,0.007577699844,0.1689012781,0.9770740064,-2.489695836,-2.182205533,-1.722616712,-1.0252009,2.489616495
1.27500000,-0.4434337986,-0.2322218114,-0.007151174644,0.1614332349,0.9957179004,-2.472136909,-2.074296613,-1.807489204,-0.7704543172,1.983871563
1.28333333,-0.4638960278,-0.2490262597,-0.02245843719,0.1559979593,1.010123305,-2.435554964,-1.95762027,-1.860222499,-0.53839358,1.472641637
1.29166667,-0.4839717484,-0.2648349118,-0.03804666201,0.1523809932,1.02025096,-2.379301552,-1.83591335,-1.874487775,-0.3343151205,0.9574609042
1.30000000,-0.5034952339,-0.279620389,-0.05358670935,0.1503441986,1.026074084,-2.302928063,-1.712620354,-1.848446228,-0.159275675,0.4397936692
1.30833333,-0.5222972899,-0.2933816535,-0.06874479629,0.149648709,1.027577887,-2.206214778,-1.590402907,-1.783036677,-0.01222981581,-0.07894250285
1.31666667,-0.5402108296,-0.3061336572,-0.08320401556,0.1500704189,1.024759315,-2.089819395,-1.470519571,-1.681328056,0.1092945761,-0.5973383132
1.32500000,-0.5570762661,-0.3178974516,-0.09667812593,0.1514082642,1.017627213,-1.954952087,-1.353193278,-1.547508707,0.2083383565,-1.11394603
1.33333333,-0.5727464601,-0.3286932167,-0.108917627,0.1534873063,1.006202624,-1.803197755,-1.238122701,-1.385848415,0.2877200198,-1.627284791
1.34166667,-0.5870867775,-0.3385372175,-0.1197122831,0.156157592,0.9905191283,-1.636022117,-1.124645877,-1.20132394,0.3504653528,-2.13582276
1.35000000,-0.5999747694,-0.3474396015,-0.1288894637,0.1592896305,0.970623361,-1.454921452,-1.011973021,-0.9985992262,0.3991335462,-2.637955638
1.35833333,-0.6113019488,-0.3554016993,-0.1363173606,0.1627762244,0.9465756926,-1.261758127,-0.8986644984,-0.7821280099,0.4357204499,-3.131988004
1.36666667,-0.6209761745,-0.3624100639,-0.1419004284,0.1665236902,0.9184510555,-1.058549603,-0.7827419243,-0.5567947223,0.4622110365,-3.616118413
1.37500000,-0.6289217683,-0.3684354334,-0.1455852062,0.1704567688,0.8863398735,-0.8471938779,-0.6624961239,-0.3271285713,0.4804352979,-4.088429139
1.38333333,-0.635078978,-0.3734351495,-0.1473505913,0.1745109154,0.8503490543,-0.6296829429,-0.5363093729,-0.09674787095,0.4914517703,-4.546881475
1.39166667,-0.6394050889,-0.3773530388,-0.147208261,0.1786251502,0.8106126363,-0.4080678181,-0.402611226,0.1295276784,0.4942837131,-4.985371081
1.40000000,-0.6418742532,-0.3801207738,-0.1452248642,0.1827236534,0.7673413121,-0.1843423566,-0.2600841125,0.3441307448,0.4878344602,-5.394509624
1.40833333,-0.6424769343,-0.3816606503,-0.1415163495,0.1867288276,0.7207966187,0.0395763534,-0.1078114459,0.543057274,0.4717150387,-5.770374416
1.41666667,-0.6412192068,-0.3818916287,-0.1362228191,0.1905564457,0.6712701252,0.261856267,0.05382870594,0.7243827049,0.445129193,-6.109647614
1.42500000,-0.6381220922,-0.380739506,-0.1294960708,0.1941181129,0.6190778858,0.4807455428,0.2240950932,0.8866173736,0.4080619345,-6.409813395
1.43333333,-0.6332207682,-0.3781339542,-0.1215077109,0.1973356381,0.5645529744,0.6946029072,0.4025384978,1.026744662,0.363037941,-6.669312001
1.44166667,-0.6265636027,-0.3740103571,-0.1124484439,0.2001422956,0.5080498411,0.9019066204,0.5881809898,1.143631752,0.3065448623,-6.880977581
1.45000000,-0.6182106996,-0.3683176125,-0.1025086349,0.202337923,0.4500876612,1.101388149,0.7787123632,1.238324901,0.2116177359,-7.014382417
1.45833333,-0.6082321765,-0.3610236531,-0.09186840078,0.2034628634,0.391464399,1.291858647,0.9721717095,1.311815151,0.04130061475,-7.031102761
1.46666667,-0.5967077732,-0.3521120562,-0.08070540792,0.2026242229,0.3334261711,1.472234721,1.166590218,1.36367952,-0.2760963107,-6.857103659
1.47500000,-0.5837256255,-0.34158406,-0.06920160893,0.1980843808,0.2780843445,1.641565756,1.359716082,1.393238198,-0.8757198492,-6.354405283
1.48333333,-0.5693808228,-0.3294610723,-0.05756153609,0.186703604,0.2290000284,1.799213558,1.548905032,1.394975755,-1.948758933,-5.322091619
1.49166667,-0.5537725282,-0.3157878222,-0.04607034789,0.1640374587,0.1911644441,1.944697025,1.731284507,1.353442778,-3.593814883,-3.640320662
1.50000000,-0.5370044766,-0.3006342519,-0.03523632899,0.1270302597,0.1684421012,2.077486321,1.903589993,1.226384927,-5.150754176,-1.923154588
1.50833333,-0.5191840891,-0.2841004325,-0.02614740759,0.08048461757,0.1574512041,2.197236418,2.061742644,0.9089060873,-5.870838764,-0.8105931531
1.51666667,-0.5004200936,-0.26632813,-0.02125423242,0.03182506168,0.1535885584,2.303914567,2.199274423,0.1644304248,-5.635773649,-0.1783204361
1.52500000,-0.4808228462,-0.2475381914,-0.02622711981,-0.009706234845,0.153723842,2.397155191,2.302815689,-1.814772476,-3.832366924,0.1798210945
1.53333333,-0.4605064122,-0.2281549877,-0.05778438335,-0.02517067333,0.1562663018,2.476407084,2.32804064,-5.154186716,-0.4498714342,0.4213986026
1.54166667,-0.4395913192,-0.209324681,-0.1046369008,-0.02397481164,0.1606784757,2.540452042,2.136462223,-5.889760572,0.5969329035,0.6357570176
1.55000000,-0.4182188159,-0.1940337414,-0.1526872056,-0.01690920244,0.1668485188,2.585091493,1.395553675,-5.430925104,1.030129546,0.8447501342
1.55833333,-0.3965956867,-0.1940675372,-0.1862809837,-0.007575460576,0.1747537626,2.595757503,-2.550978922,-1.447091204,1.181872271,1.052167189
1.56666667,-0.3752662918,-0.2318741027,-0.1809444907,0.00256821993,0.1843751858,2.490445871,-5.452785546,1.694042429,1.249502021,1.256139131
1.57500000,-0.3559793968,-0.2787205115,-0.1633740515,0.01325016049,0.1956701293,2.056553551,-5.586213632,2.399161863,1.31621047,1.453176419
1.58333333,-0.3431468487,-0.3215007221,-0.1423258589,0.02455951953,0.2085655651,0.7651985576,-4.373450238,2.599278452,1.4018808,1.639715994
1.59166667,-0.3567949957,-0.3375064424,-0.1206438503,0.03668742288,0.2229614817,-4.135449203,0.6437592953,2.582522648,1.513776256,1.812862565
1.60000000,-0.3984657138,-0.3242409575,-0.09951575013,0.04986892503,0.2387368728,-5.539888525,2.218673739,2.478440605,1.654342099,1.970545938
1.60833333,-0.4467346989,-0.3028766369,-0.07947321866,0.06433146989,0.2557573376,-5.953574964,2.818822238,2.325268308,1.820181154,2.111496605
1.61666667,-0.4966607146,-0.2782815896,-0.06084243469,0.08024498719,0.27388084,-5.987522121,3.043263032,2.14280906,2.000144007,2.235336955
1.62500000,-0.5460441824,-0.2526355152,-0.04378791773,0.09766280389,0.2929675797,-5.844114584,3.091034117,1.950336117,2.178568593,2.342853806
1.63333333,-0.5938039865,-0.2270341401,-0.02831111602,0.1165068015,0.3128860091,-5.606405368,3.040544009,1.766964279,2.339899676,2.435098196
1.64166667,-0.6393594135,-0.2021121567,-0.01426802345,0.1365750789,0.3335119188,-5.320994447,2.932336155,1.609177115,2.470279871,2.512758756
1.65000000,-0.6823910618,-0.1783034435,-0.00138150601,0.1575630078,0.3547268303,-5.000993303,2.773066429,1.49063999,2.559720897,2.576560424
1.65833333,-0.7226191897,-0.1560442563,0.01070844971,0.1791113451,0.3764175494,-4.648577105,2.560418381,1.419202455,2.603980914,2.626999009
1.66666667,-0.7597852438,-0.1357701619,0.02240354966,0.2008381608,0.3984716101,-4.26661955,2.297094244,1.395549272,2.603205779,2.663569622
1.67500000,-0.7936566509,-0.1178834105,0.0340877948,0.2223819511,0.4207693555,-3.858437467,1.989262097,1.41464953,2.561021132,2.685340262
1.68333333,-0.8240294181,-0.102709125,0.04606665065,0.2434241644,0.4431833529,-3.427533762,1.648018689,1.464468804,2.483587652,2.691297908
1.69166667,-0.8507321775,-0.0904675147,0.05854136358,0.2636937811,0.4655760825,-2.979049371,1.288639158,1.53071201,2.377038987,2.679879064
1.70000000,-0.8736520158,-0.08122748699,0.07157382071,0.2829812168,0.4877950478,-2.52018837,0.9306287155,1.595272494,2.248804081,2.6493861
1.70833333,-0.8927123727,-0.07491355489,0.08508090231,0.3011294085,0.509676319,-2.053064654,0.5883894006,1.642332185,2.104558314,2.598661283
1.71666667,-0.9078515516,-0.07134171054,0.09885859943,0.3180282394,0.5310457893,-1.579383494,0.2742321318,1.65827799,1.949930903,2.52631967
1.72500000,-0.9190217576,-0.070248435,0.1126118433,0.333613975,0.5517198928,-1.10077797,-0.005681632959,1.635562069,1.790044275,2.431803293
1.73333333,-0.9261885495,-0.07133636408,0.1260050182,0.3478555564,0.5715162385,-0.6188224329,-0.2492473065,1.571879962,1.627793184,2.315722624
1.74166667,-0.9293304161,-0.07430488555,0.1387006015,0.3607446155,0.590255992,-0.1350485571,-0.4574633235,1.468702865,1.465766387,2.178337773
1.75000000,-0.9284384986,-0.07887028268,0.1503844966,0.3722894181,0.6077653674,0.3490338208,-0.6331682853,1.329974324,1.305358285,2.020580831
1.75833333,-0.923516584,-0.08477600799,0.160780633,0.3825081348,0.6238781537,0.8318922798,-0.7798174833,1.16058028,1.147605631,1.843369739
1.76666667,-0.9145813599,-0.09179559794,0.1696563905,0.3914235075,0.6384388447,1.311965948,-0.9009496045,0.9658675789,0.992427219,1.648457963
1.77500000,-0.9016626361,-0.0997307329,0.1768236671,0.3990530952,0.6513099015,1.787663611,-0.9999038945,0.7512674068,0.8389043645,1.438181537
1.78333333,-0.8848036655,-0.1084075261,0.1821371411,0.4054078125,0.6623710829,2.2573476,-1.079565288,0.5219736275,0.6862958562,1.214425904
1.79166667,-0.8640615913,-0.1176753668,0.1854946981,0.4104908957,0.6715187024,2.719319725,-1.1420019,0.282510882,0.5335151527,0.9792846098
1.80000000,-0.8395084227,-0.1274003583,0.1868320309,0.4142958939,0.6786667594,3.171467874,-1.189685903,0.03811100089,0.3793597225,0.7348663983
1.80833333,-0.8112488961,-0.137461941,0.1861324619,0.416806301,0.683746406,3.607520125,-1.222371903,-0.2054715669,0.222583216,0.4832291011
1.81666667,-0.7794426625,-0.1477314939,0.1834257171,0.4179947263,0.6867066512,4.022128482,-1.240330662,-0.4422086601,0.06189558687,0.2265773592
1.82500000,-0.7442820475,-0.158100794,0.1787997787,0.417824226,0.6875148475,4.412037155,-1.246231898,-0.6655341266,-0.1037021241,-0.03290084392
1.83333333,-0.7059859678,-0.1684663749,0.1723783249,0.4162508213,0.6861564382,4.774145512,-1.239313534,-0.8727766337,-0.2748311558,-0.2930516885
1.84166667,-0.6647978897,-0.1787186627,0.1643013634,0.4132305135,0.6826346744,5.105694323,-1.218957978,-1.062720546,-0.450800551,-0.5517561218
1.85000000,-0.6209822113,-0.1887442744,0.1547178996,0.4087249728,0.6769702962,5.404447597,-1.184916112,-1.234117436,-0.6312703574,-0.8069365224
1.85833333,-0.5748193554,-0.1984302109,0.1437870526,0.4026975412,0.6692011677,5.668809795,-1.137559683,-1.385987054,-0.8159747763,-1.056562154
1.86666667,-0.5266055536,-0.2076646618,0.1316729939,0.3951156075,0.6593817555,5.894206617,-1.074599143,-1.518188413,-1.004117596,-1.298705775
1.87500000,-0.4767684435,-0.2162278138,0.1185346069,0.3859581549,0.647581689,6.053351178,-0.9716803258,-1.63208131,-1.193833957,-1.531622522
1.88333333,-0.4259906224,-0.2236601504,0.1045190896,0.3752170266,0.6338853136,6.112901403,-0.7961755623,-1.728911207,-1.384012734,-1.753526096
1.89166667,-0.3753237359,-0.229138116,0.08976541738,0.3628936652,0.6183915273,6.013377531,-0.4899870255,-1.808757451,-1.573321584,-1.962744096
1.90000000,-0.3265083577,-0.2311781585,0.07442997943,0.3490019667,0.6012118218,5.645243241,0.05166983293,-1.868261845,-1.760116499,-2.157939147
1.90833333,-0.2824343715,-0.2271837652,0.05868913306,0.3335706066,0.5824684657,4.846117328,0.9860968785,-1.905302443,-1.942506573,-2.337798539
1.91666667,-0.2472504416,-0.2133745635,0.0427574145,0.3166446562,0.5622944766,3.518726327,2.397198263,-1.912169117,-2.118439318,-2.501157342
1.92500000,-0.2244618919,-0.1867657227,0.0269551863,0.2982883975,0.5408304055,1.965065211,3.958781157,-1.869311085,-2.285330177,-2.647272433
1.93333333,-0.2135079472,-0.1487318904,0.01186777585,0.2785889311,0.5182235571,0.7476868022,5.057561764,-1.728858673,-2.44028149,-2.77530223
1.94166667,-0.2106257516,-0.1045070567,-0.00129245707,0.2576604291,0.4946263902,0.0157516374,5.428962333,-1.379833083,-2.579562949,-2.884913719
1.95000000,-0.2123079581,-0.0605253138,-0.009897709918,0.2356554899,0.470193975,-0.3779008754,4.973311234,-0.5808861556,-2.697130828,-2.975681341
1.95833333,-0.2164240908,-0.0251263756,-0.008105629389,0.212805309,0.44508453,-0.5894089039,3.045670288,1.457123613,-2.779141638,-3.047432155
1.96666667,-0.2219194451,-0.01502609396,0.01918785033,0.1895475283,0.4194571017,-0.7236645804,-0.07001579182,4.512407503,-2.781750516,-3.099860259
1.97500000,-0.2284399459,-0.02056367045,0.0607102182,0.1670160416,0.3934773033,-0.8402770305,-1.123197372,5.260700136,-2.572950717,-3.131710389
1.98333333,-0.2359234525,-0.03207596945,0.10373536,0.1480771268,0.367328472,-0.9563289929,-1.570436698,4.863599211,-1.842685852,-3.139359794
1.99166667,-0.2443919366,-0.04594478734,0.1343757833,0.1428427366,0.3412586881,-1.076972757,-1.727658885,1.395803938,1.643793229,-3.108257667
2.00000000,-0.2538886931,-0.06059655937,0.1277309163,0.1742089704,0.3158338949,-1.203306337,-1.782065695,-1.950327465,4.807864221,-2.960874641
2.00833333,-0.2644617053,-0.07558922356,0.1078214837,0.2161283779,0.2928013905,-1.334876197,-1.814648658,-2.699062029,5.043759117,-2.485232475
2.01666667,-0.2761435884,-0.09083377986,0.08418657728,0.2547215291,0.2765693155,-1.468961792,-1.844685288,-2.917761128,3.916970912,-1.160432356
2.02500000,-0.2889438407,-0.1063536819,0.05981209286,0.2673892549,0.286924188,-1.602896412,-1.881459078,-2.910097698,-0.9881767779,3.739669535
2.03333333,-0.3028538018,-0.1222184249,0.03591646818,0.2516362314,0.3253771586,-1.735013236,-1.928074867,-2.814574923,-2.48368673,5.175619834
2.04166667,-0.3178493136,-0.1385177432,0.01303982863,0.228330885,0.370805394,-1.863036488,-1.985235256,-2.669053665,-3.020208078,5.63661461
2.05000000,-0.3338861842,-0.1553302115,-0.008467373521,0.2023091605,0.4182997437,-1.984512244,-2.050904955,-2.487705251,-3.18473468,5.721466945
2.05833333,-0.3509002877,-0.1727072207,-0.02835947575,0.1757255915,0.4656890782,-2.09729036,-2.119280724,-2.283842565,-3.174988709,5.631831103
2.06666667,-0.3688128648,-0.1906324951,-0.04650784642,0.1496523591,0.5119099121,-2.199937971,-2.180852626,-2.071326028,-3.070996998,5.450070781
2.07500000,-0.3875343632,-0.2090105351,-0.06289495641,0.1246753967,0.556410287,-2.291212156,-2.226536273,-1.863657551,-2.916169167,5.224501668
2.08333333,-0.4069643567,-0.2276753554,-0.07761765641,0.1011723464,0.5988941027,-2.369693619,-2.248558124,-1.673509086,-2.717168721,4.966244684
2.09166667,-0.4269881739,-0.2464058819,-0.09086640664,0.0795183426,0.6390934655,-2.433410007,-2.241676874,-1.511582247,-2.472039081,4.676478961
2.10000000,-0.4474753735,-0.2649537096,-0.1028982199,0.06009383673,0.6767526514,-2.480636651,-2.204728748,-1.381530384,-2.182812133,4.356937083
2.10833333,-0.4682816557,-0.2830669377,-0.1139878784,0.04325197472,0.7116325551,-2.509675474,-2.137510428,-1.285523572,-1.853025415,4.009858703
2.11666667,-0.4892461027,-0.3005072387,-0.1244014277,0.02929931375,0.7435143776,-2.518161873,-2.04441232,-1.217511296,-1.491199553,3.637857703
2.12500000,-0.5101880487,-0.3170830965,-0.1343302996,0.01845540261,0.772202206,-2.504004193,-1.930683999,-1.167622202,-1.108980842,3.243788093
2.13333333,-0.5309127698,-0.3326393834,-0.1438834062,0.01083744761,0.7975244397,-2.465783972,-1.80068526,-1.125267824,-0.7191635704,2.830611515
2.14166667,-0.5512149835,-0.3470651847,-0.1530697285,0.00645343649,0.8193342262,-2.402635428,-1.659984022,-1.077599651,-0.335044609,2.401291409
2.15000000,-0.5708878156,-0.3602852945,-0.1617976292,0.00520155346,0.8375096325,-2.314720017,-1.511884462,-1.013533979,0.03039036572,1.959033823
2.15833333,-0.5897243643,-0.3722521827,-0.1698988125,0.006882261842,0.8519609825,-2.201867745,-1.35976297,-0.9266226248,0.3677951502,1.508135121
2.16666667,-0.607517358,-0.3829434168,-0.177167725,0.01123660936,0.8626307332,-2.064529782,-1.205995058,-0.8135672939,0.6715731531,1.051900748
2.17500000,-0.6240715156,-0.3923498542,-0.1833848006,0.01797779075,0.8694831223,-1.904851859,-1.051504776,-0.6741969067,0.9403971513,0.5922310683
2.18333333,-0.639206818,-0.4004683234,-0.1883390906,0.02681559497,0.8724960483,-1.724284047,-0.8969203163,-0.5110145652,1.174942605,0.1306877127
2.19166667,-0.6527566064,-0.4072980238,-0.1918473013,0.03747071787,0.871660332,-1.524631122,-0.7421580815,-0.3280690367,1.377105436,-0.3311853761
2.20000000,-0.6645696922,-0.4128356701,-0.1937636952,0.0496825262,0.8669797215,-1.30792831,-0.5865969659,-0.1299026008,1.549062806,-0.7918233969
2.20833333,-0.6745159869,-0.4170682718,-0.1939840989,0.06321177737,0.8584711186,-1.077002912,-0.4287681824,0.07836020469,1.693496659,-1.249637037
2.21666667,-0.6824864077,-0.4199744018,-0.192443367,0.07783927498,0.8461650546,-0.8340597589,-0.2683093081,0.2919973139,1.813121911,-1.702801283
2.22500000,-0.6883892743,-0.4215325673,-0.1891138404,0.09336572099,0.8301126239,-0.5811547977,-0.1051363206,0.5068008205,1.909610247,-2.148267389
2.23333333,-0.6921509286,-0.4217171468,-0.184007533,0.109604414,0.8103936681,-0.3205478837,0.06146128478,0.7178245089,1.983896974,-2.581970801
2.24166667,-0.6937166289,-0.4204970582,-0.1771693749,0.1263679424,0.7871224113,-0.05450024087,0.2320612308,0.9218179647,2.035715715,-3.000329365
2.25000000,-0.6930508357,-0.417839767,-0.1686724901,0.1434746178,0.760439012,0.2145854476,0.4062202494,1.115567639,2.066396653,-3.400388068
2.25833333,-0.6901382557,-0.4137179081,-0.158611249,0.1607498093,0.7305083497,0.4843735644,0.5835446493,1.296841207,2.076178352,-3.779184839
2.26666667,-0.6849818789,-0.4081057216,-0.147099678,0.1780198632,0.6975195895,0.7527459521,0.7638524639,1.463282745,2.065192997,-4.133872964
2.27500000,-0.6776022283,-0.4009805598,-0.1342732267,0.1951169184,0.6616846912,1.017613051,0.9463743561,1.61186199,2.035190058,-4.461854485
2.28333333,-0.6680371471,-0.3923309407,-0.1202894423,0.2118914128,0.6232356917,1.276905984,1.129584306,1.740957508,1.987816381,-4.760933259
2.29166667,-0.6563416397,-0.3821541421,-0.1053121538,0.2281997594,0.5824208233,1.528575881,1.312794135,1.850293002,1.92340816,-5.029431645
2.30000000,-0.6425874821,-0.3704532364,-0.08950597482,0.2438711714,0.5395352742,1.770685504,1.495193365,1.939948702,1.830491778,-5.252770929
2.30833333,-0.626861796,-0.3572399724,-0.07303182647,0.2585518738,0.4950835102,2.001424876,1.675455418,2.010914643,1.680778933,-5.400347338
2.31666667,-0.609267135,-0.3425397823,-0.0560374334,0.2716131833,0.4498540961,2.218937567,1.851859348,2.065062412,1.432188831,-5.429783349
2.32500000,-0.5899208996,-0.3263898421,-0.03866043328,0.281931484,0.4051333317,2.421570572,2.023141215,2.102301502,1.005243754,-5.260453353
2.33333333,-0.5689530561,-0.3088386472,-0.02105254448,0.2875038624,0.3631100784,2.607853985,2.187958192,2.120281161,0.2655916677,-4.75422177
2.34166667,-0.5465061695,-0.2899462992,-0.003381506114,0.2850368215,0.327302646,2.77634529,2.344668812,2.116619213,-0.9449296211,-3.745954745
2.35000000,-0.5227328853,-0.269789314,0.01414101538,0.2705286052,0.3020340473,2.925998057,2.491160361,2.082437795,-2.581095141,-2.264979964
2.35833333,-0.4977949719,-0.2484607614,0.03118199615,0.2423979435,0.2893733092,3.055724902,2.625440801,1.9955323,-4.092385773,-0.8360420024
2.36666667,-0.4718612449,-0.226073168,0.04711517866,0.2040555505,0.2867176281,3.164838976,2.744886986,1.804392385,-4.993854797,0.1112905519
2.37500000,-0.4451076565,-0.2027640044,0.06066091384,0.1610892514,0.2899841814,3.252415115,2.845804714,1.395564833,-5.202490897,0.6135534765
2.38333333,-0.4177148276,-0.178710077,0.06914182526,0.1194213027,0.2961991247,3.318193931,2.922402842,0.5382313346,-4.65738012,0.8456793805
2.39166667,-0.3898663696,-0.1541603725,0.06713619926,0.08647893817,0.3036936086,3.361743898,2.961433346,-1.357279584,-2.885612759,0.9371192256
2.40000000,-0.3617479816,-0.1295633473,0.04247621727,0.07578110566,0.3116456386,3.382851747,2.921786506,-4.131423365,-0.08362439703,0.9656975003
2.40833333,-0.3335513199,-0.1060012252,0.003746589861,0.08024537454,0.319735132,3.380227892,2.683863421,-4.980394447,1.024932212,0.9741650817
2.41666667,-0.3054858356,-0.0861421542,-0.03749476305,0.0911962752,0.3278679705,3.350394568,1.962285359,-4.722678884,1.531919302,0.9774668674
2.42500000,-0.2778185983,-0.07840469557,-0.0689522566,0.1049419947,0.3360303828,3.280685752,-1.0411317,-1.851934872,1.734066443,0.9821401088
2.43333333,-0.2510955862,-0.1063387249,-0.06496643971,0.1197845225,0.3442498809,3.102057515,-4.597018476,1.777848107,1.820324719,0.9913978768
2.44166667,-0.2269635667,-0.1471650132,-0.04631835072,0.135213397,0.3525690289,2.611466271,-4.986574974,2.560185391,1.880260144,1.006242563
2.45000000,-0.2096311631,-0.1858905054,-0.02382956516,0.1510938937,0.3610433249,1.332021433,-4.034863249,2.7774777,1.93008358,1.029075443
2.45833333,-0.2181838182,-0.200386066,-0.0006819368604,0.1673684385,0.3697454168,-3.646738734,0.8373779348,2.755065567,1.974965598,1.060960223
2.46666667,-0.2567229217,-0.1854696112,0.02187138618,0.1839878933,0.3787566097,-5.235784031,2.380337214,2.649227155,2.012230554,1.103757196
2.47500000,-0.3029128933,-0.1631996267,0.04336119206,0.2008773047,0.3881744885,-5.756276618,2.872428502,2.503232243,2.039129133,1.158481679
2.48333333,-0.351612352,-0.1386281288,0.06352477574,0.2179264383,0.3981015813,-5.890164135,2.98394988,2.332942598,2.049273798,1.226352055
2.49166667,-0.4005994128,-0.1139415039,0.08220441065,0.2349705758,0.4086498403,-5.846209892,2.920731617,2.148383731,2.037470421,1.307223604
2.50000000,-0.4487904654,-0.09020574689,0.09931411688,0.2518117443,0.4199233662,-5.708574247,2.764544413,1.957744119,1.99969291,1.400414351
2.50833333,-0.4956307103,-0.0679839968,0.1148377283,0.2682184456,0.4320169222,-5.527528546,2.562661745,1.7686511,1.933029272,1.503237452
2.51666667,-0.540823892,-0.04759517072,0.128809968,0.2839497392,0.444989948,-5.313349724,2.324439111,1.586309915,1.837838088,1.610692624
2.52500000,-0.5840961393,-0.0293470479,0.1413075513,0.29877741,0.4588610151,-5.066640319,2.049142729,1.414941463,1.717085284,1.717705273
2.53333333,-0.6251803196,-0.01353628465,0.1524216226,0.3125158907,0.4735965103,-4.788423693,1.740244426,1.254075214,1.577671349,1.81683747
2.54166667,-0.6638197843,-0.0004239285333,0.1622354085,0.3250416974,0.4890980784,-4.480194614,1.402242476,1.102751747,1.427376027,1.900309795
2.55000000,-0.6997722536,0.009771481256,0.1708197122,0.3362966673,0.5052054244,-4.143904754,1.041670509,0.9582062275,1.2737339,1.961260629
2.55833333,-0.7328133815,0.01690074595,0.178211058,0.346276812,0.5217087218,-3.781891197,0.6679640614,0.8156021086,1.12235342,1.99452432
2.56666667,-0.7627396174,0.02089470544,0.1844035998,0.3550233466,0.5383591663,-3.396787106,0.2908343983,0.6696054472,0.9783937663,1.996033002
2.57500000,-0.7893701472,0.02176544146,0.1893476125,0.3626102068,0.5548842943,-2.991398478,-0.0801023606,0.5151465126,0.8441808257,1.964537671
2.58333333,-0.8125478876,0.0195962726,0.1929578727,0.3691246753,0.5710092511,-2.568597248,-0.4377349346,0.3493031145,0.7212022173,1.899919831
2.59166667,-0.8321397196,0.01452596846,0.1951334043,0.3746568382,0.5864625824,-2.131295299,-0.7751779184,0.1705743441,0.6078144521,1.803930136
2.60000000,-0.8480412123,0.006748722515,0.1957679365,0.3792745177,0.6009933085,-1.683648511,-1.086923255,-0.01984534632,0.5013929857,1.678704729
2.60833333,-0.8601802726,-0.003510086877,0.1947787179,0.3830223042,0.6143682715,-1.228811965,-1.370176734,-0.2187521755,0.3981936964,1.527288202
2.61666667,-0.8685100149,-0.01600764391,0.1921101721,0.3859129601,0.6263838057,-0.7697846401,-1.624425777,-0.4221456493,0.2955220225,1.35278486
2.62500000,-0.8730031611,-0.03050133542,0.1877392014,0.3879420458,0.6368580452,-0.3082884336,-1.849210503,-0.6266641508,0.1907329256,1.157999743
2.63333333,-0.8736455954,-0.04675043394,0.1816780573,0.389075338,0.6456376226,0.1541295732,-2.045894641,-0.8271801776,0.08024265632,0.9465266571
2.64166667,-0.8704360824,-0.06452168546,0.1739674745,0.3892632503,0.6525942517,0.615917225,-2.214784873,-1.022019385,-0.03624762883,0.7209256469
2.65000000,-0.8633864502,-0.08359142571,0.1646719374,0.3884503047,0.6576209419,1.075493141,-2.357612014,-1.207148823,-0.1601963186,0.4837929776
2.65833333,-0.8525217884,-0.1037435631,0.1538762449,0.3865731169,0.6606341741,1.531254962,-2.474828399,-1.381861617,-0.2915374629,0.2381946592
2.66666667,-0.8378807185,-0.1247734486,0.1416783841,0.3835701664,0.6615742353,1.98149991,-2.568467127,-1.543231673,-0.430463688,-0.01338362666
2.67500000,-0.819524682,-0.1464837266,0.1281950955,0.3793815524,0.6604009031,2.421812461,-2.637758164,-1.690349644,-0.5757364973,-0.2686388553
2.68333333,-0.7975570088,-0.168667309,0.1135506893,0.3739589524,0.6570930047,2.847787249,-2.682288645,-1.821366783,-0.7266096549,-0.5253055618
2.69166667,-0.7721099133,-0.1911212804,0.0978866907,0.3672598008,0.6516480622,3.256355227,-2.702597442,-1.935169367,-0.8817115784,-0.7811629413
2.70000000,-0.7433414448,-0.2136422731,0.08134652283,0.3592556164,0.6440819336,3.64439978,-2.698321356,-2.031463093,-1.039735167,-1.034029423
2.70833333,-0.7114353705,-0.2360247154,0.06408032631,0.3499247779,0.6344285099,4.00888913,-2.669363867,-2.109390052,-1.199830882,-1.281763569
2.71666667,-0.6765998368,-0.2580651426,0.04624181848,0.3392582975,0.6227390447,4.34703686,-2.616415587,-2.168657229,-1.360064192,-1.522351272
2.72500000,-0.6390644918,-0.2795672813,0.0279901627,0.3272588104,0.6090813504,4.65642612,-2.540284631,-2.208437371,-1.519638246,-1.753806274
2.73333333,-0.5991164488,-0.3003074834,0.009490044404,0.313934842,0.5935398535,4.921010374,-2.429290173,-2.228312053,-1.677785694,-1.974140565
2.74166667,-0.5572554125,-0.3198844474,-0.009095558283,0.2993044442,0.5762149098,5.1101318,-2.25601565,-2.229105246,-1.832873851,-2.18156319
2.75000000,-0.5142827451,-0.3376131337,-0.02761014247,0.2833989789,0.5572208261,5.177187766,-1.975220459,-2.211351596,-1.983622319,-2.374454752
2.75833333,-0.4715516208,-0.3522629719,-0.0459012939,0.2662587007,0.5366856597,5.032054202,-1.497004915,-2.175538664,-2.129043758,-2.551183381
2.76666667,-0.431436699,-0.3615872601,-0.06381840034,0.2479340269,0.5147494084,4.517283901,-0.6658904509,-2.121304638,-2.267604599,-2.710514282
2.77500000,-0.397829034,-0.3618674449,-0.08119744962,0.2284891272,0.4915623003,3.445277712,0.6963436879,-2.045734858,-2.397577818,-2.851195067
2.78333333,-0.3760255733,-0.3480890724,-0.0978311891,0.2080046764,0.467283504,1.680499729,2.708871567,-1.93991631,-2.516660758,-2.972401559
2.79166667,-0.3684631411,-0.3182843815,-0.1133775996,0.1865820693,0.4420787122,0.2535888433,4.309028348,-1.778563414,-2.622327539,-3.073306071
2.80000000,-0.3701237054,-0.2783172709,-0.1271690132,0.1643445313,0.4161191213,-0.5617150714,5.162233566,-1.505656645,-2.711603988,-3.153502899
2.80833333,-0.3765972354,-0.2341869981,-0.1378454803,0.141443951,0.3895791716,-0.9361935034,5.314696803,-1.003538828,-2.780913618,-3.212523086
2.81666667,-0.3850444851,-0.1917667725,-0.1426467163,0.1180650703,0.3626359014,-1.062271787,4.73172073,-0.04995564673,-2.825000671,-3.250298125
2.82500000,-0.3939590745,-0.1580125096,-0.136467805,0.09446296927,0.3354675563,-1.063134892,3.087737196,1.790515898,-2.831444949,-3.266508065
2.83333333,-0.402605603,-0.143579842,-0.1099200149,0.07107513283,0.3082541509,-1.006375158,0.6635465098,4.266698496,-2.763311352,-3.261039754
2.84166667,-0.41066914,-0.1432014613,-0.06969922486,0.04888875887,0.2811803419,-0.9265613594,-0.4518684139,5.216365127,-2.517752091,-3.232624327
2.85000000,-0.4180226088,-0.1494981658,-0.02584669004,0.03027976822,0.2544505083,-0.8372875744,-0.9878609887,5.124178834,-1.841047335,-3.177590153
2.85833333,-0.4246142183,-0.1588175799,0.01096745276,0.02199603933,0.2283196381,-0.744432102,-1.214705514,2.907392818,0.6153426322,-3.08595903
2.86666667,-0.4304293438,-0.1694124292,0.01384794177,0.04873973072,0.2032579633,-0.6514517687,-1.320127998,-1.262972052,4.816856607,-2.902684498
2.87500000,-0.4354805297,-0.1807679357,-0.0008868419716,0.09230306909,0.1806872278,-0.5615561659,-1.404101124,-2.119993709,5.415204819,-2.44440431
2.88333333,-0.4398037083,-0.1928137507,-0.01977401177,0.135440575,0.1643826734,-0.4770916106,-1.487398027,-2.347064747,4.698665615,-1.293112088
2.89166667,-0.443454135,-0.2055635842,-0.03928089674,0.1577784718,0.171282196,-0.400770448,-1.572353916,-2.309213266,-0.05520478341,3.643522285
2.90000000,-0.4465176017,-0.2190112269,-0.05802605584,0.1470673556,0.2123659015,-0.3367305959,-1.654186275,-2.181588921,-1.955253714,5.650861574
2.90833333,-0.4491099757,-0.2331034356,-0.07554655928,0.12822789,0.2623631897,-0.2886506816,-1.724983786,-2.019496061,-2.465401719,6.245347337
2.91666667,-0.451386027,-0.2476979341,-0.09164227304,0.1070892329,0.3153156697,-0.2614258615,-1.772981827,-1.842051597,-2.564589242,6.418699875
2.92500000,-0.4535404653,-0.2625557039,-0.1062382789,0.08598391836,0.3688239778,-0.2602643282,-1.786216215,-1.661394627,-2.479720899,6.401465054
2.93333333,-0.4558092253,-0.2773409625,-0.1193509586,0.0660244641,0.421731446,-0.2896602736,-1.753937391,-1.487205923,-2.299304518,6.284446491
2.94166667,-0.4584620491,-0.2916412866,-0.131055049,0.04777497069,0.473443565,-0.3530152705,-1.668765724,-1.323758609,-2.075004324,6.120427571
2.95000000,-0.4617895571,-0.3049985824,-0.1414524405,0.03153743106,0.5236380818,-0.451464613,-1.52756641,-1.173961069,-1.816290715,5.920242597
2.95833333,-0.4660760674,-0.3169533431,-0.1506555273,0.017593747,0.5720145139,-0.5819909772,-1.333559717,-1.036481873,-1.525133764,5.684161457
2.96666667,-0.4715575622,-0.327104941,-0.1587476532,0.006195540334,0.6182762956,-0.7365866297,-1.096999209,-0.9063823052,-1.206252147,5.412882309
2.97500000,-0.4783806103,-0.3351668397,-0.1657671971,-0.002448014208,0.6621348578,-0.9012492442,-0.8353780587,-0.7779923115,-0.8651049063,5.107645959
2.98333333,-0.4865600379,-0.3410166569,-0.1716959476,-0.008184175947,0.7033144665,-1.059323887,-0.5696908627,-0.6430712103,-0.5100266568,4.770290423
2.99166667,-0.4959725608,-0.3447083981,-0.1764430216,-0.01093548701,0.7415570935,-1.194635225,-0.32070862,-0.4930709631,-0.1502786418,4.403211852
3.00000000,-0.5063711016,-0.3464547933,-0.1798538737,-0.01069964698,0.7766266186,-1.294573125,-0.1046923185,-0.3217300401,0.205747713,4.009245065
3.00833333,-0.5174308473,-0.3465701157,-0.1817383595,-0.007534998709,0.8083117879,-1.352164053,0.06943396465,-0.126394869,0.5514796305,3.591498996
3.01666667,-0.5287829641,-0.3454207388,-0.1818912115,-0.001555193738,0.8364279421,-1.364828343,0.1990787435,0.09376196347,0.88029507,3.153344994
3.02500000,-0.5400594852,-0.34336411,-0.1801168389,0.00707375688,0.8608268451,-1.334693158,0.2883561995,0.3348112985,1.186820487,2.700444691
3.03333333,-0.5509174496,-0.3407076509,-0.1762761095,0.01815753781,0.8814096936,-1.265264418,0.3446800008,0.5885196684,1.469028326,2.238086919
3.04166667,-0.5610527574,-0.3376823186,-0.1702941742,0.03148585143,0.8981081394,-1.161990506,0.3785631032,0.8469852401,1.725676161,1.768471045
3.05000000,-0.5702049371,-0.3344293841,-0.162175015,0.04685017616,0.9108686728,-1.030088188,0.4009729605,1.100113644,1.957534008,1.293259263
3.05833333,-0.5781544177,-0.3310091808,-0.1519899738,0.06403997613,0.9196513611,-0.8743398152,0.4201325479,1.341752045,2.163823903,0.8140500956
3.06666667,-0.5847235512,-0.327413039,-0.1398685406,0.08284730476,0.9244293782,-0.6992637101,0.4442319276,1.56355017,2.345955762,0.3323932358
3.07500000,-0.589765253,-0.3235809982,-0.125995458,0.1030725814,0.9251886668,-0.5085612175,0.4773918147,1.761819733,2.504098271,-0.1501932569
3.08333333,-0.5931671161,-0.3194202806,-0.1105786875,0.1245158128,0.9219277969,-0.3061573491,0.523201922,1.933780906,2.638430895,-0.6321880517
3.09166667,-0.5948426942,-0.31482548,-0.09384245227,0.1469835695,0.9146581574,-0.09467765075,0.5817718566,2.07822829,2.75005984,-1.112037173
3.10000000,-0.5947275717,-0.3096910479,-0.07601485272,0.1702873114,0.9034041874,0.1230547129,0.6525562744,2.196005114,2.83908357,-1.588161354
3.10833333,-0.5927826554,-0.3039164065,-0.05731412141,0.1942392655,0.8882036398,0.3440831874,0.7349730977,2.288268134,2.905625067,-2.058941918
3.11666667,-0.5889899846,-0.2974144444,-0.03794243193,0.2186524524,0.869107973,0.5661463647,0.8270665915,2.356953848,2.949974377,-2.522705953
3.12500000,-0.5833500726,-0.2901115043,-0.01809289647,0.2433456576,0.8461845655,0.787063211,0.9267574668,2.403383074,2.97245126,-2.976803664
3.13333333,-0.5758813353,-0.2819502602,0.002056257842,0.2681235706,0.8195359265,1.004717097,1.032811387,2.429092734,2.969991023,-3.416026933
3.14166667,-0.5666193683,-0.272886632,0.02233444345,0.2927738428,0.789308319,1.217129118,1.143100708,2.434136734,2.94170479,-3.834761792
3.15000000,-0.5556156204,-0.262888771,0.04256660022,0.3170778171,0.7556920211,1.422424433,1.256791526,2.41816594,2.886781478,-4.228741244
3.15833333,-0.5429372377,-0.2519361877,0.06258199092,0.3408123014,0.7189071252,1.618750994,1.371991707,2.382204959,2.80505597,-4.594722124
3.16666667,-0.5286661963,-0.2400203748,0.08221493187,0.3637317377,0.6792259094,1.804368086,1.487878373,2.326384956,2.687646083,-4.919409899
3.17500000,-0.5128983354,-0.2271387565,0.1012995944,0.3854409187,0.6371103174,1.977772951,1.603361821,2.250843303,2.509923439,-5.173833358
3.18333333,-0.4957411447,-0.2133093722,0.1196831409,0.4052808951,0.5933106937,2.137577931,1.714921966,2.15849578,2.228872613,-5.313293798
3.19166667,-0.4773135741,-0.198569604,0.1372288114,0.4220627383,0.5491140544,2.282463024,1.821820952,2.049652248,1.755856548,-5.249027207
3.20000000,-0.4577441186,-0.1829597722,0.1537942135,0.4335711096,0.5068372139,2.411472232,1.923641402,1.922852987,0.9301834527,-4.818793976
3.20833333,-0.4371691364,-0.1665252575,0.1692173959,0.4359935076,0.470436182,2.523631287,2.019560824,1.774695321,-0.4568509589,-3.80404209
3.21666667,-0.4157320766,-0.1493208503,0.1832871581,0.4226379176,0.4468621648,2.618311455,2.108107069,1.595018814,-2.950237475,-1.643631725
3.22500000,-0.3935807556,-0.131416209,0.1956264038,0.389677329,0.4404235416,2.69495747,2.187305405,1.351515159,-4.728906153,-0.1142594921
3.23333333,-0.3708675723,-0.1128983584,0.2054559569,0.3462366259,0.4429656602,2.753074332,2.254426048,0.9779083993,-5.566923788,0.6292097879
3.24166667,-0.3477496076,-0.09388912383,0.2112173286,0.298939032,0.449668578,2.791987358,2.304770009,0.3456481065,-5.664422784,0.9245191186
3.25000000,-0.3243886027,-0.07454237944,0.2098760013,0.2539343177,0.4577155761,2.811421646,2.334238171,-0.7701788164,-4.999597155,0.9795338183
3.25833333,-0.3009469205,-0.05507220944,0.1961177873,0.2183377501,0.4656752023,2.811288271,2.331731644,-2.780378389,-3.272031279,0.9178682971
3.26666667,-0.2775892422,-0.03585099978,0.1626512831,0.200662507,0.4728694585,2.791209948,2.265992427,-4.962280298,-1.233816723,0.8032658973
3.27500000,-0.2544832461,-0.01770294062,0.1166692536,0.195051399,0.4790017787,2.750720704,2.053455722,-5.920017571,-0.2227843857,0.665949754
3.28333333,-0.2318065123,-0.002589153287,0.06654205871,0.1954739823,0.4839378952,2.687416257,1.484852072,-5.948212724,0.258213508,0.5174167079
3.29166667,-0.2097785356,0.004492667505,0.02099785003,0.1985712567,0.4876107732,2.593022957,-0.1915054764,-4.535754121,0.4533438722,0.3635578342
3.30000000,-0.1887662127,-0.0196549946,0.005360749356,0.2026988329,0.4899933155,2.430104218,-5.166498043,0.3758916094,0.5286439719,0.2082637652
3.30833333,-0.1698815945,-0.06762603386,0.01394959129,0.2073427799,0.4910855282,2.044495741,-6.081717935,1.479558117,0.5864780786,0.05429299652
3.31666667,-0.1562581645,-0.117406001,0.02797569069,0.2125017821,0.4909087189,1.079099429,-5.642289599,1.80869358,0.6539416065,-0.09588743038
3.32500000,-0.1606935435,-0.1520269518,0.04323384635,0.218282196,0.4895049616,-3.262632897,-1.517440883,1.821216732,0.7360670611,-0.2397483865
3.33333333,-0.2038631293,-0.149192466,0.05802426687,0.2248099456,0.4869384837,-6.154745858,1.262267715,1.718697094,0.8323095023,-0.3742545192
3.34166667,-0.2585830718,-0.1355843008,0.07175622143,0.2321761544,0.4833050582,-6.85703436,1.886627288,1.571291015,0.9364173888,-0.4952439851
3.35000000,-0.3168200239,-0.1190246024,0.08414220301,0.2404143661,0.4787323683,-7.068304273,2.038743168,1.398387763,1.039360598,-0.5987348771
3.35833333,-0.3757976097,-0.1021561872,0.09503034557,0.2494576144,0.4733905284,-7.061621909,1.987243228,1.213737574,1.127491992,-0.679081721
3.36666667,-0.434204551,-0.08617777957,0.1043685445,0.2591246574,0.4674961203,-6.941928731,1.835298498,1.028264328,1.186601204,-0.7302460862
3.37500000,-0.4913512646,-0.07168666814,0.1121925231,0.2691118222,0.4613211909,-6.766540559,1.637300921,0.8514313075,1.201860366,-0.7450563708
3.38333333,-0.5468675687,-0.05897710839,0.1185973014,0.2789966663,0.4552009125,-6.550612854,1.407643872,0.6884206812,1.160142717,-0.7159986238
3.39166667,-0.6004158433,-0.04831684975,0.1237175378,0.2882617054,0.4495274482,-6.294280122,1.145562483,0.5435502378,1.051847968,-0.6369333335
3.40000000,-0.6516620737,-0.03996572412,0.1277050615,0.2963281398,0.444736,-5.998318554,0.8542773408,0.4160646715,0.8723826412,-0.5041377266
3.40833333,-0.7002821581,-0.03414392068,0.1306864874,0.3026172275,0.4412672742,-5.664348498,0.5395894278,0.3008891472,0.6273357493,-0.3207377385
3.41666667,-0.745969137,-0.03101937535,0.1327349676,0.3066487141,0.4394974778,-5.294854729,0.2082186598,0.1909767635,0.3337634323,-0.0988277077
3.42500000,-0.7884399208,-0.03069488805,0.13386039,0.3081129065,0.4396735206,-4.893044203,-0.1307970041,0.07779204666,0.01618572606,0.1421857044
3.43333333,-0.8274402917,-0.03319377242,0.1339967061,0.3069376615,0.4418501074,-4.462589722,-0.4679425608,-0.04777764007,-0.2945269968,0.3770576072
3.44166667,-0.8627546339,-0.03846342279,0.133011902,0.3033050059,0.4458734095,-4.010227335,-0.7940434488,-0.1919470302,-0.5694711665,0.5820464944
3.45000000,-0.8942399945,-0.04637384553,0.13073484,0.2976013172,0.4514240137,-3.544200326,-1.100757184,-0.358867693,-0.7886348859,0.7413823339
3.45833333,-0.9217930585,-0.05674185204,0.1269548747,0.2903481581,0.4580796728,-3.066800243,-1.383443271,-0.5526860178,-0.9406466365,0.8467190204
3.46666667,-0.9453269889,-0.06936180308,0.1214568857,0.282106495,0.4653877013,-2.57991288,-1.640986683,-0.7705201399,-1.026909292,0.8985749321
3.47500000,-0.9647701858,-0.08401658033,0.1140590512,0.2733914325,0.4729215519,-2.085310624,-1.871664272,-1.007503205,-1.056050226,0.9018839651
3.48333333,-0.9800653806,-0.1004855152,0.1046398836,0.2646285313,0.4803037412,-1.584662662,-2.076680945,-1.253749378,-1.040818742,0.8634643503
3.49166667,-0.9911688337,-0.1185574036,0.09316651668,0.256124775,0.4872187569,-1.079549594,-2.256297368,-1.498794004,-0.9963317302,0.7908594986
3.50000000,-0.9980496703,-0.1380211473,0.07969504967,0.2480616958,0.4934086042,-0.5714815938,-2.411131396,-1.731083254,-0.9376415178,0.6906039688
3.50833333,-1.000689378,-0.1586797476,0.06437849295,0.2405059967,0.4986669196,-0.06191922006,-2.543192488,-1.940499567,-0.8761595206,0.5682754708
3.51666667,-0.9990814995,-0.1803462266,0.04743843853,0.2334382465,0.5028331605,0.4476980085,-2.653096657,-2.11962935,-0.8217823159,0.4290397907
3.52500000,-0.9932316754,-0.2028367676,0.0291436025,0.2267770932,0.5057804623,0.9558996039,-2.741003753,-2.265215478,-0.779463582,0.2765129793
3.53333333,-0.9831579408,-0.2259709543,0.009783119011,0.2204048511,0.5074154025,1.461183324,-2.807851743,-2.375380254,-0.7523639885,0.1145015941
3.54166667,-0.9688910075,-0.2495787077,-0.01034624697,0.2141935523,0.5076693445,1.962005468,-2.854648091,-2.450078295,-0.7407249066,-0.0545249514
3.55000000,-0.9504746954,-0.2734928214,-0.03095946604,0.2080182532,0.5064950238,2.456760498,-2.881438268,-2.491764233,-0.7437661789,-0.2277533782
3.55833333,-0.9279665247,-0.297547894,-0.05179264655,0.2017614699,0.5038688932,2.943763171,-2.888501945,-2.503310205,-0.7600299093,-0.4026266046
3.56666667,-0.9014384433,-0.3215796816,-0.07260685474,0.1953199083,0.4997854436,3.421234081,-2.875845239,-2.487960434,-0.7875941379,-0.5771965947
3.57500000,-0.8709819909,-0.3454202436,-0.09319109403,0.18860736,0.4942548179,3.88539272,-2.841833178,-2.448508959,-0.8248463131,-0.7496518454
3.58333333,-0.8367356058,-0.3688726949,-0.1133585011,0.1815517096,0.4873020607,4.330257143,-2.782390231,-2.38838732,-0.8697463685,-0.9182161574
3.59166667,-0.7988803577,-0.3917197589,-0.1329392138,0.1740923611,0.4789667357,4.750139244,-2.696425735,-2.307370938,-0.9214204506,-1.081208074
3.60000000,-0.7576626746,-0.4137297836,-0.1517559143,0.1661810625,0.4693015976,5.134136642,-2.579327669,-2.205148295,-0.978070405,-1.237114474
3.60833333,-0.7134785472,-0.4345687706,-0.1696335833,0.1577790308,0.4583717991,5.457627857,-2.411543359,-2.082115971,-1.038940525,-1.384530372
3.61666667,-0.666969081,-0.4536908087,-0.1864106449,0.1488664047,0.4462530401,5.683884547,-2.159195593,-1.941728412,-1.09985686,-1.522240749
3.62500000,-0.6192143108,-0.4701250904,-0.2019510895,0.1394519697,0.4330314376,5.739740337,-1.749678346,-1.785258601,-1.159376938,-1.649035931
3.63333333,-0.5721595329,-0.4820356264,-0.216118512,0.1295475672,0.4188025287,5.485305569,-1.043199619,-1.611959172,-1.21738651,-1.763837853
3.64166667,-0.5292725681,-0.4860877496,-0.2287621172,0.1191679712,0.4036695687,4.698259529,0.175156478,-1.418785539,-1.273296763,-1.86585954
3.65000000,-0.496888743,-0.4761886948,-0.2396897894,0.1083340659,0.3877436206,2.709621805,2.557837003,-1.19784729,-1.326280959,-1.953907656
3.65833333,-0.4845025323,-0.4432798973,-0.2485709103,0.09707613265,0.3711466618,0.6271585498,4.9561204,-0.9195617303,-1.374628283,-2.026798619
3.66666667,-0.4833072674,-0.3971426832,-0.2546699497,0.08544128362,0.3540070539,-0.2326308623,5.974604752,-0.5147802721,-1.416668258,-2.084041289
3.67500000,-0.4869463496,-0.3459364898,-0.2564448501,0.07348201725,0.3364580084,-0.5767168206,6.18621818,0.147642166,-1.452598523,-2.124974736
3.68333333,-0.4921523642,-0.2962345541,-0.2508835684,0.06125288509,0.3186366985,-0.6412701489,5.602222071,1.288085934,-1.479972797,-2.149365157
3.69166667,-0.4972702658,-0.2552721546,-0.2327800876,0.04886807216,0.3006832755,-0.5724853409,3.963674757,3.297636828,-1.488257669,-2.156411872
3.70000000,-0.5015327555,-0.2318213896,-0.1946422529,0.03655338575,0.2827479898,-0.4445542008,1.921056693,5.575952866,-1.45754259,-2.1449442
3.70833333,-0.5046117409,-0.2204773218,-0.1430632898,0.02482925233,0.2649861309,-0.2917182513,0.911484428,6.660120074,-1.333354509,-2.114734201
3.71666667,-0.5063620318,-0.2151300091,-0.0859120418,0.01493984982,0.2475572395,-0.1269789849,0.4390368363,6.923229604,-0.9838800054,-2.064700941
3.72500000,-0.5067124351,-0.2123623217,-0.03013846581,0.009931830358,0.2306440381,0.04342554872,0.2578561751,6.282234108,-0.08079107448,-1.989483009
3.73333333,-0.5056345358,-0.2104619459,0.01088577976,0.02093789688,0.2145069902,0.2152512235,0.2116809274,2.539052654,3.718415667,-1.873228776
3.74166667,-0.5031283622,-0.2087372657,0.01650301178,0.06705753869,0.1997699916,0.3858558785,0.2030101959,-0.3047776653,6.422186429,-1.62723491
3.75000000,-0.4992125693,-0.2070949214,0.01047738639,0.122226138,0.1884007786,0.5532262923,0.1891691274,-1.022208801,6.600961724,-1.005825858
3.75833333,-0.4939234108,-0.2056259786,0.0007804317833,0.172727404,0.1860097136,0.7150391196,0.160278485,-1.254586541,4.904779135,0.9949721543
3.76666667,-0.4873174266,-0.2044785703,-0.009902246113,0.1899831165,0.2184374128,0.8688625105,0.1117996244,-1.292501368,-0.06590484981,6.07323963
3.77500000,-0.4794713832,-0.203823559,-0.02058569549,0.1843000016,0.2744003233,1.012251572,0.04180578695,-1.26365945,-1.118866941,7.171787377
3.78333333,-0.4704823181,-0.2038391016,-0.03084964887,0.1732294315,0.3359852664,1.142751462,-0.04908434466,-1.193247075,-1.46641242,7.532561719
3.79166667,-0.4604719816,-0.2046896552,-0.04037606359,0.160649747,0.3990848437,1.256559328,-0.1572846497,-1.087711207,-1.522154225,7.576771001
3.80000000,-0.4495969068,-0.2064927501,-0.04888998235,0.1482108547,0.4618474302,1.349765361,-0.2766737633,-0.9508063106,-1.448601529,7.467670268
3.80833333,-0.4380474167,-0.2093001081,-0.05615435789,0.1366796973,0.5233080115,1.417357963,-0.3958837895,-0.7893929123,-1.312947862,7.273475415
3.81666667,-0.4260605615,-0.2130540109,-0.06200264319,0.1264014887,0.5829456356,1.453544054,-0.5014041144,-0.6122467008,-1.149512603,7.03214623
3.82500000,-0.4139277906,-0.2175746327,-0.0663405352,0.1175933881,0.6403876596,1.45124045,-0.5770778662,-0.4286311902,-0.9601192856,6.746646061
3.83333333,-0.4020020399,-0.2225406939,-0.06915648926,0.1104696335,0.6952704052,1.402440282,-0.6054218115,-0.2485759916,-0.7455263994,6.418227173
3.84166667,-0.3907049139,-0.2274921335,-0.07051813281,0.1052347742,0.7472455764,1.299226663,-0.5717074243,-0.08074005388,-0.5070008286,6.049330786
3.85000000,-0.3805141809,-0.2318721853,-0.070549038,0.1020769906,0.7959897865,1.136170264,-0.4670614876,0.07032149857,-0.2478643849,5.643451912
3.85833333,-0.3719377379,-0.235071997,-0.06939629629,0.1011454876,0.8412121279,0.9122036171,-0.2888187684,0.2033595202,0.02625062661,5.204972327
3.86666667,-0.365456298,-0.2365085799,-0.06721025888,0.1025301452,0.8826813296,0.6358303176,-0.04697243226,0.3187685101,0.3062882615,4.74486548
3.87500000,-0.3614329052,-0.2357450707,-0.06411387475,0.1062459585,0.9202502419,0.3264870895,0.2341919582,0.4231807839,0.584759045,4.269282035
3.88333333,-0.3600302447,-0.2325852336,-0.06016582476,0.1122555283,0.9537991702,0.01162771719,0.5225726366,0.5245097049,0.8558197067,3.780424012
3.89166667,-0.3611752525,-0.2271078933,-0.05535863865,0.1204732666,0.9832261515,-0.2803289017,0.7850161658,0.6306241083,1.113812128,3.280344402
3.90000000,-0.3645758157,-0.2196476922,-0.04962338051,0.1307685129,1.008445709,-0.5269780891,0.9951971938,0.7481837555,1.353646626,2.770947779
3.90833333,-0.3697959162,-0.2107092984,-0.04284901337,0.1429760756,1.029387645,-0.7158142366,1.138382665,0.8800617592,1.572585186,2.253997713
3.91666667,-0.3763400394,-0.2008664958,-0.03491533139,0.1569147785,1.04599591,-0.8450357042,1.21268965,1.026398729,1.768709029,1.731130045
3.92500000,-0.3837286128,-0.1906706752,-0.02570552687,0.172385818,1.058227622,-0.9196280242,1.224734458,1.18575353,1.94018488,1.203871
3.93333333,-0.3915357009,-0.1805946346,-0.01513478098,0.1891846384,1.066052231,-0.9467667416,1.186184127,1.351663542,2.087562999,0.6736591593
3.94166667,-0.3993993614,-0.1710008823,-0.003181108374,0.2071120404,1.069450897,-0.9345657651,1.111352599,1.516453672,2.211035331,0.1418703163
3.95000000,-0.4070247085,-0.1621347164,0.01011627139,0.2259696792,1.068416084,-0.8906800339,1.013724663,1.672769252,2.31097823,-0.3901519079
3.95833333,-0.4141740917,-0.1541314494,0.02464737058,0.2455685682,1.062951522,-0.8213561969,0.9064573655,1.81094694,2.389211954,-0.9210371505
3.96666667,-0.4206564219,-0.1470256587,0.04022925304,0.2657314064,1.053072531,-0.7315118153,0.7995628651,1.92442209,2.44642842,-1.449376811
3.97500000,-0.4263218151,-0.1407855555,0.05664256869,0.2862861896,1.038806347,-0.625736759,0.6997746115,2.009657242,2.483402462,-1.973716032
3.98333333,-0.4310503923,-0.1353323556,0.07364092684,0.3070668572,1.020192607,-0.5073721136,0.6111267355,2.06498749,2.50069558,-2.492528795
3.99166667,-0.4347516617,-0.1305608827,0.09097445811,0.3279109414,0.9972840406,-0.3795229473,0.5362301289,2.090252716,2.498722703,-3.004195339
4.00000000,-0.4373551191,-0.1263574008,0.1083982869,0.3486614508,0.9701473359,-0.2442358231,0.4749887565,2.086601639,2.4784694,-3.506983029
4.00833333,-0.4388083073,-0.1226082303,0.1256776407,0.3691699164,0.9388641414,-0.1039154936,0.4270462187,2.056206588,2.440627193,-3.999031665
4.01666667,-0.4390791557,-0.1192024581,0.1425994465,0.3892896948,0.9035330188,0.03924676091,0.392308313,2.001285212,2.384819727,-4.477668443
4.02500000,-0.4381508781,-0.11603758,0.1589729394,0.4088530986,0.8642943967,0.1836047349,0.369235777,1.924899083,2.306376376,-4.935768899
4.03333333,-0.4360201277,-0.1130194919,0.1746282807,0.4276606613,0.8213402708,0.3275943734,0.3566637499,1.829040399,2.203197477,-5.368150104
4.04166667,-0.4326960184,-0.1100668402,0.1893957914,0.4454802224,0.7749473823,0.4697661688,0.3535453507,1.711433686,2.06643726,-5.756821517
4.05000000,-0.4281997899,-0.1071041575,0.2030929842,0.4619515229,0.7255856406,0.6086645686,0.3587299468,1.572497631,1.875031341,-6.075587901
4.05833333,-0.422564567,-0.1040677542,0.2155475414,0.4764668533,0.6740002144,0.7429111118,0.3711795013,1.41321529,1.587142089,-6.28037974
4.06666667,-0.4158341963,-0.1008994,0.2265907985,0.4879000909,0.6214668604,0.8713003067,0.3901553999,1.233959404,1.115204866,-6.283005055
4.07500000,-0.4080624028,-0.09755836754,0.2360670315,0.4940955115,0.5702938763,0.992662275,0.4119071882,1.03755012,0.2957277001,-5.918925949
4.08333333,-0.3993125664,-0.09403136336,0.243831175,0.4912219977,0.5245067909,1.105793477,0.4347363055,0.8221710013,-1.102280391,-4.946235788
4.09166667,-0.3896599979,-0.09031112101,0.2496851523,0.4709942884,0.4927164528,1.209069279,0.4580689988,0.5753589975,-4.034629149,-2.390602405
4.10000000,-0.3791922244,-0.0864005364,0.253217421,0.4282236005,0.4807285429,1.301260648,0.4801564529,0.2541919753,-5.912006278,-0.7797736033
4.10833333,-0.3680054824,-0.08231367877,0.2534747807,0.3752558127,0.4774767016,1.381503565,0.5004310805,-0.23050256,-6.658611327,-0.09733269656
4.11666667,-0.3562028324,-0.0780624125,0.2484744828,0.3194862817,0.477887279,1.448840349,0.5199199597,-1.043538005,-6.592896627,0.1438566715
4.12500000,-0.343899631,-0.073655838,0.234488296,0.2677102331,0.4792672005,1.501343324,0.5362765422,-2.425971918,-5.686528064,0.1628339653
4.13333333,-0.3312245301,-0.06916035327,0.2047933641,0.2284075579,0.4803240268,1.537998197,0.5389760671,-4.899042545,-3.525386978,0.08009262938
4.14166667,-0.3183117971,-0.06477970856,0.1558441049,0.2063217123,0.4804901146,1.55816381,0.5024021851,-6.627927656,-1.97225268,-0.04446144395
4.15000000,-0.3053077099,-0.06104994643,0.09678935431,0.1935504084,0.4795373769,1.559520425,0.3685239399,-7.41377743,-1.18775624,-0.186017381
4.15833333,-0.2923776627,-0.05928441131,0.03433285096,0.185321932,0.4773691194,1.5399104,-0.004012757296,-7.453101914,-0.8386323742,-0.3350958561
4.16666667,-0.2797199948,-0.06264898698,-0.02509170184,0.1789735181,0.4739476816,1.492405211,-0.938786218,-6.636464021,-0.709155212,-0.4860257501
4.17500000,-0.2676307169,-0.0816804871,-0.06901103768,0.1732335062,0.4692728055,1.397154867,-4.440083035,-3.064403813,-0.6780080942,-0.6355154212
4.18333333,-0.2568203494,-0.1313631594,-0.08088286006,0.1676034306,0.4633651133,1.157632382,-6.728297135,-0.493354258,-0.6739005603,-0.781643063
4.19166667,-0.2494251789,-0.1887468195,-0.08111693886,0.1620132535,0.4562590701,0.5150172362,-6.824045736,0.3245313346,-0.6662070346,-0.9228541484
4.20000000,-0.2517010103,-0.2402898418,-0.07675159402,0.1565329893,0.4480023984,-1.761638648,-4.792717398,0.6738984004,-0.6467874919,-1.057515036
4.20833333,-0.28951965,-0.2573502071,-0.07038338908,0.1512768523,0.4386567269,-6.430255865,-0.1695197556,0.8394880311,-0.611571376,-1.183934267
4.21666667,-0.3478872239,-0.2539393349,-0.06290608379,0.1463928924,0.4282985417,-7.412201669,0.8294960204,0.9485608259,-0.5573365201,-1.300090241
4.22500000,-0.4111963545,-0.2452940901,-0.05467619568,0.1420485788,0.4170235914,-7.709451075,1.177508387,1.020819133,-0.4816545436,-1.403621411
4.23333333,-0.4755483335,-0.23506725,-0.0459932336,0.1384290507,0.4049458423,-7.701147715,1.247765765,1.056529975,-0.3829409411,-1.492396303
4.24166667,-0.5391359929,-0.2248286697,-0.03718037643,0.1357309337,0.3921975937,-7.541369865,1.196083666,1.051196546,-0.260722976,-1.564002958
4.25000000,-0.600993345,-0.2152899388,-0.02859919476,0.134141964,0.3789379765,-7.293827497,1.087787453,1.000711164,-0.1175525647,-1.614543995
4.25833333,-0.6605659594,-0.2067504999,-0.02063119309,0.1338189139,0.3653559191,-6.996018317,0.9589526275,0.9042340203,0.04184230682,-1.640572999
4.26666667,-0.7174697746,-0.1993516845,-0.01364092116,0.1348514164,0.3516787634,-6.653662204,0.8141972211,0.7671568195,0.2059654303,-1.63663675
4.27500000,-0.7713442084,-0.1932211989,-0.007934491475,0.137225953,0.3381792698,-6.269542217,0.6548269486,0.5981712865,0.3609178123,-1.596759102
4.28333333,-0.8218570916,-0.1884732593,-0.003721626183,0.1407867186,0.3251866801,-5.847627957,0.4827429866,0.4111080787,0.487166147,-1.513569429
4.29166667,-0.8687183264,-0.1852040107,-0.001089553388,0.1452082756,0.3130967967,-5.395140845,0.3006191877,0.2216788898,0.5642946606,-1.378831933
4.30000000,-0.9117243303,-0.1834737633,5.462132765e-06,0.1500053112,0.3023697986,-4.923521559,0.1141964969,0.04378604897,0.5747297361,-1.185464541
4.30833333,-0.9507339955,-0.1833062663,-0.0003069616109,0.1545673684,0.2935152903,-4.436408399,-0.07420217091,-0.1154278945,0.5068882176,-0.9291564432
4.31666667,-0.9856276983,-0.1847114023,-0.001863657195,0.1582380527,0.2870524869,-3.936051728,-0.2629239927,-0.2548706822,0.3620706162,-0.6128072552
4.32500000,-1.01630387,-0.1876835383,-0.004501261457,0.160422773,0.2834329842,-3.424534073,-0.449908389,-0.3751343275,0.1536704441,-0.2500535369
4.33333333,-1.042677601,-0.192198438,-0.00807236242,0.1607026638,0.282940454,-2.903771509,-0.6327688544,-0.4799301645,-0.08920243504,0.1325982917
4.34166667,-1.064679279,-0.1982110994,-0.01247370481,0.1589393883,0.2856121679,-2.375522285,-0.8089385325,-0.5751926899,-0.3308958243,0.5041483086
4.35000000,-1.082253341,-0.205655033,-0.01764500707,0.1552839606,0.2912279449,-1.841401642,-0.9758570863,-0.6654227118,-0.5385087634,0.8348398174
4.35833333,-1.095357151,-0.2144430221,-0.02356044907,0.1501179299,0.2993603473,-1.302901721,-1.131135953,-0.7542921744,-0.6910709746,1.106066008
4.36666667,-1.103960081,-0.2244691446,-0.03021901385,0.1439416305,0.3094775831,-0.7614155189,-1.27268793,-0.8439868804,-0.7807812211,1.311039798
4.37500000,-1.108042788,-0.235611408,-0.03763029909,0.1372721583,0.3210325579,-0.2182638768,-1.398764856,-0.9348329128,-0.8106096322,1.452053727
4.38333333,-1.107596739,-0.24773765,-0.04579651089,0.1305740229,0.3335186722,0.3252733027,-1.508856737,-1.024599568,-0.7893687668,1.535749385
4.39166667,-1.102624102,-0.2607134929,-0.05469436856,0.1242237486,0.3464939073,0.8678965958,-1.602570364,-1.109799448,-0.7291809759,1.570842818
4.40000000,-1.093138057,-0.2744003166,-0.0642699242,0.1184938768,0.3595889089,1.408264315,-1.679420363,-1.186766469,-0.6422405716,1.565765401
4.40833333,-1.079163146,-0.2886562019,-0.07444310935,0.1135660408,0.3724986581,1.944987587,-1.739133387,-1.25261642,-0.5384432316,1.527553812
4.41666667,-1.060735776,-0.3033383771,-0.08510476146,0.1095397342,0.3849725254,2.476603187,-1.781773528,-1.30328923,-0.4275379731,1.462187632
4.42500000,-1.037904945,-0.3183070083,-0.09611270263,0.1064403631,0.396805353,3.001548114,-1.807993491,-1.335573791,-0.3165897607,1.374279198
4.43333333,-1.010733171,-0.3334268275,-0.1073103956,0.1042491672,0.4078269252,3.518137536,-1.818098053,-1.348432712,-0.2105416217,1.268093941
4.44166667,-0.9792975824,-0.3485646103,-0.1185292956,0.1029073936,0.4178969712,4.024547115,-1.812350138,-1.340925737,-0.1129618892,1.146437838
4.45000000,-0.9436911372,-0.3635888099,-0.1296055249,0.1023364903,0.4269005779,4.518800767,-1.790799104,-1.314131103,-0.02607773366,1.012568275
4.45833333,-0.9040242638,-0.378366989,-0.1403819111,0.1024408373,0.4347446872,4.998398568,-1.75307772,-1.269483632,0.04930819622,0.8684714552
4.46666667,-0.8604463517,-0.3927478649,-0.1507183085,0.1031256277,0.4413519997,5.456146058,-1.69459447,-1.208524079,0.1129478276,0.7160741552
4.47500000,-0.8131649787,-0.4065475357,-0.160481127,0.1042880911,0.4466656941,5.885904721,-1.613496979,-1.131618267,0.1639140858,0.55863136
4.48333333,-0.7624611581,-0.419565155,-0.1695251316,0.1058220272,0.4506541213,6.273929373,-1.504617608,-1.035663912,0.2021215224,0.3981643413
4.49166667,-0.708783813,-0.4314948526,-0.1776904101,0.1076255553,0.4532959151,6.595094637,-1.348522091,-0.9210120202,0.2290267247,0.2355898975
4.50000000,-0.6528298577,-0.441816004,-0.1848254662,0.1096115538,0.4545773276,6.81176412,-1.11033996,-0.7884311362,0.2460115655,0.07183058707
4.50833333,-0.595747285,-0.4495727648,-0.1907823913,0.111700416,0.4544924307,6.84857905,-0.7157071614,-0.6384653652,0.253970787,-0.09216665913
4.51666667,-0.5395838233,-0.4529134083,-0.1954226966,0.1138253136,0.453043184,6.558824331,-0.01845094773,-0.4725488104,0.2549750373,-0.255455848
4.52500000,-0.4880122751,-0.448387996,-0.1986104516,0.1159327334,0.4502416896,5.700582745,1.215565052,-0.2892914527,0.2496634732,-0.4161532239
4.53333333,-0.4483863151,-0.4289771829,-0.2001768148,0.1179692363,0.446122103,3.386914582,3.856495419,-0.08081702961,0.2382382521,-0.5715328959
4.54166667,-0.4303313923,-0.3856116881,-0.1997982499,0.1198927388,0.4407351245,1.344448197,6.129897976,0.1865134444,0.2229390131,-0.7200805092
4.55000000,-0.4229914012,-0.3302895768,-0.1967019884,0.1216785993,0.4341437778,0.5242761966,7.001043951,0.5878660142,0.205352989,-0.8603444085
4.55833333,-0.4202285474,-0.2711874978,-0.1892474805,0.1233104615,0.4264238339,0.1974348159,7.053555829,1.263665799,0.1859769168,-0.9905163226
4.56666667,-0.4190180412,-0.2149653778,-0.1742419134,0.1247761214,0.4176695117,0.1204985856,6.298056712,2.442162231,0.1659661228,-1.10836496
4.57500000,-0.4179101723,-0.1690366267,-0.146220184,0.1260934279,0.4079887021,0.1575479725,4.469324215,4.514439305,0.1522883599,-1.21262511
4.58333333,-0.4162632285,-0.1405726277,-0.09928201553,0.1273829279,0.3975045186,0.2423738346,2.591369076,6.498164687,0.16434192,-1.300659216
4.59166667,-0.4138199021,-0.1235594811,-0.04064623999,0.1290316973,0.3863621781,0.3459492587,1.596398625,7.437612567,0.2497491096,-1.370205606
4.60000000,-0.4104790954,-0.112577478,0.02257895418,0.1320294281,0.374731227,0.4564360796,1.100312815,7.618158664,0.5134486011,-1.417024233
4.60833333,-0.4062085888,-0.1044973943,0.0842500815,0.1387097174,0.3628255969,0.5684470315,0.8685574497,7.041872113,1.186744741,-1.43437253
4.61666667,-0.4010092047,-0.09776357012,0.1367634147,0.154392676,0.3509487772,0.6789603781,0.7608453369,5.133873969,2.973414263,-1.406090286
4.62500000,-0.3949023769,-0.09168396093,0.1629704998,0.1945729081,0.3396658899,0.7859883169,0.7018420732,1.648557001,6.138586511,-1.273680717
4.63333333,-0.3879227329,-0.08604538766,0.1709575749,0.2490560887,0.3305128278,0.8882058842,0.6514990566,0.4060243716,6.717996944,-0.848579224
4.64166667,-0.3801163107,-0.08083304788,0.1714327928,0.3027842718,0.3274835742,0.9841717045,0.5986628183,-0.2222989904,5.897374114,0.3266018551
4.65000000,-0.3715412255,-0.07608732559,0.168025854,0.333170462,0.3492777548,1.072459634,0.5387202457,-0.5699389388,0.9976899997,5.273028221
4.65833333,-0.3622670052,-0.07188521549,0.1621390574,0.3326448715,0.4018934726,1.151739033,0.4677677955,-0.8366589321,-0.6897663109,6.913106749
4.66666667,-0.3523744945,-0.0683287929,0.1541615274,0.3242847205,0.4617932756,1.220607038,0.383063826,-1.073404076,-1.223136722,7.365369379
4.67500000,-0.3419567678,-0.06554727299,0.1443279927,0.3133075395,0.5235390769,1.277419198,0.2816938776,-1.281365534,-1.370640265,7.40886658
4.68333333,-0.3311254312,-0.06368666655,0.1329129485,0.3018962253,0.5847425761,1.31948292,0.1615936695,-1.450891313,-1.350316618,7.257026161
4.69166667,-0.3200111146,-0.06291325163,0.1202873139,0.2910012691,0.6441950315,1.34506977,0.02011135161,-1.569741035,-1.256692163,6.997656628
4.70000000,-0.3087616752,-0.06341262541,0.1069200664,0.281026411,0.7011891885,1.351151847,-0.1437148377,-1.627269173,-1.136035945,6.673372314
4.70833333,-0.2975556627,-0.06536683741,0.09335637146,0.2720782037,0.755299412,1.3341996,-0.3286787955,-1.616187606,-1.01123002,6.306220538
4.71666667,-0.2866030858,-0.06893313348,0.08017911294,0.2641724324,0.8061836776,1.289443079,-0.5290139859,-1.535092901,-0.8863829782,5.899797488
4.72500000,-0.2761562269,-0.07419902045,0.067947193,0.2573024173,0.8535331079,1.211621835,-0.7340549667,-1.391485378,-0.7626738654,5.459079395
4.73333333,-0.2665202218,-0.08112667857,0.05711160137,0.2514530225,0.8971002769,1.093492875,-0.9241784554,-1.202809286,-0.6422238432,4.993831352
4.74166667,-0.2580660067,-0.08949927936,0.04798301473,0.2465776975,0.936718654,0.9265250722,-1.07675307,-0.9846431664,-0.5290183088,4.512105651
4.75000000,-0.2512384979,-0.09889733539,0.04072911804,0.2426218336,0.9722639079,0.7018251003,-1.166326327,-0.7561184003,-0.4210473783,4.016647743
4.75833333,-0.246547479,-0.1087072077,0.03536602905,0.2395512339,1.003630524,0.4132242982,-1.173403886,-0.5327741855,-0.3163195709,3.509570918
4.76666667,-0.2445296119,-0.1182001196,0.03180621791,0.2373446488,1.030729911,0.06106412081,-1.089778847,-0.324895587,-0.2134681784,2.992824609
4.77500000,-0.2456767286,-0.1266336203,0.02988923885,0.2359914665,1.053489067,-0.3431723022,-0.9222787189,-0.1388292456,-0.1113359725,2.468201305
4.78333333,-0.2503263974,-0.133409587,0.02943136102,0.2354893707,1.071849311,-0.7745795697,-0.6970875958,0.02520767569,-0.009100522446,1.937349803
4.79166667,-0.2585638395,-0.1381932195,0.030248399,0.2358413743,1.085765171,-1.197858141,-0.4510963994,0.1675643493,0.0936919884,1.401793763
4.80000000,-0.2701718889,-0.1409793942,0.03217426187,0.2370527216,1.095203427,-1.578693828,-0.2231317713,0.2917929633,0.1971283426,0.862954482
4.80833333,-0.2846863857,-0.1420398385,0.03506599806,0.2391280184,1.100142366,-1.892292493,-0.04032573396,0.3995874898,0.3009769982,0.3221768998
4.81666667,-0.3014922693,-0.1418116908,0.03879121768,0.2420687531,1.100571263,-2.127970395,0.08533737145,0.4919407113,0.404726525,-0.2192414668
4.82500000,-0.3199411513,-0.1407753189,0.04322616827,0.2458710935,1.09649018,-2.287644803,0.154434476,0.5701937428,0.5076169374,-0.7599966328
4.83333333,-0.3394288508,-0.1393746818,0.04825619337,0.2505239736,1.087910233,-2.378793348,0.1744475462,0.6346546376,0.608679041,-1.29874131
4.84166667,-0.3594247474,-0.1379728319,0.05376294275,0.2560074921,1.07485393,-2.411342009,0.1567329526,0.6844337368,0.70676481,-1.834085835
4.85000000,-0.3794826909,-0.1368349425,0.05961988669,0.2622914917,1.057355621,-2.395068706,0.1127705672,0.7185521334,0.8005632536,-2.36457256
4.85833333,-0.3992310446,-0.1361410126,0.06569660007,0.2693342719,1.035462179,-2.338351468,0.05142251955,0.737405284,0.8886193896,-2.888650363
4.86666667,-0.4183621581,-0.1360051563,0.07186864755,0.277081459,1.009233869,-2.248022687,-0.01984406616,0.741383629,0.969342774,-3.404652329
4.87500000,-0.4366191921,-0.1364810859,0.07801112492,0.2854649927,0.978745395,-2.129484716,-0.09436116726,0.730358065,1.041068575,-3.910777606
4.88333333,-0.4537876773,-0.137577393,0.08400573062,0.294403042,0.9440870734,-1.987266108,-0.1685130577,0.7063695248,1.10215449,-4.405078459
4.89166667,-0.4696857342,-0.1392784575,0.0897521657,0.3038001518,0.9053660891,-1.825242247,-0.2388150762,0.6709782118,1.150951465,-4.885453573
4.90000000,-0.4841611408,-0.1415400417,0.09516157173,0.3135444795,0.8627099206,-1.646236466,-0.3029422657,0.625960047,1.184563732,-5.348428499
4.90833333,-0.497090244,-0.1443025075,0.1001632618,0.3234853341,0.8162956513,-1.455231569,-0.3581797992,0.5729330058,1.197605436,-5.786163147
4.91666667,-0.5083912411,-0.1474779877,0.1046778061,0.333440714,0.7663691726,-1.25568433,-0.4020079824,0.5084794327,1.187694365,-6.19000116
4.92500000,-0.5179978902,-0.1509731273,0.1086058118,0.3432119832,0.7132374083,-1.048781619,-0.4352227601,0.432478473,1.15315863,-6.554720023
4.93333333,-0.5258538689,-0.1547051199,0.1118565713,0.3525571185,0.6572792481,-0.8357309977,-0.458879389,0.3459096302,1.081454931,-6.863454531
4.94166667,-0.5319131246,-0.158595326,0.1143403672,0.3610588877,0.5990878154,-0.6177837521,-0.4732565817,0.2484364224,0.9449695313,-7.084524634
4.95000000,-0.5361403429,-0.1625689845,0.1159703896,0.3679830719,0.5395940784,-0.3962648821,-0.4791783644,0.1414075716,0.6900754065,-7.163218396
4.95833333,-0.5385113401,-0.1665623226,0.1166763338,0.3719229884,0.4804042763,-0.172514388,-0.4781247399,0.026802506,0.2024333524,-6.985225588
4.96666667,-0.5390131098,-0.1705207413,0.1163952372,0.3701150515,0.4244899531,0.05212649594,-0.4709667259,-0.09581433977,-0.7355283444,-6.329676124
4.97500000,-0.5376438419,-0.1743980437,0.1150446701,0.3572819535,0.3774073248,0.2763083434,-0.4588880018,-0.231259987,-2.669246869,-4.637530879
4.98333333,-0.5344129905,-0.1781601285,0.1124543274,0.3205603742,0.3524407219,0.4986829564,-0.4436714284,-0.3995971546,-5.770464735,-1.710616001
4.99166667,-0.5293411938,-0.181788889,0.1081426593,0.2670559285,0.3433274205,0.717916215,-0.4271097424,-0.6563368748,-6.909138609,-0.6091163841
