Frequency_Hz,single_pendulum
0.0,0.0008697990303809717
0.00754232,0.004138085806648026
0.01508465,0.0043630048804043494
0.02262697,0.004640211786989639
0.03016929,0.0022895112532799584
0.03771161,0.0028923830381748943
0.04525394,0.003719203197243723
0.05279626,0.0009883574115033425
0.06033858,0.0011003634872289287
0.06788091,0.0020702865477742007
0.07542323,0.0027320883925000634
0.08296555,0.0029965946228239734
0.09050787,0.0045463596627891775
0.0980502,0.003194957600675618
0.10559252,0.0027963532873179642
0.11313484,0.005142776321497648
0.12067716,0.00013416451687223158
0.12821949,0.0028186682973071866
0.13576181,0.0012413273167999088
0.14330413,0.001790871865043892
0.15084646,0.0015066661337044128
0.15838878,0.0033669787739311744
0.1659311,0.0032635985669425315
0.17347342,0.0026402607664307077
0.18101575,0.0011285360625427998
0.18855807,0.0025554090579164215
0.19610039,0.0017098818722719748
0.20364272,0.0019541149046390597
0.21118504,0.002899265594215991
0.21872736,0.002071052024991328
0.22626968,0.0018522077045798043
0.23381201,0.0021788264045578443
0.24135433,0.002226355144499095
0.24889665,0.004838111275675572
0.25643898,0.00364309529273309
0.2639813,0.0013608585653926183
0.27152362,0.0022057558188874862
0.27906594,0.0012638285280618397
0.28660827,0.0015912321225160073
0.29415059,0.004241613897041375
0.30169291,0.0032255236214415047
0.30923523,0.0017761462025907336
0.31677756,0.0025005899780530696
0.32431988,0.002106696878626983
0.3318622,0.0013095354089872884
0.33940453,0.0008612385158269612
0.34694685,0.0005446657936004565
0.35448917,0.0016164077970092245
0.36203149,0.0020101990234699506
0.36957382,0.001406747486822493
0.37711614,0.003082185814729881
0.38465846,0.0012788453319795502
0.39220079,0.0009165205874017175
0.39974311,0.0016681921819812543
0.40728543,0.0019317592845303532
0.41482775,0.0007496529023283342
0.42237008,0.0013031067075083432
0.4299124,0.0021483392995268733
0.43745472,0.001701825858070592
0.44499705,0.002050349223369892
0.45253937,0.0007904710779925146
0.46008169,0.0009514321672478095
0.46762401,0.0013021044616444745
0.47516634,0.0005994020943917276
0.48270866,0.0011154544947476592
0.49025098,0.0010703494773779034
0.4977933,0.0006045606368607896
0.50533563,0.0011475781274541354
0.51287795,0.0006387441121741479
0.52042027,0.0005836884750208721
0.5279626,0.0015125287378981345
0.53550492,0.0016769497415359026
0.54304724,0.0010712523875792792
0.55058956,0.0005580099327277652
0.55813189,0.0003326187595169495
0.56567421,0.0009304500913876965
0.57321653,0.0004101598218241356
0.58075886,0.000978846270955189
0.58830118,0.0020528301797340994
0.5958435,0.0024043917135280826
0.60338582,0.000545488601507697
0.61092815,0.0009534768064584399
0.61847047,0.0019213652412052398
0.62601279,0.002555262562115173
0.63355512,0.0009489351083529827
0.64109744,0.001282678248058073
0.64863976,0.0007646283604618866
0.65618208,0.0008469330398158505
0.66372441,0.0006730145736834229
0.67126673,0.0006391617494691788
0.67880905,0.0014953492952791993
0.68635137,0.0023077051371532815
0.6938937,0.0022646730829520047
0.70143602,0.0011741270933846022
0.70897834,0.0002730817378362957
0.71652067,0.0007202763774168414
0.72406299,0.001787231149912784
0.73160531,0.001183415469972581
0.73914763,0.0006104145543913852
0.74668996,0.001171672680169418
0.75423228,0.0017222638796300562
0.7617746,0.0012840503509961123
0.76931693,0.0011666022842145738
0.77685925,0.0018542982358903852
0.78440157,0.0015272477502693733
0.79194389,0.0008457184980763866
0.79948622,0.0010248045978799947
0.80702854,0.0012366392826871258
0.81457086,0.0012012342077460396
0.82211319,0.0012493223571118386
0.82965551,0.00117758761406504
0.83719783,0.0004916707456439445
0.84474015,0.0012907294541471019
0.85228248,0.0006715105575435481
0.8598248,0.0006627067371887218
0.86736712,0.0010813448359562397
0.87490944,0.0007419642885610024
0.88245177,0.0003373009539531589
0.88999409,0.0005145455514220634
0.89753641,0.000715035672996766
0.90507874,0.0004561423006048805
0.91262106,0.00033841646307700726
0.92016338,0.0004468769465943818
0.9277057,0.00026497460560999966
0.93524803,0.00021581886130263577
0.94279035,0.0008684488002188999
0.95033267,0.0012451249842790092
0.957875,0.0008497883695512263
0.96541732,0.0005085110171355801
0.97295964,0.0006873421871259958
0.98050196,0.0004976057058533596
0.98804429,0.0008915332415335318
0.99558661,0.0007576058026854139
1.00312893,0.0006145352250180255
1.01067126,0.000875525562544566
1.01821358,0.0012492109026373836
1.0257559,0.001433661258705488
1.03329822,0.0009110102897020796
1.04084055,0.000995654547823461
1.04838287,0.001217371071085476
1.05592519,0.0002598214044442601
1.06346752,0.0006084920499134454
1.07100984,0.0008961875154277332
1.07855216,0.0010608519330973446
1.08609448,0.0004852181402193765
1.09363681,0.00028091323524537855
1.10117913,0.000582919624365137
1.10872145,0.0008534134013937902
1.11626377,0.000615342838003708
1.1238061,0.0006601285022662813
1.13134842,0.0005773376028823753
1.13889074,0.00024178986782724175
1.14643307,0.00011272943024356462
1.15397539,0.0006413337133965933
1.16151771,0.0010543881096288588
1.16906003,0.0007892815729486938
1.17660236,0.0005490945129097487
1.18414468,0.00024593271856512676
1.191687,0.00020843929418971527
1.19922933,0.0007280472069443864
1.20677165,0.0007860691654666923
1.21431397,0.0001987668959449707
1.22185629,0.00039976172075442543
1.22939862,0.0006594199356803546
1.23694094,0.0002898710341475535
1.24448326,0.0005091196065349124
1.25202559,0.000622171000806046
1.25956791,0.0009680780864450925
1.26711023,0.0006097503554815942
1.27465255,0.0007530501956676382
1.28219488,0.0009227527723741751
1.2897372,0.0003192314667389009
1.29727952,0.0012830538454609022
1.30482184,0.0010249150690857733
1.31236417,0.002071606450683364
1.31990649,0.001339431459270674
1.32744881,0.0011844698086553457
1.33499114,0.0016860860034986185
1.34253346,0.006060702006576727
1.35007578,0.006467037769704596
1.3576181,0.007680776132712921
1.36516043,0.007947254059742124
1.37270275,0.018140361771812066
1.38024507,0.03661667740152031
1.3877874,0.05845399259632831
1.39532972,0.08347369970516828
1.40287204,0.11834361359725898
1.41041436,0.2786569904893212
1.41795669,1.0
1.42549901,0.9742759676954209
1.43304133,0.2523134957534189
1.44058366,0.009830089883150489
1.44812598,0.01162177005426706
1.4556683,0.005997881185267154
1.46321062,0.002422041817149888
1.47075295,0.0027268579075395184
1.47829527,0.002167061955275522
1.48583759,0.0007125107511470063
1.49337991,0.001049950024864108
1.50092224,0.0016323525655901792
1.50846456,0.0011259071002481932
1.51600688,0.00022646689742571413
1.52354921,0.0008160161361002085
1.53109153,0.00037379531537585885
1.53863385,0.00011192947174415999
1.54617617,0.00018752635753536333
1.5537185,0.0002105158782986995
1.56126082,0.00017795076336811093
1.56880314,0.0003826081301375072
1.57634547,0.00025197397726578306
1.58388779,0.0002555203809003883
1.59143011,6.772674486125211e-05
1.59897243,0.0006617520062775907
1.60651476,0.0005037590109296669
1.61405708,0.0004962710416614824
1.6215994,0.0002830034176640524
1.62914173,0.00032539935502725
1.63668405,0.00034464739951266596
1.64422637,0.0005452653010892019
1.65176869,0.000899252743006707
1.65931102,0.0005205785869130226
1.66685334,0.000730788628219911
1.67439566,0.0005526455524060061
1.68193798,0.00013360587782797008
1.68948031,0.00021899951951897135
1.69702263,0.0003252490397938752
1.70456495,0.000526631201907419
1.71210728,0.0005610673516422989
1.7196496,0.00018258244025740132
1.72719192,0.00025724409663288703
1.73473424,0.0006547799122388372
1.74227657,0.0005645534332241311
1.74981889,0.00025139682744843055
1.75736121,0.00016541122605550525
1.76490354,0.0005822946706386236
1.77244586,0.00039344897667121186
1.77998818,0.00039184376135517694
1.7875305,0.0005597396590601776
1.79507283,0.00023190127075309612
1.80261515,0.0005017328740174335
1.81015747,0.0007259601144194491
1.8176998,0.00020303732533413573
1.82524212,0.00013346663442452097
1.83278444,0.00030665434885664475
1.84032676,0.0003121312207307347
1.84786909,8.435108500728204e-05
1.85541141,0.00013829407898411283
1.86295373,9.43444370654776e-05
1.87049605,0.0006263898816967009
1.87803838,0.0007703517556614578
1.8855807,0.00025695368919933354
1.89312302,0.0005950854467800625
1.90066535,0.00019178683936992922
1.90820767,0.00039862209336709824
1.91574999,0.0005233462299118391
1.92329231,0.0005334415583572888
1.93083464,0.0004728066767660551
1.93837696,0.0007219303466245672
1.94591928,0.0006602572951471666
1.95346161,0.0002589739528425327
1.96100393,0.00015405087385612313
1.96854625,0.000360418552659969
1.97608857,0.000502620474939939
1.9836309,0.0006419310786257232
1.99117322,0.0004574805691962948
1.99871554,0.00023028844301793745
2.00625787,0.00010775536184337627
2.01380019,0.0003991610119012723
2.02134251,0.0005518818033116565
2.02888483,5.8110936863444886e-05
2.03642716,0.0001912835019903258
2.04396948,0.00020003249699912065
2.0515118,0.00011477401523657662
2.05905412,0.00013034409014378345
2.06659645,0.0001801443368454655
2.07413877,0.000358300677494969
2.08168109,0.00019470812121361394
2.08922342,0.0005566574466634988
2.09676574,0.00040917919071754865
2.10430806,0.000308102929574648
2.11185038,0.0004201149735266794
2.11939271,0.0003272879121286139
2.12693503,0.00017821065812654262
2.13447735,0.00012822988053906174
2.14201968,0.0005433687115098009
2.149562,0.0007226143011684774
2.15710432,0.0005843110537910604
2.16464664,0.00023220030869216716
2.17218897,0.00019197949274346054
2.17973129,3.108171191067616e-05
2.18727361,0.00018331957472940744
2.19481594,0.00020248763076747685
2.20235826,0.00031901979308961045
2.20990058,0.00016176705753777508
2.2174429,0.0004515914932247651
2.22498523,0.00023804649464740377
2.23252755,0.00015683861739888098
2.24006987,0.00023646550500903746
2.24761219,0.0001015786251886193
2.25515452,0.0004705447160843727
2.26269684,0.0004962991684550716
2.27023916,0.0003701030802334638
2.27778149,0.0003991173153596132
2.28532381,0.00031454050528313253
2.29286613,0.00018358511863696215
2.30040845,0.00040826278614911185
2.30795078,0.0002994774821218745
2.3154931,9.761718135438729e-05
2.32303542,0.00029831192809396317
2.33057775,0.0002446203715090595
2.33812007,0.0001072260568791866
2.34566239,0.00016879386675154216
2.35320471,2.5314193749407094e-05
2.36074704,0.0001950687080960513
2.36828936,0.00021167768600148076
2.37583168,0.00013927185953048113
2.38337401,0.00046179357799912437
2.39091633,0.0005216944781128198
2.39845865,0.00016577580533550364
2.40600097,0.0002442251990954017
2.4135433,0.0001226977288507287
2.42108562,0.0001228104977195419
2.42862794,0.00018407358517546235
2.43617026,0.00035202900535099245
2.44371259,0.0001168446465369318
2.45125491,0.0007210750358165519
2.45879723,0.0008228503310465609
2.46633956,0.0003998653553329185
2.47388188,0.00019792017623004206
2.4814242,0.0004811111706197975
2.48896652,0.00037205213939826284
2.49650885,9.363571888463881e-05
2.50405117,0.0001782146850355068
2.51159349,0.00021262463765433782
2.51913582,0.0004149283733889393
2.52667814,0.0005036115975130917
2.53422046,0.00012057770499351437
2.54176278,0.00030058990451723344
2.54930511,0.0004834178021265979
2.55684743,0.00038125424830140237
2.56438975,0.00015374239980511128
2.57193208,0.00036428879853889304
2.5794744,0.0003814491249036105
2.58701672,0.00018298932224721038
2.59455904,6.25514742658094e-05
2.60210137,0.0004380141862765856
2.60964369,0.00042537997989666656
2.61718601,0.0001393072630227987
2.62472833,8.585922280932266e-05
2.63227066,0.00029623511751665873
2.63981298,0.000355809541696291
2.6473553,0.00038956172218417766
2.65489763,0.0005277704327199238
2.66243995,0.00041421167344548937
2.66998227,0.0002767973602743135
2.67752459,0.0003041297126959564
2.68506692,0.00018771750098395328
2.69260924,8.151587037598405e-05
2.70015156,7.899734984014809e-05
2.70769389,7.844418799041165e-05
2.71523621,4.566297664147933e-05
2.72277853,0.00013790640687857093
2.73032085,0.00021908702542803064
2.73786318,0.00023351095927792733
2.7454055,0.0005394852548086873
2.75294782,0.0004982679278111142
2.76049015,0.00025806906487228266
2.76803247,6.504076583840653e-05
2.77557479,0.00019218202607825102
2.78311711,0.00021283706340716616
2.79065944,0.0002784146615245828
2.79820176,2.4801895504389767e-05
2.80574408,0.00015881045868449022
2.8132864,0.00010466764661367147
2.82082873,0.00026280638657824883
2.82837105,0.000528912031647736
2.83591337,0.0006860555754683288
2.8434557,0.00045436801688571973
2.85099802,0.00042190970423117505
2.85854034,0.0005022864654116138
2.86608266,0.00025990500852266554
2.87362499,8.581358944279121e-05
2.88116731,4.161807537167397e-05
2.88870963,0.00012291040557701563
2.89625196,0.00015956436814895412
2.90379428,9.229148933663693e-05
2.9113366,0.00014709521367788065
2.91887892,0.00010144885353166635
2.92642125,0.0001157468930194942
2.93396357,0.0003319189451453942
2.94150589,0.0002714250071036873
2.94904822,0.00032337591153603555
2.95659054,0.0002252353765864108
2.96413286,0.00013135673557994934
2.97167518,0.00010497091332278386
2.97921751,5.983313871954873e-05
2.98675983,2.0691255627293346e-05
2.99430215,0.00016178300497128982
3.00184448,0.00019215305916683541
3.0093868,0.0002143126709443608
3.01692912,0.00038293897789035673
3.02447144,0.0002618105515648866
3.03201377,0.0003028391989013214
3.03955609,0.00035264315833567306
3.04709841,0.0003937837109390037
3.05464073,0.0004002940102402566
3.06218306,0.00014930980123031344
3.06972538,0.0004278513986568182
3.0772677,0.0004185583394432148
3.08481003,0.00017873421541053219
3.09235235,0.00023198001290994808
3.09989467,7.296844778403165e-05
3.10743699,6.041920020824989e-05
3.11497932,1.6045708023069105e-05
3.12252164,0.00012621943477743793
3.13006396,0.0001826939428231903
3.13760629,0.00012090599910673828
3.14514861,0.000210592718652606
3.15269093,0.0002783650284089488
3.16023325,0.0005723813291947144
3.16777558,0.0004548475949000165
3.1753179,0.0003011196037078363
3.18286022,0.0002933063747772889
3.19040255,0.0004781443477122691
3.19794487,0.000428909931291907
3.20548719,0.00017500304895483977
3.21302951,0.00015394697656212597
3.22057184,0.0005085169963893376
3.22811416,0.0004916889884941896
3.23565648,0.00017671936791343216
3.2431988,4.5692504649089826e-05
3.25074113,0.0002694277549085514
3.25828345,0.00024671272641035283
3.26582577,0.00012092635613779445
3.2733681,0.00011519279253106466
3.28091042,0.00018665968553258026
3.28845274,9.55259644104561e-05
3.29599506,7.758443112325111e-05
3.30353739,0.00019532272876861097
3.31107971,4.1967452623624324e-05
3.31862203,0.0002459701636417831
3.32616436,0.00027237228048859
3.33370668,0.00016684937503821742
3.341249,0.00026244549818050497
3.34879132,0.0002897951437761771
3.35633365,0.00021620171120536927
3.36387597,0.00023779188258417195
3.37141829,0.00018775668827384164
3.37896062,0.00021324777115959542
3.38650294,0.00011863813503512255
3.39404526,0.00020164047792422784
3.40158758,0.0004953777218523143
3.40912991,0.0003666554085160057
3.41667223,9.442178386912047e-05
3.42421455,0.0002658114865118806
3.43175687,7.656016683099823e-05
3.4392992,5.004225755909324e-05
3.44684152,0.00010650247140027918
3.45438384,0.00010838666352387449
3.46192617,0.00013139673603201196
3.46946849,8.334565565025857e-05
3.47701081,0.00028421496599876213
3.48455313,0.0006563730404974855
3.49209546,0.0005418128632244393
3.49963778,0.0003902767524087632
3.5071801,0.0002979815528818648
3.51472243,0.00015562822938247213
3.52226475,0.00030677758856686565
3.52980707,0.0004918807792868509
3.53734939,0.00044254284162426066
3.54489172,0.0002858457671297487
3.55243404,0.00019460997364191172
3.55997636,0.00025264891269352336
3.56751869,0.00014750839471350266
3.57506101,0.00018733958621187406
3.58260333,0.00020083425264410908
3.59014565,0.00026744031834868647
3.59768798,0.00037487756980170877
3.6052303,0.0004313961439061856
3.61277262,0.0004304797069705452
3.62031494,0.0004161381845135495
3.62785727,0.0001228626589486157
3.63539959,0.00016204674918064217
3.64294191,0.000289685255486377
3.65048424,0.0005001649851323435
3.65802656,0.000488582233384615
3.66556888,0.00046354077128783874
3.6731112,0.0002817061295260252
3.68065353,6.927856715659211e-05
3.68819585,3.5104809805107535e-05
3.69573817,9.816566456058418e-05
3.7032805,7.562177406739188e-05
3.71082282,0.00016006613709759835
3.71836514,5.9565364487037553e-05
3.72590746,0.00010030429565945076
3.73344979,0.00029305809269760725
3.74099211,0.0002783562670051506
3.74853443,2.1843413022803696e-05
3.75607676,9.593381514964696e-05
3.76361908,0.00023973184533951058
3.7711614,0.00033630566601701033
3.77870372,0.00025818244054958426
3.78624605,9.714184767089474e-05
3.79378837,0.00017531787984294918
3.80133069,0.00024511887759853237
3.80887301,6.510461004534598e-05
3.81641534,6.577080898284537e-05
3.82395766,0.00022201880333299457
3.83149998,0.00032997783585589504
3.83904231,0.00021790380207221645
3.84658463,0.00022170796790558844
3.85412695,0.0003039596417263577
3.86166927,0.0001654624232115944
3.8692116,0.00010310446690143924
3.87675392,0.00017328218990884418
3.88429624,7.142799483141788e-05
3.89183857,0.00018853093710524118
3.89938089,0.0002216763567876401
3.90692321,0.00019616188987361542
3.91446553,0.00010225943477370499
3.92200786,0.0002685828589885445
3.92955018,0.00016191125833071247
3.9370925,0.00014877063243741402
3.94463483,0.00021558327410987652
3.95217715,0.0004182958136497622
3.95971947,9.305829377247793e-05
3.96726179,0.00031152862263351955
3.97480412,0.0002671891011660589
3.98234644,9.094497821730797e-05
3.98988876,5.5892176310581457e-05
3.99743108,0.00011856924721123923
4.00497341,0.00017877860269077848
4.01251573,0.00019538892296726583
4.02005805,0.00015332232996668
4.02760038,0.00014186931587502487
4.0351427,0.00019663338313224664
4.04268502,0.00012705064764081844
4.05022734,0.0002187876700453132
4.05776967,0.0002650487547891916
4.06531199,0.00019186700507110984
4.07285431,7.631276599693354e-05
4.08039664,0.00013000659169638563
4.08793896,0.00010069238081952051
4.09548128,0.000104924988753525
4.1030236,0.0002284333372683072
4.11056593,0.00013911502746187626
4.11810825,0.0001108406130814199
4.12565057,0.00015400246017743637
4.1331929,0.0001725646159487931
4.14073522,0.0003291566509035465
4.14827754,0.00026816387768877965
4.15581986,0.0004369831870023189
4.16336219,0.00045455062366305107
4.17090451,0.00027379065362044384
4.17844683,0.00013355554018960856
4.18598915,0.00011617337585263181
4.19353148,0.00047090038049714395
4.2010738,0.00055225552086406
4.20861612,0.00023223473065158904
4.21615845,0.0001614915868028841
4.22370077,0.00019303117741763722
4.23124309,0.0003085786094340616
4.23878541,0.00016688852669355045
4.24632774,2.6466053101172257e-05
4.25387006,7.199975112908226e-05
4.26141238,0.00030003350401736024
4.26895471,0.0004593113070363494
4.27649703,0.00022355164129344503
4.28403935,0.00027833581134091253
4.29158167,9.41271399770385e-05
4.299124,0.00017983917997334834
4.30666632,0.00027524673719918146
4.31420864,9.443642233003882e-05
4.32175097,0.00019449915946630092
4.32929329,0.00012474076215795939
4.33683561,0.00030851532379111944
4.34437793,0.000444703471925188
4.35192026,0.0003269557299688765
4.35946258,0.0002002962765367141
4.3670049,0.00020642936354652055
4.37454722,0.0001396453848196533
4.38208955,0.0003091919515028723
4.38963187,0.000570553607835086
4.39717419,0.0004072567387214468
4.40471652,0.00041228777105151144
4.41225884,0.0004562402749048336
4.41980116,0.00021254552005834537
4.42734348,7.838391469265355e-05
4.43488581,0.00019949061028006395
4.44242813,0.00026941175325741803
4.44997045,0.00018687431746259334
4.45751278,0.0002528455002649121
4.4650551,0.00030651699061306803
4.47259742,0.00012394397666555215
4.48013974,9.161234231287308e-05
4.48768207,0.00017995659481218334
4.49522439,7.245683385521324e-06
4.50276671,6.978493158446263e-05
4.51030904,6.150347715548308e-05
4.51785136,9.901886844743558e-05
4.52539368,6.802545460504732e-05
4.532936,0.00013250645122221162
4.54047833,0.00023065760118514133
4.54802065,0.00020356629641581534
4.55556297,8.51138737248387e-05
4.56310529,0.0001139412248549148
4.57064762,0.0001516490289616238
4.57818994,9.804139374561484e-05
4.58573226,0.00024584748887710595
4.59327459,0.0002481443325211254
4.60081691,0.00010437454524857531
4.60835923,0.00010786904342648828
4.61590155,0.00018844289351260457
4.62344388,5.7415726721492335e-05
4.6309862,0.00015339124903461472
4.63852852,0.00010039114579058687
4.64607085,0.0001277669307927069
4.65361317,0.0001688900801530953
4.66115549,0.0001911347653983845
4.66869781,7.270836002721448e-05
4.67624014,2.89233593725689e-05
4.68378246,0.00018473541025208038
4.69132478,0.0002654276014712613
4.69886711,0.00016128504412114524
4.70640943,0.0001301034232400537
4.71395175,0.00018819110924023365
4.72149407,0.0003893547336110256
4.7290364,0.00030489275032445585
4.73657872,0.00010270138463754094
4.74412104,4.1100144651238215e-05
4.75166337,0.00015854845219576114
4.75920569,0.000171673128205031
4.76674801,5.233841204714897e-05
4.77429033,0.00010846828697447278
4.78183266,5.644038161829899e-05
4.78937498,9.744156409598386e-05
4.7969173,5.44978464871144e-05
4.80445962,0.00011644802944326354
4.81200195,0.00012819813515337617
4.81954427,0.00020168406919589678
4.82708659,0.0001424829295424523
4.83462892,0.000124553060353946
4.84217124,7.802436969722551e-05
4.84971356,0.0001283577335457866
4.85725588,0.0002983229935933948
4.86479821,0.0001347850513012529
4.87234053,5.944728756020623e-05
4.87988285,4.191065025408315e-05
4.88742518,0.00010317671254190503
4.8949675,3.0474808403599453e-05
4.90250982,0.0003034745453591139
4.91005214,0.0003500565438811735
4.91759447,0.0003170647962276844
4.92513679,0.0003166661876831062
4.93267911,0.00011858104500588856
4.94022144,0.00012045629030347214
4.94776376,0.000130194587255745
4.95530608,2.8356555553154662e-05
4.9628484,9.62921292723966e-05
4.97039073,5.855757736812771e-05
4.97793305,9.875451326372133e-05
4.98547537,8.817296895420314e-05
4.99301769,0.00012980659903391836
5.00056002,0.0001210701325834194
5.00810234,0.00031938543517788005
5.01564466,0.00043858349986121724
5.02318699,0.00022587679980799047
5.03072931,0.00012222592407052618
5.03827163,0.00021219989601338476
5.04581395,6.458383296119656e-05
5.05335628,0.00015625422253527047
5.0608986,0.0003031796666567541
5.06844092,0.0003087424663089936
5.07598325,0.0001868382894976668
5.08352557,7.271698732664309e-05
5.09106789,0.00010290039883025481
5.09861021,0.0001438880312018993
5.10615254,4.06491418030891e-05
5.11369486,7.152552078944394e-05
5.12123718,5.948082765117221e-05
5.12877951,0.00013127265671448836
5.13632183,0.00033696654325529796
5.14386415,0.00035459057626883105
5.15140647,0.0002452969984039744
5.1589488,0.0002407262960167655
5.16649112,6.564589831829276e-05
5.17403344,0.0001847612177364294
5.18157576,0.00016458151014976373
5.18911809,3.980552151847997e-05
5.19666041,0.0002259053418615699
5.20420273,0.0003304113334890949
5.21174506,0.000145194351321294
5.21928738,0.0002144637528822517
5.2268297,6.683129179810689e-05
5.23437202,6.614187938809952e-05
5.24191435,7.87092361998594e-05
5.24945667,8.401901571412765e-05
5.25699899,0.00026446918876519773
5.26454132,0.0002704157270398549
5.27208364,0.00038182365704765467
5.27962596,0.00033030377645478984
5.28716828,0.0001247406014450937
5.29471061,0.000138540581684436
5.30225293,5.884043366582421e-05
5.30979525,0.00016829299091308608
5.31733758,0.00017503012202747985
5.3248799,0.00013003561129384868
5.33242222,0.00010713111457958065
5.33996454,3.8125872212282723e-05
5.34750687,0.0001228833714062827
5.35504919,0.0001848199430752293
5.36259151,1.2657023379709445e-05
5.37013383,0.00028824756995709383
5.37767616,0.00020691103940486958
5.38521848,0.000146465485023055
5.3927608,0.0001524800109661801
5.40030313,0.00010833023217233843
5.40784545,0.00011965137043249422
5.41538777,3.596852494642392e-05
5.42293009,3.569851359899083e-05
5.43047242,8.4907545626428e-05
5.43801474,0.00011850551200111306
5.44555706,7.555731410758853e-05
5.45309939,6.632681502146446e-05
5.46064171,0.00015273192144001354
5.46818403,0.00028799665745501973
5.47572635,0.0002974965790403128
5.48326868,0.00028432923825781316
5.490811,7.99068643805187e-05
5.49835332,0.0001408809077564682
5.50589565,0.0001341614298374279
5.51343797,0.00013593627431583794
5.52098029,0.0002103564012067239
5.52852261,0.00013480399367109304
5.53606494,0.00015423548637902846
5.54360726,0.00015678119481449864
5.55114958,0.0001780883738104032
5.5586919,0.00028722534536024203
5.56623423,6.258055804631397e-05
5.57377655,0.00014395674013827265
5.58131887,5.047205326230538e-05
5.5888612,0.00022617356622284116
5.59640352,0.00023162520199072464
5.60394584,0.00015900131093035273
5.61148816,9.462267054029762e-05
5.61903049,0.00019880084740573627
5.62657281,0.00011147306783078229
5.63411513,4.374209974377637e-05
5.64165746,0.0001048093163321315
5.64919978,8.683282109436012e-05
5.6567421,1.274637928376756e-05
5.66428442,0.0002508573280403729
5.67182675,0.00032989284754348703
5.67936907,0.0001763873791400782
5.68691139,8.420935292324493e-05
5.69445372,0.00015260447675015645
5.70199604,0.0002420504835472647
5.70953836,0.00020600585737295932
5.71708068,0.00012881719794673478
5.72462301,0.00021352588232314364
5.73216533,0.00015880971107356103
5.73970765,0.00017868074080814756
5.74724997,0.0004510811527871449
5.7547923,0.0004688579461363364
5.76233462,0.00020298916099523165
5.76987694,0.00013035546808372905
5.77741927,0.00013104579284045818
5.78496159,2.3033147383667134e-05
5.79250391,0.00013338245182064096
5.80004623,6.777625571666666e-05
5.80758856,3.738574874644725e-05
5.81513088,4.258313861912872e-05
5.8226732,0.00018145417283958504
5.83021553,0.00027376329404189457
5.83775785,0.00030070237462756825
5.84530017,0.0002781337440121697
5.85284249,0.0001924648302821076
5.86038482,0.0002180866889228582
5.86792714,0.00016537751556193348
5.87546946,0.00011136481852631883
5.88301179,0.00011671778905145243
5.89055411,2.9514649155062816e-05
5.89809643,2.1596152776759818e-05
5.90563875,8.134953669524566e-05
5.91318108,3.9530007828123555e-05
5.9207234,0.00021316011852602021
5.92826572,0.00015516998084480507
5.93580804,0.0001161597532420133
5.94335037,0.00021041898947427056
5.95089269,0.0002528967132472364
5.95843501,0.00014860942364899502
5.96597734,3.820941779488084e-05
5.97351966,0.00012735357250325083
5.98106198,9.240002396259459e-05
5.9886043,7.35606057937878e-05
5.99614663,0.00015977403646108955
