Frequency_Hz,experiment,model_scale0p5
0.0,0.0025071494013169456,0.15016353849660968
0.00553907,0.0020070208394352375,0.15016353849660968
0.01107814,0.0007653048819232402,0.28906924696638736
0.01661721,0.001298298456160831,0.28906924696638736
0.02215628,0.0024074867374059544,0.28906924696638736
0.02769535,0.0032457991592952035,0.07913410368730643
0.03323442,0.003406823681407622,0.07913410368730643
0.03877349,0.00467117970248135,0.07913410368730643
0.04431256,0.006721222306484325,0.03852593790863024
0.04985163,0.009189906187482135,0.03852593790863024
0.0553907,0.007730968554781706,0.03852593790863024
0.06092977,0.007727033005888523,0.025643024315385416
0.06646884,0.010510012107159414,0.025643024315385416
0.07200791,0.011626030635726368,0.025643024315385416
0.07754698,0.012244520973263529,0.04240618287571906
0.08308605,0.010722345632940103,0.04240618287571906
0.08862512,0.007313973367619464,0.04240618287571906
0.09416419,0.005617020955589631,0.03456909927479158
0.09970326,0.006523122186237504,0.03456909927479158
0.10524233,0.006187616040221696,0.03456909927479158
0.11078139,0.005043253311610588,0.018400033962996176
0.11632046,0.004678094839839383,0.018400033962996176
0.12185953,0.0048948622787548125,0.018400033962996176
0.1273986,0.0036232010957069523,0.013815068855969207
0.13293767,0.005065492550917289,0.013815068855969207
0.13847674,0.00584075554808364,0.013815068855969207
0.14401581,0.008472546980260284,0.01743854560386027
0.14955488,0.007147258917797215,0.01743854560386027
0.15509395,0.006154998925481785,0.01743854560386027
0.16063302,0.008481896813648374,0.01714624153123874
0.16617209,0.0066903356309002664,0.01714624153123874
0.17171116,0.005003758093331773,0.01714624153123874
0.17725023,0.0035695834400354468,0.007471368250721968
0.1827893,0.0038609735575153375,0.007471368250721968
0.18832837,0.004418084325983794,0.007471368250721968
0.19386744,0.005546612503569928,0.005058213383095383
0.19940651,0.004830425803895717,0.005058213383095383
0.20494558,0.004062605519335045,0.005058213383095383
0.21048465,0.004972499222606381,0.006234691899990435
0.21602372,0.004094810528574368,0.006234691899990435
0.22156279,0.0041153974057211214,0.006234691899990435
0.22710186,0.003655193433424192,0.003917994485699703
0.23264093,0.0045698907061888835,0.003917994485699703
0.23818,0.005046134965727645,0.003917994485699703
0.24371907,0.00251801145142929,0.0034089244105661503
0.24925814,0.004322726048473888,0.0034089244105661503
0.25479721,0.0044503209092477646,0.0034089244105661503
0.26033628,0.004731090278396197,0.0030963859706924267
0.26587535,0.004186589663962755,0.0030963859706924267
0.27141442,0.0035845053549423494,0.0030963859706924267
0.27695349,0.003203636866753247,0.0037486078924871707
0.28249256,0.003389770441481072,0.0037486078924871707
0.28803163,0.00305416664324831,0.0037486078924871707
0.2935707,0.0019934471900152364,0.004893889933892366
0.29910977,0.002902491127331751,0.004893889933892366
0.30464884,0.0051259456851228576,0.004893889933892366
0.31018791,0.006360984368269707,0.006102809602606983
0.31572698,0.004494267023694198,0.006102809602606983
0.32126605,0.003942457748390343,0.006102809602606983
0.32680511,0.0029248136589582153,0.0058164774037231465
0.33234418,0.0036407605749089553,0.0058164774037231465
0.33788325,0.00375813028785218,0.0058164774037231465
0.34342232,0.003138334685546744,0.0036758385720631523
0.34896139,0.002971356301186317,0.0036758385720631523
0.35450046,0.0041407299235350845,0.0036758385720631523
0.36003953,0.00401909664402219,0.002099538640018723
0.3655786,0.00464886897642156,0.002099538640018723
0.37111767,0.0033619583198699066,0.002099538640018723
0.37665674,0.00212327264706978,0.001504718851076767
0.38219581,0.0024722948233027444,0.001504718851076767
0.38773488,0.002651609100361708,0.001504718851076767
0.39327395,0.0035051142688474566,0.001514770498515653
0.39881302,0.003947482244151463,0.001514770498515653
0.40435209,0.003364652182496008,0.001514770498515653
0.40989116,0.0033316525966059405,0.0016056656519014207
0.41543023,0.0026227563790695327,0.0016056656519014207
0.4209693,0.0020261460458982153,0.0016056656519014207
0.42650837,0.0026055891403657197,0.0011352782512156526
0.43204744,0.0023362553959479396,0.0011352782512156526
0.43758651,0.0029862141822636426,0.0011352782512156526
0.44312558,0.003681461020854905,0.0005565438389435335
0.44866465,0.0043667026876413354,0.0005565438389435335
0.45420372,0.002648872954190031,0.0005565438389435335
0.45974279,0.0034122876038528704,0.0005676852186734585
0.46528186,0.003770268377264792,0.0005676852186734585
0.47082093,0.0026517263237029885,0.0005676852186734585
0.47636,0.003411364160682287,0.0006441844047611171
0.48189907,0.004233642645001187,0.0006441844047611171
0.48743814,0.0040418099292837415,0.0006441844047611171
0.49297721,0.003827283482055025,0.00024167322129136753
0.49851628,0.002865955984487931,0.00024167322129136753
0.50405535,0.0013379034651386551,0.00024167322129136753
0.50959442,0.0018241957035197286,0.00033559224187820736
0.51513349,0.0025275552351120864,0.00033559224187820736
0.52067256,0.0021456354259787543,0.00033559224187820736
0.52621163,0.003606378398089972,0.0004096027914869244
0.5317507,0.0036649046636374823,0.0004096027914869244
0.53728977,0.0038515424728138626,0.0004096027914869244
0.54282884,0.003427011207134879,0.0004677932134028233
0.5483679,0.002810859935907918,0.0004677932134028233
0.55390697,0.0027684425353869378,0.0004677932134028233
0.55944604,0.0020422552966582186,0.00032374645368292394
0.56498511,0.0018207698632327852,0.00032374645368292394
0.57052418,0.0020398699635058672,0.00032374645368292394
0.57606325,0.0024711264689915866,0.0002664553298314918
0.58160232,0.003763558147401289,0.0002664553298314918
0.58714139,0.0034268141344474014,0.0002664553298314918
0.59268046,0.001435859052953386,0.00034470435946316327
0.59821953,0.002631261722142249,0.00034470435946316327
0.6037586,0.003728450240865924,0.00034470435946316327
0.60929767,0.0036700033227421948,0.00039649059602579815
0.61483674,0.0030367955951193927,0.00039649059602579815
0.62037581,0.0037732385083247407,0.00039649059602579815
0.62591488,0.003929888077416498,0.00030021559124445124
0.63145395,0.003302339252439556,0.00030021559124445124
0.63699302,0.0016202125153827018,0.00030021559124445124
0.64253209,0.0011854331387374018,0.00031836829287891467
0.64807116,0.0023245543053937254,0.00031836829287891467
0.65361023,0.002217129138898017,0.00031836829287891467
0.6591493,0.002582798538321567,0.0005489611580449936
0.66468837,0.003143565240524068,0.0005489611580449936
0.67022744,0.0036308563862517762,0.0005489611580449936
0.67576651,0.003729552809184669,0.0005305690567010415
0.68130558,0.0029031257628431627,0.0005305690567010415
0.68684465,0.0025024004124930602,0.0005305690567010415
0.69238372,0.00219041466944112,0.0009761346791925493
0.69792279,0.002318855046290196,0.0009761346791925493
0.70346186,0.002538564602736105,0.0009761346791925493
0.70900093,0.002445879572360146,0.0010905445205259116
0.71454,0.002239350795026821,0.0010905445205259116
0.72007907,0.0020968682643837284,0.0010905445205259116
0.72561814,0.003423104353258314,0.0008065499338413379
0.73115721,0.0025487669323711205,0.0008065499338413379
0.73669628,0.0015907366496853994,0.0008065499338413379
0.74223535,0.0012803460229351537,0.0005082272099596525
0.74777442,0.0030954155954309704,0.0005082272099596525
0.75331349,0.002754860468734423,0.0005082272099596525
0.75885256,0.002061411024782007,0.0017249133151480789
0.76439162,0.002027810243683916,0.0017249133151480789
0.76993069,0.002068673507950979,0.0017249133151480789
0.77546976,0.0018231610332260662,0.0022417570580240734
0.78100883,0.002299363156948015,0.0022417570580240734
0.7865479,0.002160662919167835,0.0022417570580240734
0.79208697,0.0019305243347360293,0.002031663304827662
0.79762604,0.0020709518779762864,0.002031663304827662
0.80316511,0.0026262293091954218,0.002031663304827662
0.80870418,0.0018497231069148445,0.0016920577674306222
0.81424325,0.0022247253331497954,0.0016920577674306222
0.81978232,0.0027975719388324727,0.0016920577674306222
0.82532139,0.0025570712783439834,0.0023114121222152827
0.83086046,0.0025917767902374563,0.0023114121222152827
0.83639953,0.0020772798428583725,0.0023114121222152827
0.8419386,0.002821495841565866,0.005185171412409414
0.84747767,0.0023375872971056182,0.005185171412409414
0.85301674,0.00136587492300576,0.005185171412409414
0.85855581,0.002134848339743927,0.008259048058859618
0.86409488,0.0017831540503297743,0.008259048058859618
0.86963395,0.0014308060602003046,0.008259048058859618
0.87517302,0.002136433452197305,0.009187953993416254
0.88071209,0.002597214514346353,0.009187953993416254
0.88625116,0.0018310244715746703,0.009187953993416254
0.89179023,0.0021485134892898303,0.0077165281281708605
0.8973293,0.0022513867672403036,0.0077165281281708605
0.90286837,0.0022028184037484423,0.0077165281281708605
0.90840744,0.0016847395337091983,0.011906379354935596
0.91394651,0.0016681613858871513,0.011906379354935596
0.91948558,0.0021139515034169915,0.011906379354935596
0.92502465,0.0022380006484537533,0.024005182417789404
0.93056372,0.001519276129025378,0.024005182417789404
0.93610279,0.0018569911932141898,0.024005182417789404
0.94164186,0.00212657878406757,0.024005182417789404
0.94718093,0.0013697667365345073,0.021862303695568044
0.95272,0.0010102464728009256,0.021862303695568044
0.95825907,0.0012911367460665467,0.021862303695568044
0.96379814,0.001758364347517958,0.007081106294259787
0.96933721,0.0015024557016979116,0.007081106294259787
0.97487628,0.0011662379442501233,0.007081106294259787
0.98041534,0.0014828871101800656,0.007946932770830176
0.98595441,0.0016679016224135962,0.007946932770830176
0.99149348,0.002129317620946164,0.007946932770830176
0.99703255,0.0022643020904503024,0.009219461157442268
1.00257162,0.0016412378384683328,0.009219461157442268
1.00811069,0.0014968074854240366,0.009219461157442268
1.01364976,0.0019303478367215642,0.008515599911237041
1.01918883,0.0021645464904384965,0.008515599911237041
1.0247279,0.0026743299464435555,0.008515599911237041
1.03026697,0.0023455519974750847,0.022821463310347498
1.03580604,0.0018019271250239784,0.022821463310347498
1.04134511,0.001444277746961356,0.022821463310347498
1.04688418,0.0016773826378921515,0.03966106826277948
1.05242325,0.0016641388801272386,0.03966106826277948
1.05796232,0.001608909148516892,0.03966106826277948
1.06350139,0.0019736519203339678,0.0435208439300098
1.06904046,0.0030512871149841877,0.0435208439300098
1.07457953,0.004929902664311542,0.0435208439300098
1.0801186,0.017666059593584686,0.01589541395966562
1.08565767,0.019714693584580136,0.01589541395966562
1.09119674,0.005829565405073082,0.01589541395966562
1.09673581,0.0023028171917111855,0.013657489210020366
1.10227488,0.0029682053559937265,0.013657489210020366
1.10781395,0.0026469882913385564,0.013657489210020366
1.11335302,0.0018301067896777806,0.02730066934997348
1.11889209,0.0016420787768274786,0.02730066934997348
1.12443116,0.002096899762298201,0.02730066934997348
1.12997023,0.0017477011231937323,0.057326479137418174
1.1355093,0.001079423672453966,0.057326479137418174
1.14104837,0.0012568515305993303,0.057326479137418174
1.14658744,0.0016712149075832428,0.0975131975570161
1.15212651,0.0014033428556013477,0.0975131975570161
1.15766558,0.002034123045760763,0.0975131975570161
1.16320465,0.002104653807966498,0.04673600652206158
1.16874372,0.0017313142182715047,0.04673600652206158
1.17428279,0.0008746968405852554,0.04673600652206158
1.17982186,0.0009472444181179143,0.1706737708385279
1.18536093,0.001380287308446676,0.1706737708385279
1.1909,0.0014415600065695027,0.1706737708385279
1.19643906,0.0012415677100149351,0.34160705590767787
1.20197813,0.0015974428861832742,0.34160705590767787
1.2075172,0.0019082027570533702,0.34160705590767787
1.21305627,0.0014393255459452553,0.2890876969634747
1.21859534,0.001852183479467526,0.2890876969634747
1.22413441,0.0022897393452427353,0.2890876969634747
1.22967348,0.0017048894287793033,0.06250933827259024
1.23521255,0.0013984923898662832,0.06250933827259024
1.24075162,0.0013124241094255786,0.06250933827259024
1.24629069,0.0015647838579353898,0.06970953570347112
1.25182976,0.0019296758459711445,0.06970953570347112
1.25736883,0.0025078583908916077,0.06970953570347112
1.2629079,0.002619579321374308,0.03221093619437931
1.26844697,0.0017183387552594642,0.03221093619437931
1.27398604,0.006452386266390438,0.03221093619437931
1.27952511,0.008607983326829311,0.07536447654105562
1.28506418,0.0035844087303608303,0.07536447654105562
1.29060325,0.001369845099807332,0.07536447654105562
1.29614232,0.002001115371807283,0.1400629222057662
1.30168139,0.0012911131903623316,0.1400629222057662
1.30722046,0.0010154824202927176,0.1400629222057662
1.31275953,0.0016679083497583773,0.07779562181254433
1.3182986,0.001725900407515544,0.07779562181254433
1.32383767,0.0008863297825628508,0.07779562181254433
1.32937674,0.001276460054638211,0.01866657754241127
1.33491581,0.0015598629936795978,0.01866657754241127
1.34045488,0.0016336284402858328,0.01866657754241127
1.34599395,0.00224080826662045,0.01835827449530145
1.35153302,0.0024335189951872342,0.01835827449530145
1.35707209,0.002226652902544657,0.01835827449530145
1.36261116,0.002644916762262881,0.0369222178947848
1.36815023,0.004193353110682343,0.0369222178947848
1.3736893,0.014105799510073277,0.0369222178947848
1.37922837,0.03397808703765803,0.0768360542880299
1.38476744,0.08153043717925729,0.0768360542880299
1.39030651,0.44855127809030165,0.0768360542880299
1.39584558,1.0,0.3349482282432092
1.40138465,0.6091977149137208,0.3349482282432092
1.40692372,0.043538396268006783,0.3349482282432092
1.41246279,0.003001688331226359,0.7804769134556457
1.41800185,0.004954337093070503,0.7804769134556457
1.42354092,0.002388772607080596,0.7804769134556457
1.42907999,0.00149089657665896,0.4893004508168263
1.43461906,0.0014201042246711115,0.4893004508168263
1.44015813,0.0017970951270970495,0.4893004508168263
1.4456972,0.0009277152007823898,0.05579027569503945
1.45123627,0.0016673411813265652,0.05579027569503945
1.45677534,0.002163302846432135,0.05579027569503945
1.46231441,0.0018308939662231049,0.011046225189218434
1.46785348,0.001382845687291504,0.011046225189218434
1.47339255,0.0017215761767832292,0.011046225189218434
1.47893162,0.00205072989437926,0.009739761431278178
1.48447069,0.00161607683876332,0.009739761431278178
1.49000976,0.0007179497959735721,0.009739761431278178
1.49554883,0.001002914782181167,0.008795297849771342
1.5010879,0.0011585276568039922,0.008795297849771342
1.50662697,0.0016557949365773397,0.008795297849771342
1.51216604,0.0014261426560833123,0.005676202755583094
1.51770511,0.0015510732083746186,0.005676202755583094
1.52324418,0.0015345859338257953,0.005676202755583094
1.52878325,0.0013092467343578356,0.003520919342265078
1.53432232,0.00160188001381298,0.003520919342265078
1.53986139,0.0014396697325422866,0.003520919342265078
1.54540046,0.0015703955271596205,0.002863878414857182
1.55093953,0.001930126936959093,0.002863878414857182
1.5564786,0.0017185131541533351,0.002863878414857182
1.56201767,0.001490278273295297,0.001528039692737847
1.56755674,0.0008779346654337168,0.001528039692737847
1.57309581,0.0011428951365359946,0.001528039692737847
1.57863488,0.0011084365952987562,0.0011505948853823794
1.58417395,0.0014242101989048747,0.0011505948853823794
1.58971302,0.0011759518522434461,0.0011505948853823794
1.59525209,0.0012116055047136985,0.0006507975632056949
1.60079116,0.0009903625023328917,0.0006507975632056949
1.60633023,0.0008223218187525063,0.0006507975632056949
1.6118693,0.001170585597217442,0.0007563634658062742
1.61740837,0.0009852290393088405,0.0007563634658062742
1.62294744,0.0011399032377686397,0.0007563634658062742
1.62848651,0.0017139918253733562,0.001256057081127576
1.63402557,0.00139574838465273,0.001256057081127576
1.63956464,0.0013877493266597747,0.001256057081127576
1.64510371,0.0016043563108649446,0.001154704540399479
1.65064278,0.0015776964305177505,0.001154704540399479
1.65618185,0.0008947782319472847,0.001154704540399479
1.66172092,0.0008224631964524039,0.0009158272649107297
1.66725999,0.0009952515937496503,0.0009158272649107297
1.67279906,0.0010773881722667051,0.0009158272649107297
1.67833813,0.0010921733232112988,0.0007780378102156859
1.6838772,0.0010011984298735515,0.0007780378102156859
1.68941627,0.0012098522866512518,0.0007780378102156859
1.69495534,0.0016214152319570087,0.0005601379280973766
1.70049441,0.0014638278945455741,0.0005601379280973766
1.70603348,0.0012090031210043285,0.0005601379280973766
1.71157255,0.0010532045790504997,0.0006774044416516087
1.71711162,0.0009172547836178922,0.0006774044416516087
1.72265069,0.001165480841598889,0.0006774044416516087
1.72818976,0.0008016313827505974,0.0006550366955322732
1.73372883,0.0008830990484383647,0.0006550366955322732
1.7392679,0.0012308570735631793,0.0006550366955322732
1.74480697,0.0018227993107361887,0.0007208291484053966
1.75034604,0.0012571931757976672,0.0007208291484053966
1.75588511,0.0006274570846992529,0.0007208291484053966
1.76142418,0.0010067060623279833,0.000760834250081363
1.76696325,0.0007057500775513076,0.000760834250081363
1.77250232,0.0009893612266863832,0.000760834250081363
1.77804139,0.0014775207694190595,0.0005539698324740317
1.78358046,0.0015706794439256577,0.0005539698324740317
1.78911953,0.0011271504956154156,0.0005539698324740317
1.7946586,0.0005817226417128722,0.0004222813426474571
1.80019767,0.000991897795543665,0.0004222813426474571
1.80573674,0.0012278733367482979,0.0004222813426474571
1.81127581,0.0009059086329622643,0.0003141005404036385
1.81681488,0.001017724969572675,0.0003141005404036385
1.82235395,0.001243196140233692,0.0003141005404036385
1.82789302,0.0010204920593181164,0.00018803010301040256
1.83343209,0.001350029951204686,0.00018803010301040256
1.83897116,0.000993755067414323,0.00018803010301040256
1.84451023,0.0007199155015955651,0.0003706476111745864
1.85004929,0.0007868007611098421,0.0003706476111745864
1.85558836,0.0009770965895969986,0.0003706476111745864
1.86112743,0.0009554562993597219,0.00069028138928834
1.8666665,0.0012187431479464517,0.00069028138928834
1.87220557,0.0035929430998897375,0.00069028138928834
1.87774464,0.004226890545064828,0.0007386616704610308
1.88328371,0.0017202483068587042,0.0007386616704610308
1.88882278,0.0013977749565538124,0.0007386616704610308
1.89436185,0.0008474023199290436,0.0008296694315761358
1.89990092,0.0006292590026862189,0.0008296694315761358
1.90543999,0.001057618001963916,0.0008296694315761358
1.91097906,0.0010983199944468991,0.0010888599565638043
1.91651813,0.0012533557494546768,0.0010888599565638043
1.9220572,0.0017549254915520478,0.0010888599565638043
1.92759627,0.0013882861205672422,0.001098649317089673
1.93313534,0.0008330059220917288,0.001098649317089673
1.93867441,0.0011069469050144678,0.001098649317089673
1.94421348,0.001412420450263579,0.0008258497671035778
1.94975255,0.0012790541091847064,0.0008258497671035778
1.95529162,0.0006596574404331751,0.0008258497671035778
1.96083069,0.0012219947525469847,0.0007453153448335701
1.96636976,0.001093380180929354,0.0007453153448335701
1.97190883,0.0012278003723620705,0.0007453153448335701
1.9774479,0.0013005836162749234,0.0007670761558462805
1.98298697,0.0009118253987063711,0.0007670761558462805
1.98852604,0.0008034650079550163,0.0007670761558462805
1.99406511,0.001189373135855689,0.002778768394895746
1.99960418,0.0012086282775892287,0.002778768394895746
2.00514325,0.0011053388391242885,0.002778768394895746
2.01068232,0.001352298770686375,0.002695100122484613
2.01622139,0.0017173436834608989,0.002695100122484613
2.02176046,0.0012958744221149277,0.002695100122484613
2.02729953,0.0009264210429170236,0.0042785551802390345
2.0328386,0.0006965712625412497,0.0042785551802390345
2.03837767,0.0012419952405306768,0.0042785551802390345
2.04391674,0.0012856611454972115,0.004029998160486976
2.04945581,0.001351016187490539,0.004029998160486976
2.05499488,0.0012069522656485451,0.004029998160486976
2.06053395,0.0009583385860500602,0.0013713275504490165
2.06607302,0.0008849710587876979,0.0013713275504490165
2.07161208,0.0009658832192615966,0.0013713275504490165
2.07715115,0.0011812710225637462,0.0024188812732892574
2.08269022,0.000987264866987028,0.0024188812732892574
2.08822929,0.0012215639745354566,0.0024188812732892574
2.09376836,0.0011665555825668803,0.0025608819399780477
2.09930743,0.0012828325536467023,0.0025608819399780477
2.1048465,0.001142010711972052,0.0025608819399780477
2.11038557,0.0011585583204680278,0.00570957519774099
2.11592464,0.0014154256942738674,0.00570957519774099
2.12146371,0.001360632056047758,0.00570957519774099
2.12700278,0.002059431909845344,0.011462895984254555
2.13254185,0.0018518428735531318,0.011462895984254555
2.13808092,0.0015432107466251826,0.011462895984254555
2.14361999,0.0014497309470525713,0.017523390007556202
2.14915906,0.0019659935858263766,0.017523390007556202
2.15469813,0.0020372801589377096,0.017523390007556202
2.1602372,0.0018238501112042952,0.013557806564243604
2.16577627,0.006323696028870242,0.013557806564243604
2.17131534,0.013360355826458725,0.013557806564243604
2.17685441,0.033294814999183374,0.012216797604065441
2.18239348,0.20908241231758545,0.012216797604065441
2.18793255,0.4677960184548457,0.012216797604065441
2.19347162,0.26282531266732284,0.01119985339523889
2.19901069,0.00816422546729694,0.01119985339523889
2.20454976,0.003868901071401104,0.01119985339523889
2.21008883,0.00330259666440486,0.02088224268825765
2.2156279,0.0014517506341911162,0.02088224268825765
2.22116697,0.0015941881474427452,0.02088224268825765
2.22670604,0.0015402152100185223,0.019272443666753285
2.23224511,0.0009416907242645067,0.019272443666753285
2.23778418,0.0013728839359464923,0.019272443666753285
2.24332325,0.001624820199793582,0.04064508769865892
2.24886232,0.0016199860600216972,0.04064508769865892
2.25440139,0.00184183153904526,0.04064508769865892
2.25994046,0.0012539092147480452,0.07193618384687864
2.26547953,0.0011548172715903438,0.07193618384687864
2.2710186,0.0012885392545188147,0.07193618384687864
2.27655767,0.0012000212626260716,0.06160032769255531
2.28209674,0.0012563326951886755,0.06160032769255531
2.2876358,0.0009991997455400926,0.06160032769255531
2.29317487,0.0008372925771369969,0.12196127351144503
2.29871394,0.0009106489407149011,0.12196127351144503
2.30425301,0.0008540924854624397,0.12196127351144503
2.30979208,0.0007118723941183544,0.13234553337465224
2.31533115,0.0009985534343231412,0.13234553337465224
2.32087022,0.001389946498925225,0.13234553337465224
2.32640929,0.001278009725367012,0.41115622914410843
2.33194836,0.0012450082353454856,0.41115622914410843
2.33748743,0.0017352736188693673,0.41115622914410843
2.3430265,0.0032656431544438036,0.9065348204447273
2.34856557,0.002433706038113398,0.9065348204447273
2.35410464,0.00372119227435705,0.9065348204447273
2.35964371,0.010261269676094796,1.0
2.36518278,0.00816744199803874,1.0
2.37072185,0.002181278122873063,1.0
2.37626092,0.0013570827670909497,0.3913538648024544
2.38179999,0.0011361652919649704,0.3913538648024544
2.38733906,0.000946555135303612,0.3913538648024544
2.39287813,0.0009492363680335772,0.13260783563031714
2.3984172,0.0009874813644027392,0.13260783563031714
2.40395627,0.0015276153680730965,0.13260783563031714
2.40949534,0.001429823119652835,0.17638723528345
2.41503441,0.0009427653611461577,0.17638723528345
2.42057348,0.0009307888356089312,0.17638723528345
2.42611255,0.0010960846927607986,0.11920475975024887
2.43165162,0.001147430746240219,0.11920475975024887
2.43719069,0.0008436160456451613,0.11920475975024887
2.44272976,0.0007105567865153336,0.09027397998932163
2.44826883,0.0007742463464254592,0.09027397998932163
2.4538079,0.0009554223762354991,0.09027397998932163
2.45934697,0.0010974435743732517,0.06757562046490416
2.46488604,0.0008793385929764811,0.06757562046490416
2.47042511,0.0010989480978593254,0.06757562046490416
2.47596418,0.0015138062447793241,0.08588390188244514
2.48150325,0.001334773599897845,0.08588390188244514
2.48704232,0.0012793067763568217,0.08588390188244514
2.49258139,0.001251740921111307,0.11609469600849706
2.49812046,0.0009013567039433952,0.11609469600849706
2.50365952,0.000650884245369397,0.11609469600849706
2.50919859,0.0012190035735192973,0.09658060044184799
2.51473766,0.0012357417071053264,0.09658060044184799
2.52027673,0.0011610858588185272,0.09658060044184799
2.5258158,0.0008719764346492396,0.05513531275144252
2.53135487,0.0006666935058322633,0.05513531275144252
2.53689394,0.0006871124828920973,0.05513531275144252
2.54243301,0.0006893061354469592,0.02939793310109506
2.54797208,0.0009128650679873855,0.02939793310109506
2.55351115,0.0006442824351901738,0.02939793310109506
2.55905022,0.0005093293410443707,0.012731601197699572
2.56458929,0.0009999349948032125,0.012731601197699572
2.57012836,0.0010787052100746772,0.012731601197699572
2.57566743,0.0008477875246289405,0.010853413117912393
2.5812065,0.0006779940232111165,0.010853413117912393
2.58674557,0.0010533085366647296,0.010853413117912393
2.59228464,0.0008860942694444618,0.008252092510300502
2.59782371,0.0008444413315174578,0.008252092510300502
2.60336278,0.0008897309646635381,0.008252092510300502
2.60890185,0.0007514572039888718,0.011098547167633976
2.61444092,0.0007915584135272773,0.011098547167633976
2.61997999,0.0006371755117909624,0.011098547167633976
2.62551906,0.0006934063242807943,0.010474296611449527
2.63105813,0.0008831220615490971,0.010474296611449527
2.6365972,0.0011400750302789549,0.010474296611449527
2.64213627,0.0011285032736656926,0.011555508965079836
2.64767534,0.0025992532729572806,0.011555508965079836
2.65321441,0.00471714124480867,0.011555508965079836
2.65875348,0.005894723494862029,0.013367105525105246
2.66429255,0.0030812461808838554,0.013367105525105246
2.66983162,0.002284902558199053,0.013367105525105246
2.67537069,0.003706706023172211,0.022338086864092683
2.68090976,0.001668647239032558,0.022338086864092683
2.68644883,0.0009847468535139406,0.022338086864092683
2.6919879,0.0012372324682627346,0.01707109691365613
2.69752697,0.0011584214580856872,0.01707109691365613
2.70306604,0.0008239408329531186,0.01707109691365613
2.70860511,0.0004919704416195703,0.0057954930889082094
2.71414418,0.000769989078540368,0.0057954930889082094
2.71968324,0.0011267377720034692,0.0057954930889082094
2.72522231,0.0008834539137716844,0.0035700875319827647
2.73076138,0.0010474758008476824,0.0035700875319827647
2.73630045,0.0011901321923024927,0.0035700875319827647
2.74183952,0.0009318380138839242,0.005061964789775776
2.74737859,0.0009490741175772893,0.005061964789775776
2.75291766,0.0008935277344220567,0.005061964789775776
2.75845673,0.0007309020404119589,0.0051809242467786626
2.7639958,0.00044474022393766415,0.0051809242467786626
2.76953487,0.0006309677163802533,0.0051809242467786626
2.77507394,0.00117037455574628,0.0037516217072812727
2.78061301,0.0010098188255187506,0.0037516217072812727
2.78615208,0.001178522758191252,0.0037516217072812727
2.79169115,0.0021889406113575057,0.002300565078326685
2.79723022,0.00188988138874378,0.002300565078326685
2.80276929,0.0015434837446561545,0.002300565078326685
2.80830836,0.0009975825461327967,0.002300565078326685
2.81384743,0.0007209813153632559,0.0016314610430407301
2.8193865,0.0004495119292153539,0.0016314610430407301
2.82492557,0.0006963952647216689,0.0016314610430407301
2.83046464,0.000678173691984345,0.003004422437537449
2.83600371,0.0008896628725821891,0.003004422437537449
2.84154278,0.001045811071574069,0.003004422437537449
2.84708185,0.0009742294543595385,0.0020745808696328656
2.85262092,0.0007605812737942674,0.0020745808696328656
2.85815999,0.000988599368180812,0.0020745808696328656
2.86369906,0.0006268940768039827,0.00047778436824614796
2.86923813,0.0005122465590472778,0.00047778436824614796
2.8747772,0.0005790125911337469,0.00047778436824614796
2.88031627,0.0005675819239099071,0.0005954530924377314
2.88585534,0.0005226264816961124,0.0005954530924377314
2.89139441,0.0008033469446377604,0.0005954530924377314
2.89693348,0.0010595205818020495,0.0007529177854035968
2.90247255,0.0009322891685832953,0.0007529177854035968
2.90801162,0.0008240951612385341,0.0007529177854035968
2.91355069,0.0008245549373747097,0.0008311036569815505
2.91908976,0.0008604085216540954,0.0008311036569815505
2.92462883,0.0010032748565550623,0.0008311036569815505
2.9301679,0.0006281066550654359,0.0005758097738927629
2.93570697,0.0008738195634577335,0.0005758097738927629
2.94124603,0.001151132058815019,0.0005758097738927629
2.9467851,0.0012293510109042992,0.0006254760052314997
2.95232417,0.0009160667472747784,0.0006254760052314997
2.95786324,0.0011482507054861623,0.0006254760052314997
2.96340231,0.0010952075687025854,0.0004760901814935437
2.96894138,0.001150854018119721,0.0004760901814935437
2.97448045,0.0019590597238352578,0.0004760901814935437
2.98001952,0.001947753040495731,0.0002790764006713091
2.98555859,0.0010493416678917058,0.0002790764006713091
2.99109766,0.0007160158751994357,0.0002790764006713091
2.99663673,0.0006579050536300649,0.00020111123429971227
3.0021758,0.0010054144280677202,0.00020111123429971227
3.00771487,0.0011416830245011876,0.00020111123429971227
3.01325394,0.0008033655742071645,0.00020439537481284966
3.01879301,0.0006804160404854641,0.00020439537481284966
3.02433208,0.0007506429712932061,0.00020439537481284966
3.02987115,0.0008745086042693209,0.00036592681080857944
3.03541022,0.0011982040260350559,0.00036592681080857944
3.04094929,0.0010477931159133722,0.00036592681080857944
3.04648836,0.0005961205082988701,0.0004847982128284979
3.05202743,0.0007847891864669653,0.0004847982128284979
3.0575665,0.0007194417106739654,0.0004847982128284979
3.06310557,0.001014268452127194,0.0004796492765334865
3.06864464,0.0013282591313760863,0.0004796492765334865
3.07418371,0.0012897330306648532,0.0004796492765334865
3.07972278,0.0010194274405097836,0.0002538377947953168
3.08526185,0.0006186623179537229,0.0002538377947953168
3.09080092,0.0009140373529793959,0.0002538377947953168
3.09633999,0.0012240561226912246,0.0002824976995932774
3.10187906,0.0012387853484519776,0.0002824976995932774
3.10741813,0.001111166235728669,0.0002824976995932774
3.1129572,0.0011515827072089747,0.0007581979245486592
3.11849627,0.0010157411244774966,0.0007581979245486592
3.12403534,0.0012095612555582003,0.0007581979245486592
3.12957441,0.0013304833103646861,0.0015183232298761815
3.13511348,0.00229576310812161,0.0015183232298761815
3.14065255,0.0020142958920860428,0.0015183232298761815
3.14619162,0.002357835488565109,0.0018320812758959003
3.15173069,0.0051296085896012315,0.0018320812758959003
3.15726975,0.003718518595290457,0.0018320812758959003
3.16280882,0.0014494068855750704,0.0011522929690880339
3.16834789,0.0014636385438819136,0.0011522929690880339
3.17388696,0.0016030378537650956,0.0011522929690880339
3.17942603,0.0013098568048611928,0.0005073543124323641
3.1849651,0.0010319800657659728,0.0005073543124323641
3.19050417,0.0005593900537408268,0.0005073543124323641
3.19604324,0.0008225927229392647,0.0028339514860996388
3.20158231,0.0013300485818797112,0.0028339514860996388
3.20712138,0.001206721693773479,0.0028339514860996388
3.21266045,0.0013866388612934254,0.005232533236321173
3.21819952,0.0013416371448732505,0.005232533236321173
3.22373859,0.0010354084109759822,0.005232533236321173
3.22927766,0.0013565602468422165,0.0074415920127642735
3.23481673,0.0014950152179061425,0.0074415920127642735
3.2403558,0.0026913900306096516,0.0074415920127642735
3.24589487,0.002827900248654557,0.00735654502802254
3.25143394,0.0028091730516633245,0.00735654502802254
3.25697301,0.012588407407461354,0.00735654502802254
3.26251208,0.036274344235857396,0.006563887108973817
3.26805115,0.20594177944187744,0.006563887108973817
3.27359022,0.2515763447093229,0.006563887108973817
3.27912929,0.07017188083661728,0.008030453457032469
3.28466836,0.008994857044971025,0.008030453457032469
3.29020743,0.007374337319456319,0.008030453457032469
3.2957465,0.003730072992910268,0.00671465400940004
3.30128557,0.0020957642010577967,0.00671465400940004
3.30682464,0.001582447887492925,0.00671465400940004
3.31236371,0.0009074109078813201,0.003495816875756542
3.31790278,0.0011485084723361334,0.003495816875756542
3.32344185,0.0011996293380690157,0.003495816875756542
3.32898092,0.0013599950767328938,0.005773517684800534
3.33451999,0.001357583697444796,0.005773517684800534
3.34005906,0.0013431785866212913,0.005773517684800534
3.34559813,0.000850908102572569,0.017527946158601666
3.3511372,0.0008462008086792936,0.017527946158601666
3.35667627,0.0008322785783707412,0.017527946158601666
3.36221534,0.0011895926853585086,0.013799538553856324
3.36775441,0.0011361666684929982,0.013799538553856324
3.37329347,0.000957071870645998,0.013799538553856324
3.37883254,0.0007319599073494754,0.040736805415722874
3.38437161,0.0005114613521315975,0.040736805415722874
3.38991068,0.0009605084771613803,0.040736805415722874
3.39544975,0.0015016633143252482,0.011629715513834252
3.40098882,0.0013076097235362218,0.011629715513834252
3.40652789,0.0008516693978332323,0.011629715513834252
3.41206696,0.0009398493237295331,0.06733542837148043
3.41760603,0.0008679655626454268,0.06733542837148043
3.4231451,0.0006787028511133547,0.06733542837148043
3.42868417,0.0009179061428347795,0.07253465397407173
3.43422324,0.0010196682028067471,0.07253465397407173
3.43976231,0.0011912308711543899,0.07253465397407173
3.44530138,0.00122314592312046,0.03999505207871672
3.45084045,0.000998616518009486,0.03999505207871672
3.45637952,0.0007309247158195755,0.03999505207871672
3.46191859,0.0007611397610758575,0.06192760855741474
3.46745766,0.0012897630587447642,0.06192760855741474
3.47299673,0.0011124779228235398,0.06192760855741474
3.4785358,0.0006030886410975337,0.1352376179540454
3.48407487,0.0007592550309344993,0.1352376179540454
3.48961394,0.000855687368172038,0.1352376179540454
3.49515301,0.0010009233135266247,0.20414910446579793
3.50069208,0.000899562611577942,0.20414910446579793
3.50623115,0.0013200619556368136,0.20414910446579793
3.51177022,0.0010643257857391958,0.1622588194129182
3.51730929,0.0010421187834350068,0.1622588194129182
3.52284836,0.0011124956321607142,0.1622588194129182
3.52838743,0.0009823078837643063,0.3002832194556753
3.5339265,0.0009408189290044028,0.3002832194556753
3.53946557,0.0011412910459858677,0.3002832194556753
3.54500464,0.0008455759198605507,0.5223391233040349
3.55054371,0.0005060684054499393,0.5223391233040349
3.55608278,0.000662648112454562,0.5223391233040349
3.56162185,0.0009097979062275529,0.6230551164214674
3.56716092,0.0013815961488433223,0.6230551164214674
3.57269999,0.0021466542667825206,0.6230551164214674
3.57823906,0.005460204822687461,0.4856877319301881
3.58377813,0.009624646182269929,0.4856877319301881
3.58931719,0.005638490046057895,0.4856877319301881
3.59485626,0.0009870807637299866,0.22052840149591532
3.60039533,0.000938645037025026,0.22052840149591532
3.6059344,0.0009577841953912212,0.22052840149591532
3.61147347,0.0008705337632269629,0.1705640313084916
3.61701254,0.001028178451634319,0.1705640313084916
3.62255161,0.0009660268417279396,0.1705640313084916
3.62809068,0.0006180749814608422,0.018402630920781253
3.63362975,0.0007870506534194977,0.018402630920781253
3.63916882,0.0009569599373715335,0.018402630920781253
3.64470789,0.0008589919305974002,0.10391769516736916
3.65024696,0.0011448586040203336,0.10391769516736916
3.65578603,0.0010558938540395704,0.10391769516736916
3.6613251,0.0008600358159477436,0.10285243336555201
3.66686417,0.0007901037701867548,0.10285243336555201
3.67240324,0.0007403670302713121,0.10285243336555201
3.67794231,0.0006477702034437852,0.07755234001045824
3.68348138,0.0005837489540496306,0.07755234001045824
3.68902045,0.0006117233399472203,0.07755234001045824
3.69455952,0.0005573135017884833,0.055132610486705994
3.70009859,0.0005930277677602382,0.055132610486705994
3.70563766,0.0006227788996358853,0.055132610486705994
3.71117673,0.0011911946672421873,0.049131275222851406
3.7167158,0.0011693958448268068,0.049131275222851406
3.72225487,0.0015015338683414324,0.049131275222851406
3.72779394,0.002662300085650057,0.04688149093522852
3.73333301,0.004267623727897217,0.04688149093522852
3.73887208,0.008760724425172192,0.04688149093522852
3.74441115,0.007954144106245713,0.03447915471160817
3.74995022,0.0027446201198460135,0.03447915471160817
3.75548929,0.005126585819816505,0.03447915471160817
3.76102836,0.004593032817216238,0.017827476574443873
3.76656743,0.001181455934414889,0.017827476574443873
3.7721065,0.0006607414934613017,0.017827476574443873
3.77764557,0.0009269015508330133,0.016186458011232262
3.78318464,0.001128440629710571,0.016186458011232262
3.78872371,0.0008135693782670439,0.016186458011232262
3.79426278,0.000688827457827662,0.015046903883378827
3.79980185,0.00038777193092757615,0.015046903883378827
3.80534092,0.0006257099336739957,0.015046903883378827
3.81087998,0.0007438409789013874,0.020293122878135485
3.81641905,0.000692844168947812,0.020293122878135485
3.82195812,0.000598235839066382,0.020293122878135485
3.82749719,0.0007213293709632706,0.026242404447898948
3.83303626,0.0007370291564757657,0.026242404447898948
3.83857533,0.0007671569298471794,0.026242404447898948
3.8441144,0.0009168034017627197,0.018515296430978757
3.84965347,0.0008593260172952714,0.018515296430978757
3.85519254,0.0007710352295257574,0.018515296430978757
3.86073161,0.0007705120509980501,0.024056444226062613
3.86627068,0.0006024099760178567,0.024056444226062613
3.87180975,0.0005647353306161109,0.024056444226062613
3.87734882,0.0006694809562932697,0.0279515979217234
3.88288789,0.0007741550984700386,0.0279515979217234
3.88842696,0.0006109052733865952,0.0279515979217234
3.89396603,0.00061329117057852,0.02646954531248129
3.8995051,0.0006084944156851775,0.02646954531248129
3.90504417,0.000718669285292345,0.02646954531248129
3.91058324,0.00033399055696916,0.018188455727181023
3.91612231,0.0006248662670069402,0.018188455727181023
3.92166138,0.000635261877932175,0.018188455727181023
3.92720045,0.0005373026043514338,0.010440417569412178
3.93273952,0.0007122549030422588,0.010440417569412178
3.93827859,0.0007453530596934613,0.010440417569412178
3.94381766,0.0005701434593427915,0.009020633752400711
3.94935673,0.0006294463011638934,0.009020633752400711
3.9548958,0.0007895129397334015,0.009020633752400711
3.96043487,0.0007451513278984388,0.005529365286482406
3.96597394,0.0005883395934930989,0.005529365286482406
3.97151301,0.0005890800077348274,0.005529365286482406
3.97705208,0.0005459914617009749,0.0028598555639221942
3.98259115,0.0005331932247747127,0.0028598555639221942
3.98813022,0.0005092078928973791,0.0028598555639221942
3.99366929,0.0007243563318717479,0.002092496728740826
3.99920836,0.0009701110647398987,0.002092496728740826
4.00474743,0.0008966642156557972,0.002092496728740826
4.0102865,0.0007689989560453015,0.001696999770158698
4.01582557,0.0005978358592048776,0.001696999770158698
4.02136464,0.0003680085168489865,0.001696999770158698
4.0269037,0.0004358285445600298,0.0017909120041663504
4.03244277,0.0005375233364938323,0.0017909120041663504
4.03798184,0.0007700070247963748,0.0017909120041663504
4.04352091,0.0006184812740937228,0.0017636095900383033
4.04905998,0.0005451232450060458,0.0017636095900383033
4.05459905,0.0007909753286267431,0.0017636095900383033
4.06013812,0.001279111274391841,0.00206078036982951
4.06567719,0.001239588568740795,0.00206078036982951
4.07121626,0.0007761237730847955,0.00206078036982951
4.07675533,0.00046042533742228064,0.0025550912249343583
4.0822944,0.0007164174387251286,0.0025550912249343583
4.08783347,0.0007417208925460724,0.0025550912249343583
4.09337254,0.0006525455341373491,0.0021313891473576743
4.09891161,0.0005721986788767243,0.0021313891473576743
4.10445068,0.000899397077851124,0.0021313891473576743
4.10998975,0.000690592692368838,0.0018108325659183062
4.11552882,0.0005016128790443229,0.0018108325659183062
4.12106789,0.0004775340230928646,0.0018108325659183062
4.12660696,0.0005440435700503713,0.0014004667807929246
4.13214603,0.0005809535644336329,0.0014004667807929246
4.1376851,0.0005736398848573095,0.0014004667807929246
4.14322417,0.00057743709775276,0.0010566555593863767
4.14876324,0.000805442843628704,0.0010566555593863767
4.15430231,0.0007399499443913744,0.0010566555593863767
4.15984138,0.0005759354366657185,0.0009613118237724559
4.16538045,0.000593806175105444,0.0009613118237724559
4.17091952,0.0007548852181393645,0.0009613118237724559
4.17645859,0.0009148551765007859,0.0007612472668154313
4.18199766,0.0008885846362716985,0.0007612472668154313
4.18753673,0.0006763212738633786,0.0007612472668154313
4.1930758,0.0005217988906381325,0.0005690279299260824
4.19861487,0.0005623447956689512,0.0005690279299260824
4.20415394,0.0007871540606564737,0.0005690279299260824
4.20969301,0.0007661546298870371,0.0005010940846238786
4.21523208,0.0005071201394029223,0.0005010940846238786
4.22077115,0.0005318386340041593,0.0005010940846238786
4.22631022,0.0004783547520239269,0.0003386635724020525
4.23184929,0.0006200998090470246,0.0003386635724020525
4.23738836,0.0007804774012881919,0.0003386635724020525
4.24292742,0.001061071208103472,0.0003548892614477238
4.24846649,0.000721950163213556,0.0003548892614477238
4.25400556,0.00037491580893111607,0.0003548892614477238
4.25954463,0.0005843394951757322,0.0004019591231184506
4.2650837,0.0004666284075165033,0.0004019591231184506
4.27062277,0.0006793892674467105,0.0004019591231184506
4.27616184,0.0007000994361663982,0.00033037028011605093
4.28170091,0.0005884270078649012,0.00033037028011605093
4.28723998,0.000553722950899845,0.00033037028011605093
4.29277905,0.0005409571865918727,0.000332564644156235
4.29831812,0.000532931450146552,0.000332564644156235
4.30385719,0.0006712921841686152,0.000332564644156235
4.30939626,0.0005627355097731445,0.0003644183879483786
4.31493533,0.0004864164621703826,0.0003644183879483786
4.3204744,0.0005695818436714219,0.0003644183879483786
4.32601347,0.0007200483514169176,0.0005423571227640202
4.33155254,0.0007398405821156509,0.0005423571227640202
4.33709161,0.0004387067352594003,0.0005423571227640202
4.34263068,0.000487681540662749,0.0005815576928044469
4.34816975,0.0009316676762921555,0.0005815576928044469
4.35370882,0.001752418842290531,0.0005815576928044469
4.35924789,0.001434396862874431,0.00046905115057971456
4.36478696,0.001770826418941546,0.00046905115057971456
4.37032603,0.003083697821151333,0.00046905115057971456
4.3758651,0.006134188127363875,0.0005630192398831474
4.38140417,0.004045768331021938,0.0005630192398831474
4.38694324,0.0010134634351298647,0.0005630192398831474
4.39248231,0.0005536498416871101,0.0008295983380877599
4.39802138,0.00032332277204577157,0.0008295983380877599
4.40356045,0.0005557527260817363,0.0008295983380877599
4.40909952,0.0006060382737131035,0.0009484321125372189
4.41463859,0.0006856904893456646,0.0009484321125372189
4.42017766,0.0005731695910600361,0.0009484321125372189
4.42571673,0.0006010807838542672,0.001813510471608485
4.4312558,0.00048676268750825585,0.001813510471608485
4.43679487,0.0005741219167536849,0.001813510471608485
4.44233394,0.0007443461251419377,0.0015028754736004107
4.44787301,0.0005705902521295491,0.0015028754736004107
4.45341208,0.0004746831741297437,0.0015028754736004107
4.45895115,0.0006364609394214604,0.0024153849896599872
4.46449021,0.0006185342532066966,0.0024153849896599872
4.47002928,0.0006402989731651057,0.0024153849896599872
4.47556835,0.0007574924942127405,0.002484957884509568
4.48110742,0.0010095364585967384,0.002484957884509568
4.48664649,0.0010213754245587316,0.002484957884509568
4.49218556,0.0010357596372705953,0.004001976713109741
4.49772463,0.000845657155789019,0.004001976713109741
4.5032637,0.0007295828012134313,0.004001976713109741
4.50880277,0.0012745514320865552,0.00445234886782966
4.51434184,0.002054893514567954,0.00445234886782966
4.51988091,0.0034172293351641936,0.00445234886782966
4.52541998,0.01038495364856055,0.007312789099211217
4.53095905,0.02313809205218331,0.007312789099211217
4.53649812,0.018204319845996523,0.007312789099211217
4.54203719,0.02794087365528024,0.009238572220971141
4.54757626,0.07624731827494777,0.009238572220971141
4.55311533,0.06174459115849315,0.009238572220971141
4.5586544,0.01026094556477056,0.0050854475297577644
4.56419347,0.0020169469706113694,0.0050854475297577644
4.56973254,0.002276241240304399,0.0050854475297577644
4.57527161,0.0009668967642433938,0.013000004556849739
4.58081068,0.0005259094378890597,0.013000004556849739
4.58634975,0.0007791053445602698,0.013000004556849739
4.59188882,0.000854676499435237,0.005917646719230647
4.59742789,0.0008038273347853475,0.005917646719230647
4.60296696,0.0009780146468128048,0.005917646719230647
4.60850603,0.0009459437453795369,0.01707223492715791
4.6140451,0.0006845291542780966,0.01707223492715791
4.61958417,0.0006342596235443574,0.01707223492715791
4.62512324,0.0006263536847213712,0.020486099181499233
4.63066231,0.000627274185310705,0.020486099181499233
4.63620138,0.0005607902738641865,0.020486099181499233
4.64174045,0.0006484776565504643,0.00872170873068432
4.64727952,0.0015609848345062261,0.00872170873068432
4.65281859,0.0016225837192882188,0.00872170873068432
4.65835766,0.002515702274157263,0.015288599532716139
4.66389673,0.007570671123879223,0.015288599532716139
4.6694358,0.009339817324929164,0.015288599532716139
4.67497487,0.0037202971134213765,0.015288599532716139
4.68051393,0.0009006193870945653,0.03648286484022716
4.686053,0.0006084378470692761,0.03648286484022716
4.69159207,0.00047572590339022496,0.03648286484022716
4.69713114,0.0005305950863990834,0.06393709932523599
4.70267021,0.000541379122165748,0.06393709932523599
4.70820928,0.0006217046415874465,0.06393709932523599
4.71374835,0.0007759857827022814,0.06097268029973216
4.71928742,0.0008412670229197703,0.06097268029973216
4.72482649,0.0006983767488960091,0.06097268029973216
4.73036556,0.0005580648386645663,0.03521855483916911
4.73590463,0.0005451650749162248,0.03521855483916911
4.7414437,0.0007683394674670877,0.03521855483916911
4.74698277,0.0006937832121079806,0.035172343022668376
4.75252184,0.0005565946479649905,0.035172343022668376
4.75806091,0.0006478455151329542,0.035172343022668376
4.76359998,0.000562604556901649,0.03078745190011121
4.76913905,0.00034638980732105615,0.03078745190011121
4.77467812,0.0003381512511559868,0.03078745190011121
4.78021719,0.0005303848757529063,0.010920881660291667
4.78575626,0.0005531819412586834,0.010920881660291667
4.79129533,0.0005150279642182693,0.010920881660291667
4.7968344,0.000514717937871597,0.05907985047441727
4.80237347,0.0005344264720522325,0.05907985047441727
4.80791254,0.0005370241423749663,0.05907985047441727
4.81345161,0.0006391026596282498,0.06778128701913821
4.81899068,0.0005731042357761882,0.06778128701913821
4.82452975,0.0004765193252689675,0.06778128701913821
4.83006882,0.0008529132078308504,0.06042991741617888
4.83560789,0.0005896556208422525,0.06042991741617888
4.84114696,0.0005739111176801026,0.06042991741617888
4.84668603,0.0005928698424842728,0.10540150276338951
4.8522251,0.0005937070696530562,0.10540150276338951
4.85776417,0.0005366237384435604,0.10540150276338951
4.86330324,0.0006987328579100575,0.14005788532814353
4.86884231,0.0008958962137610074,0.14005788532814353
4.87438138,0.000734907851632091,0.14005788532814353
4.87992045,0.0005813361947981819,0.1450072085079151
4.88545952,0.0006440651103897361,0.1450072085079151
4.89099859,0.000707460982502682,0.1450072085079151
4.89653765,0.0006501784735966946,0.1096006480040619
4.90207672,0.0005807633175455181,0.1096006480040619
4.90761579,0.0003753051307373716,0.1096006480040619
4.91315486,0.0004940396307121095,0.037194557788350395
4.91869393,0.0005590579072304996,0.037194557788350395
4.924233,0.00037775249899799746,0.037194557788350395
4.92977207,0.0005108854589762414,0.02309144609107769
4.93531114,0.0004914984412515287,0.02309144609107769
4.94085021,0.0004928325821904856,0.02309144609107769
4.94638928,0.0007228608445785084,0.02041199414089717
4.95192835,0.0006299888197361593,0.02041199414089717
4.95746742,0.0005559809906635289,0.02041199414089717
4.96300649,0.0005903606773816805,0.00958232735079063
4.96854556,0.000553503704169421,0.00958232735079063
4.97408463,0.0007200380114844302,0.00958232735079063
4.9796237,0.0006272632513091826,0.010461937924785787
4.98516277,0.0004843877398804592,0.010461937924785787
4.99070184,0.0005029466852120346,0.010461937924785787
4.99624091,0.0005231815333732995,0.004938004051496211
5.00177998,0.0005064836790587594,0.004938004051496211
5.00731905,0.0004907569058704013,0.004938004051496211
5.01285812,0.0005046294509830503,0.011791170538229562
5.01839719,0.0004530340546284886,0.011791170538229562
5.02393626,0.00028289851166192996,0.011791170538229562
5.02947533,0.0004253146063652814,0.012658653254047109
5.0350144,0.0005419458264192748,0.012658653254047109
5.04055347,0.0005448480154119176,0.012658653254047109
5.04609254,0.0005331207803808989,0.009552701805949112
5.05163161,0.0007112923796069081,0.009552701805949112
5.05717068,0.0006839318627026921,0.009552701805949112
5.06270975,0.0005838897558590777,0.012041224860884402
5.06824882,0.0004902446405842038,0.012041224860884402
5.07378789,0.0004364685936568773,0.012041224860884402
5.07932696,0.0005275232456107811,0.008871644858897217
5.08486603,0.0004949951767940816,0.008871644858897217
5.0904051,0.000394918551676267,0.008871644858897217
5.09594417,0.0003719963545477032,0.006500575948271002
5.10148324,0.0004685610626801114,0.006500575948271002
5.10702231,0.00046351575674372173,0.006500575948271002
5.11256137,0.0005624813219424424,0.005627238961884682
5.11810044,0.0007048897848979226,0.005627238961884682
5.12363951,0.0007776159203654445,0.005627238961884682
5.12917858,0.0006173768949401807,0.004335913857084232
5.13471765,0.0005108585343553385,0.004335913857084232
5.14025672,0.0007261223114683562,0.004335913857084232
5.14579579,0.0007830512055430407,0.002305996967442122
5.15133486,0.0004845248464767574,0.002305996967442122
5.15687393,0.0006375865542318138,0.002305996967442122
5.162413,0.0007595892800649086,0.002214729010918053
5.16795207,0.0007415131286248375,0.002214729010918053
5.17349114,0.0006626991617007685,0.002214729010918053
5.17903021,0.0006789585641139727,0.0023284825489332593
5.18456928,0.0006251595160798014,0.0023284825489332593
5.19010835,0.0003345813800977728,0.0023284825489332593
5.19564742,0.00048127571395148184,0.002524198210251632
5.20118649,0.0006498886560956804,0.002524198210251632
5.20672556,0.00043152910866184346,0.002524198210251632
5.21226463,0.0003955399058042413,0.00264796147740985
5.2178037,0.0005995504548087134,0.00264796147740985
5.22334277,0.0005690627869637706,0.00264796147740985
5.22888184,0.00039195538527973155,0.0017540691511566237
5.23442091,0.0004462134493897869,0.0017540691511566237
5.23995998,0.0004938918445108202,0.0017540691511566237
5.24549905,0.0005400302011886043,0.0012382020863808147
5.25103812,0.0005012761245318174,0.0012382020863808147
5.25657719,0.0004164068974807353,0.0012382020863808147
5.26211626,0.00035799334327874834,0.0009760877351148256
5.26765533,0.0004340348261314662,0.0009760877351148256
5.2731944,0.0005729618635354568,0.0009760877351148256
5.27873347,0.0004317484425487828,0.0008843731997512652
5.28427254,0.0004814223517183484,0.0008843731997512652
5.28981161,0.0004651870807566718,0.0008843731997512652
5.29535068,0.000640787026629998,0.0007547533056976268
5.30088975,0.0004215763475079266,0.0007547533056976268
5.30642882,0.00045476175615762304,0.0007547533056976268
5.31196789,0.0004958182521445757,0.00048568618578023954
5.31750696,0.0006365130146594757,0.00048568618578023954
5.32304603,0.0006137619201385247,0.00048568618578023954
5.3285851,0.0006388699418509924,0.0004958515727965856
5.33412416,0.00047760558196799363,0.0004958515727965856
5.33966323,0.0005842841677183614,0.0004958515727965856
5.3452023,0.0006029798603785696,0.0006908794185339416
5.35074137,0.0004128374532416686,0.0006908794185339416
5.35628044,0.00045103749064947396,0.0006908794185339416
5.36181951,0.0005850012451343245,0.0005615192758445057
5.36735858,0.00047804192525223986,0.0005615192758445057
5.37289765,0.0007730297118075845,0.0005615192758445057
5.37843672,0.0008248542871667208,0.0002888214683679969
5.38397579,0.0004851127975173446,0.0002888214683679969
5.38951486,0.0005750632882632884,0.0002888214683679969
5.39505393,0.00043597767021648554,0.00032195030251983806
5.400593,0.0007538903694344299,0.00032195030251983806
5.40613207,0.0007676783175153084,0.00032195030251983806
5.41167114,0.00048402029632892395,0.0005639872170327014
5.41721021,0.0002983757501350585,0.0005639872170327014
5.42274928,0.0005114793433281449,0.0005639872170327014
5.42828835,0.0006358762192874055,0.0005048360322408436
5.43382742,0.0006800870559975186,0.0005048360322408436
5.43936649,0.0010174075695123543,0.0005048360322408436
5.44490556,0.0016908537110334287,0.0005319069568839985
5.45044463,0.00340318618918866,0.0005319069568839985
5.4559837,0.00855843514365265,0.0005319069568839985
5.46152277,0.010347081133116061,0.000540995176183794
5.46706184,0.003898666496283857,0.000540995176183794
5.47260091,0.0010549274875932063,0.000540995176183794
5.47813998,0.0008008392070747823,0.00027992908129904643
5.48367905,0.0007201055326308807,0.00027992908129904643
5.48921812,0.0006036952692196223,0.00027992908129904643
5.49475719,0.0005524737841082091,0.0007056457195648239
5.50029626,0.00042153529936079154,0.0007056457195648239
5.50583533,0.00040395975636603953,0.0007056457195648239
5.5113744,0.0005705653111905387,0.0008153860941857909
5.51691347,0.00047066254737802236,0.0008153860941857909
5.52245254,0.0004875267789639455,0.0008153860941857909
5.52799161,0.0006479230234940458,0.0004193936782941626
5.53353068,0.0007306303967324249,0.0004193936782941626
5.53906975,0.00048573098591120855,0.0004193936782941626
5.54460882,0.00029498611933284586,0.000758670878465169
5.55014788,0.0004866989430898395,0.000758670878465169
5.55568695,0.0005767957216587277,0.000758670878465169
5.56122602,0.0006588553453113767,0.0011711064615858378
5.56676509,0.0005672602907221015,0.0011711064615858378
5.57230416,0.0006000993507769026,0.0011711064615858378
5.57784323,0.00039248396986576664,0.002251183260966936
5.5833823,0.00031571212374674137,0.002251183260966936
5.58892137,0.0004564425151520957,0.002251183260966936
5.59446044,0.0006850831457287038,0.003280574548972785
5.59999951,0.0005966631577786623,0.003280574548972785
5.60553858,0.0005078167721501452,0.003280574548972785
5.61107765,0.0007872099766449019,0.0017098026651587081
5.61661672,0.0008187314889733037,0.0017098026651587081
5.62215579,0.000784381111123527,0.0017098026651587081
5.62769486,0.0014086609602952929,0.0022719447044915607
5.63323393,0.0018478220821033357,0.0022719447044915607
5.638773,0.0010748052810394188,0.0022719447044915607
5.64431207,0.0002950566306037393,0.0043429843975266854
5.64985114,0.0005006402120871323,0.0043429843975266854
5.65539021,0.0006003572864315415,0.0043429843975266854
5.66092928,0.00048402007459264043,0.005104599534014731
5.66646835,0.0005178367891952014,0.005104599534014731
5.67200742,0.0006368425332809273,0.005104599534014731
5.67754649,0.0005488008702534121,0.0050313545934207215
5.68308556,0.0006037952234238537,0.0050313545934207215
5.68862463,0.0006877614790657481,0.0050313545934207215
5.6941637,0.0007229564106757883,0.006996653250122388
5.69970277,0.0006784506309182302,0.006996653250122388
5.70524184,0.0005277999099014465,0.006996653250122388
5.71078091,0.0004129338843394751,0.008619347307526478
5.71631998,0.00048474961644161447,0.008619347307526478
5.72185905,0.000516296447041753,0.008619347307526478
5.72739812,0.0004602128530019088,0.0047527743117315125
5.73293719,0.0005377757234748784,0.0047527743117315125
5.73847626,0.0005478535287347527,0.0047527743117315125
5.74401533,0.0004625502367639215,0.010638098038910335
5.7495544,0.0003423225227420077,0.010638098038910335
5.75509347,0.0004672297419538277,0.010638098038910335
5.76063254,0.0004977248523669544,0.01531844164048504
5.7661716,0.00046633291564658456,0.01531844164048504
5.77171067,0.0007052692136647732,0.01531844164048504
5.77724974,0.0007582811162047941,0.0052854425349866795
5.78278881,0.0006630320342636634,0.0052854425349866795
5.78832788,0.0005049688544553997,0.0052854425349866795
5.79386695,0.0006791721624230399,0.019100869977239854
5.79940602,0.0005214947298736054,0.019100869977239854
5.80494509,0.0005111191817730552,0.019100869977239854
5.81048416,0.000513667678308927,0.0256351911688568
5.81602323,0.0005608177965620014,0.0256351911688568
5.8215623,0.0005371789921730245,0.0256351911688568
5.82710137,0.0006859733318131306,0.027617567059401292
5.83264044,0.0006462155169458818,0.027617567059401292
5.83817951,0.0008110439946143474,0.027617567059401292
5.84371858,0.0007416520657251319,0.03616742018350956
5.84925765,0.0005543112888486279,0.03616742018350956
5.85479672,0.0005391194083039835,0.03616742018350956
5.86033579,0.0005272242189464418,0.03752630899428245
5.86587486,0.0004270666659933565,0.03752630899428245
5.87141393,0.0004039087690642359,0.03752630899428245
5.876953,0.0004698442857098033,0.04386099569734258
5.88249207,0.0004342045276504654,0.04386099569734258
5.88803114,0.0004132891011517535,0.04386099569734258
5.89357021,0.0006530232909814778,0.08717150620735614
5.89910928,0.0009404950055814796,0.08717150620735614
5.90464835,0.00263565212421052,0.08717150620735614
5.91018742,0.004276182829990087,0.11010491399512715
5.91572649,0.009261116219029027,0.11010491399512715
5.92126556,0.020927530454488148,0.11010491399512715
5.92680463,0.04517040232584165,0.10214557502632425
5.9323437,0.05203423670717548,0.10214557502632425
5.93788277,0.017796817389766444,0.10214557502632425
5.94342184,0.027095860462857356,0.06406327118375574
5.94896091,0.02815100376716885,0.06406327118375574
5.95449998,0.005812443989975773,0.06406327118375574
5.96003905,0.0009855034128362565,0.017331058942817845
5.96557812,0.000989932511138676,0.017331058942817845
5.97111719,0.0006502171992630717,0.017331058942817845
5.97665626,0.0005605555352828169,0.02773760660820992
5.98219532,0.0005182426491698727,0.02773760660820992
5.98773439,0.0005142653844922875,0.02773760660820992
5.99327346,0.0004923526253180841,0.009639791289974498
5.99881253,0.00045281508570513816,0.009639791289974498
