Frequency_Hz,3cm_experiment,5cm_experiment
0.0,0.0025071494013169456,0.0008600237727149799
0.00553907,0.0020070208394352375,0.0006292805359208859
0.01107814,0.0007653048819232402,0.00017103574532188875
0.01661721,0.001298298456160831,0.00017103574532188875
0.02215628,0.0024074867374059544,0.0002198169413117129
0.02769535,0.0032457991592952035,0.0017759067370934202
0.03323442,0.003406823681407622,0.004635514135329299
0.03877349,0.00467117970248135,0.004635514135329299
0.04431256,0.006721222306484325,0.00726410911498865
0.04985163,0.009189906187482135,0.007626000616479098
0.0553907,0.007730968554781706,0.011558219851067995
0.06092977,0.007727033005888523,0.011558219851067995
0.06646884,0.010510012107159414,0.01100833829111656
0.07200791,0.011626030635726368,0.008032505898463518
0.07754698,0.012244520973263529,0.0053729979308679895
0.08308605,0.010722345632940103,0.005344095253121307
0.08862512,0.007313973367619464,0.005344095253121307
0.09416419,0.005617020955589631,0.00665938793087102
0.09970326,0.006523122186237504,0.0034238492290398744
0.10524233,0.006187616040221696,0.0033776231121227726
0.11078139,0.005043253311610588,0.0033776231121227726
0.11632046,0.004678094839839383,0.0034904492683471094
0.12185953,0.0048948622787548125,0.003426639898422912
0.1273986,0.0036232010957069523,0.004972822349621249
0.13293767,0.005065492550917289,0.0057996645930137375
0.13847674,0.00584075554808364,0.0057996645930137375
0.14401581,0.008472546980260284,0.0042940690969901
0.14955488,0.007147258917797215,0.0027240484394551044
0.15509395,0.006154998925481785,0.003470028412901415
0.16063302,0.008481896813648374,0.003470028412901415
0.16617209,0.0066903356309002664,0.0017683304637748452
0.17171116,0.005003758093331773,0.003889537888103097
0.17725023,0.0035695834400354468,0.0035819301307453573
0.1827893,0.0038609735575153375,0.0035819301307453573
0.18832837,0.004418084325983794,0.0029538480589961537
0.19386744,0.005546612503569928,0.002279960556110268
0.19940651,0.004830425803895717,0.002106106458315705
0.20494558,0.004062605519335045,0.0023659770277378958
0.21048465,0.004972499222606381,0.0023659770277378958
0.21602372,0.004094810528574368,0.003262591860965357
0.22156279,0.0041153974057211214,0.004566686663176953
0.22710186,0.003655193433424192,0.004521713704390805
0.23264093,0.0045698907061888835,0.004521713704390805
0.23818,0.005046134965727645,0.0026341226095556274
0.24371907,0.00251801145142929,0.0022238565335565884
0.24925814,0.004322726048473888,0.0032111259355439713
0.25479721,0.0044503209092477646,0.0032111259355439713
0.26033628,0.004731090278396197,0.0034619306972385466
0.26587535,0.004186589663962755,0.003414806414601227
0.27141442,0.0035845053549423494,0.003085383828493435
0.27695349,0.003203636866753247,0.0024238698953908937
0.28249256,0.003389770441481072,0.0024238698953908937
0.28803163,0.00305416664324831,0.0029001137949188436
0.2935707,0.0019934471900152364,0.0029044017910006418
0.29910977,0.002902491127331751,0.0027906195065240105
0.30464884,0.0051259456851228576,0.0027906195065240105
0.31018791,0.006360984368269707,0.0017819084820733468
0.31572698,0.004494267023694198,0.0033581860136959853
0.32126605,0.003942457748390343,0.0033734084214135
0.32680511,0.0029248136589582153,0.0033734084214135
0.33234418,0.0036407605749089553,0.003642878912323044
0.33788325,0.00375813028785218,0.002793194361816843
0.34342232,0.003138334685546744,0.002548103237352187
0.34896139,0.002971356301186317,0.0029619402309721066
0.35450046,0.0041407299235350845,0.0029619402309721066
0.36003953,0.00401909664402219,0.00210649204082336
0.3655786,0.00464886897642156,0.0024485603757653366
0.37111767,0.0033619583198699066,0.002014025397929813
0.37665674,0.00212327264706978,0.002014025397929813
0.38219581,0.0024722948233027444,0.0021979459743400845
0.38773488,0.002651609100361708,0.0025144132987667024
0.39327395,0.0035051142688474566,0.0024631232682319325
0.39881302,0.003947482244151463,0.003927037997047101
0.40435209,0.003364652182496008,0.003927037997047101
0.40989116,0.0033316525966059405,0.004528554845038164
0.41543023,0.0026227563790695327,0.0026176824137382065
0.4209693,0.0020261460458982153,0.003510502232448055
0.42650837,0.0026055891403657197,0.003510502232448055
0.43204744,0.0023362553959479396,0.0035203028771904803
0.43758651,0.0029862141822636426,0.002161298806721445
0.44312558,0.003681461020854905,0.0022300341105502344
0.44866465,0.0043667026876413354,0.0022300341105502344
0.45420372,0.002648872954190031,0.0023197636893198034
0.45974279,0.0034122876038528704,0.0032358357300433537
0.46528186,0.003770268377264792,0.0050318323262505855
0.47082093,0.0026517263237029885,0.0021797709149483364
0.47636,0.003411364160682287,0.0021797709149483364
0.48189907,0.004233642645001187,0.002422643301421826
0.48743814,0.0040418099292837415,0.002366406003126901
0.49297721,0.003827283482055025,0.001728363374064877
0.49851628,0.002865955984487931,0.001728363374064877
0.50405535,0.0013379034651386551,0.0019605691156528416
0.50959442,0.0018241957035197286,0.0016557916083222287
0.51513349,0.0025275552351120864,0.0018280101058342664
0.52067256,0.0021456354259787543,0.0018280101058342664
0.52621163,0.003606378398089972,0.001984791107127424
0.5317507,0.0036649046636374823,0.001722690694117937
0.53728977,0.0038515424728138626,0.0016441065698322998
0.54282884,0.003427011207134879,0.002658841088164546
0.5483679,0.002810859935907918,0.002658841088164546
0.55390697,0.0027684425353869378,0.0025312946088060615
0.55944604,0.0020422552966582186,0.0017108923539940132
0.56498511,0.0018207698632327852,0.0019272062802027123
0.57052418,0.0020398699635058672,0.0019272062802027123
0.57606325,0.0024711264689915866,0.001911629890391866
0.58160232,0.003763558147401289,0.0022828290092868114
0.58714139,0.0034268141344474014,0.0015378052596737527
0.59268046,0.001435859052953386,0.0015378052596737527
0.59821953,0.002631261722142249,0.0012022475522711744
0.6037586,0.003728450240865924,0.0013004665212394077
0.60929767,0.0036700033227421948,0.0013631041403817515
0.61483674,0.0030367955951193927,0.0024706806585307055
0.62037581,0.0037732385083247407,0.0024706806585307055
0.62591488,0.003929888077416498,0.0013754667787982413
0.63145395,0.003302339252439556,0.0018643995827928423
0.63699302,0.0016202125153827018,0.0022310669515122066
0.64253209,0.0011854331387374018,0.0022310669515122066
0.64807116,0.0023245543053937254,0.00322607384677271
0.65361023,0.002217129138898017,0.0027297767680734965
0.6591493,0.002582798538321567,0.002146765465128735
0.66468837,0.003143565240524068,0.003390653824297297
0.67022744,0.0036308563862517762,0.003390653824297297
0.67576651,0.003729552809184669,0.002585280323813197
0.68130558,0.0029031257628431627,0.0047817271608081415
0.68684465,0.0025024004124930602,0.02365542644213093
0.69238372,0.00219041466944112,0.02365542644213093
0.69792279,0.002318855046290196,0.044128890585621465
0.70346186,0.002538564602736105,0.03411085069040727
0.70900093,0.002445879572360146,0.014934383961798643
0.71454,0.002239350795026821,0.014934383961798643
0.72007907,0.0020968682643837284,0.005046930529634831
0.72561814,0.003423104353258314,0.002236291581779739
0.73115721,0.0025487669323711205,0.001682330986702175
0.73669628,0.0015907366496853994,0.0016325336178139237
0.74223535,0.0012803460229351537,0.0016325336178139237
0.74777442,0.0030954155954309704,0.0017435760299687202
0.75331349,0.002754860468734423,0.001905649349161839
0.75885256,0.002061411024782007,0.00186961329120176
0.76439162,0.002027810243683916,0.00186961329120176
0.76993069,0.002068673507950979,0.0018945217818885274
0.77546976,0.0018231610332260662,0.0015662647269300111
0.78100883,0.002299363156948015,0.0020090885704444326
0.7865479,0.002160662919167835,0.0020090885704444326
0.79208697,0.0019305243347360293,0.002226042752193223
0.79762604,0.0020709518779762864,0.0020498388253133437
0.80316511,0.0026262293091954218,0.00171801242600487
0.80870418,0.0018497231069148445,0.008944388687904358
0.81424325,0.0022247253331497954,0.008944388687904358
0.81978232,0.0027975719388324727,0.0297685824423335
0.82532139,0.0025570712783439834,0.03358089138703663
0.83086046,0.0025917767902374563,0.01620115786538207
0.83639953,0.0020772798428583725,0.01620115786538207
0.8419386,0.002821495841565866,0.005668253990965076
0.84747767,0.0023375872971056182,0.003718303416535566
0.85301674,0.00136587492300576,0.0016125920619050869
0.85855581,0.002134848339743927,0.0016125920619050869
0.86409488,0.0017831540503297743,0.0029306294921766693
0.86963395,0.0014308060602003046,0.004702357002820768
0.87517302,0.002136433452197305,0.00860929805193509
0.88071209,0.002597214514346353,0.007531340145992015
0.88625116,0.0018310244715746703,0.007531340145992015
0.89179023,0.0021485134892898303,0.0036090419145785578
0.8973293,0.0022513867672403036,0.0017553407940080633
0.90286837,0.0022028184037484423,0.0029398161000916447
0.90840744,0.0016847395337091983,0.0029398161000916447
0.91394651,0.0016681613858871513,0.0021057376679069974
0.91948558,0.0021139515034169915,0.0018778526252281086
0.92502465,0.0022380006484537533,0.0019348546790901905
0.93056372,0.001519276129025378,0.001753129987241247
0.93610279,0.0018569911932141898,0.001753129987241247
0.94164186,0.00212657878406757,0.0017175969848696442
0.94718093,0.0013697667365345073,0.001420479707436611
0.95272,0.0010102464728009256,0.001329971119508956
0.95825907,0.0012911367460665467,0.001329971119508956
0.96379814,0.001758364347517958,0.0015808101051977576
0.96933721,0.0015024557016979116,0.001799126295970707
0.97487628,0.0011662379442501233,0.001265889438974222
0.98041534,0.0014828871101800656,0.001265889438974222
0.98595441,0.0016679016224135962,0.0009216606854274452
0.99149348,0.002129317620946164,0.0012826507333179576
0.99703255,0.0022643020904503024,0.0020386538366727876
1.00257162,0.0016412378384683328,0.0028416527239426724
1.00811069,0.0014968074854240366,0.0028416527239426724
1.01364976,0.0019303478367215642,0.002508539867015606
1.01918883,0.0021645464904384965,0.004593598941757827
1.0247279,0.0026743299464435555,0.006182600503803884
1.03026697,0.0023455519974750847,0.006182600503803884
1.03580604,0.0018019271250239784,0.0027430140281389168
1.04134511,0.001444277746961356,0.0013337670778234387
1.04688418,0.0016773826378921515,0.0017231823912961044
1.05242325,0.0016641388801272386,0.0017231823912961044
1.05796232,0.001608909148516892,0.0013895602499305786
1.06350139,0.0019736519203339678,0.0011737941051881886
1.06904046,0.0030512871149841877,0.0014133154740892761
1.07457953,0.004929902664311542,0.001252926747852739
1.0801186,0.017666059593584686,0.001252926747852739
1.08565767,0.019714693584580136,0.0011713743443628394
1.09119674,0.005829565405073082,0.0008820026431081394
1.09673581,0.0023028171917111855,0.0015294800969410057
1.10227488,0.0029682053559937265,0.0015294800969410057
1.10781395,0.0026469882913385564,0.002110545598690534
1.11335302,0.0018301067896777806,0.001748478667032291
1.11889209,0.0016420787768274786,0.0016332966308540873
1.12443116,0.002096899762298201,0.0024865218008976804
1.12997023,0.0017477011231937323,0.0024865218008976804
1.1355093,0.001079423672453966,0.0033152409149901536
1.14104837,0.0012568515305993303,0.00549662723832663
1.14658744,0.0016712149075832428,0.004522884849330006
1.15212651,0.0014033428556013477,0.004522884849330006
1.15766558,0.002034123045760763,0.002281966604033942
1.16320465,0.002104653807966498,0.0025650861548742934
1.16874372,0.0017313142182715047,0.001769839360536529
1.17428279,0.0008746968405852554,0.001769839360536529
1.17982186,0.0009472444181179143,0.0011863823546574583
1.18536093,0.001380287308446676,0.001214424152334472
1.1909,0.0014415600065695027,0.0006593277402888112
1.19643906,0.0012415677100149351,0.0011834248091405195
1.20197813,0.0015974428861832742,0.0011834248091405195
1.2075172,0.0019082027570533702,0.0016265399513764173
1.21305627,0.0014393255459452553,0.0015717162524938688
1.21859534,0.001852183479467526,0.0010124989103593323
1.22413441,0.0022897393452427353,0.0010124989103593323
1.22967348,0.0017048894287793033,0.0017695441641623457
1.23521255,0.0013984923898662832,0.0022935603067336854
1.24075162,0.0013124241094255786,0.0025353112314586827
1.24629069,0.0015647838579353898,0.0025353112314586827
1.25182976,0.0019296758459711445,0.003151409543789311
1.25736883,0.0025078583908916077,0.007356341861287225
1.2629079,0.002619579321374308,0.011440709317536085
1.26844697,0.0017183387552594642,0.007431758281554589
1.27398604,0.006452386266390438,0.007431758281554589
1.27952511,0.008607983326829311,0.0016782898663691014
1.28506418,0.0035844087303608303,0.001780003607402729
1.29060325,0.001369845099807332,0.00168008688106495
1.29614232,0.002001115371807283,0.00168008688106495
1.30168139,0.0012911131903623316,0.001197132590762124
1.30722046,0.0010154824202927176,0.002121961461597728
1.31275953,0.0016679083497583773,0.0021471121234334246
1.3182986,0.001725900407515544,0.0021471121234334246
1.32383767,0.0008863297825628508,0.0017084106748659893
1.32937674,0.001276460054638211,0.002921297871820321
1.33491581,0.0015598629936795978,0.0023941789801540793
1.34045488,0.0016336284402858328,0.007319431789500853
1.34599395,0.00224080826662045,0.007319431789500853
1.35153302,0.0024335189951872342,0.01225748161414373
1.35707209,0.002226652902544657,0.031218498910111088
1.36261116,0.002644916762262881,0.07472087374057255
1.36815023,0.004193353110682343,0.07472087374057255
1.3736893,0.014105799510073277,0.2888585527484947
1.37922837,0.03397808703765803,0.7870122696125373
1.38476744,0.08153043717925729,1.0
1.39030651,0.44855127809030165,0.42859436330546186
1.39584558,1.0,0.42859436330546186
1.40138465,0.6091977149137208,0.021023425825635322
1.40692372,0.043538396268006783,0.0036640917640216233
1.41246279,0.003001688331226359,0.002759799816415116
1.41800185,0.004954337093070503,0.002759799816415116
1.42354092,0.002388772607080596,0.003438243158764238
1.42907999,0.00149089657665896,0.0012364075421405145
1.43461906,0.0014201042246711115,0.0016513382321101543
1.44015813,0.0017970951270970495,0.0016513382321101543
1.4456972,0.0009277152007823898,0.001719198560710601
1.45123627,0.0016673411813265652,0.0012959286237152904
1.45677534,0.002163302846432135,0.0012667732554848467
1.46231441,0.0018308939662231049,0.002295291582538976
1.46785348,0.001382845687291504,0.002295291582538976
1.47339255,0.0017215761767832292,0.0015221903266046822
1.47893162,0.00205072989437926,0.0027965819559241855
1.48447069,0.00161607683876332,0.005418209976268339
1.49000976,0.0007179497959735721,0.005418209976268339
1.49554883,0.001002914782181167,0.006101976369181153
1.5010879,0.0011585276568039922,0.010815365051635096
1.50662697,0.0016557949365773397,0.011587398538807893
1.51216604,0.0014261426560833123,0.011587398538807893
1.51770511,0.0015510732083746186,0.02126284589220986
1.52324418,0.0015345859338257953,0.028040167895318276
1.52878325,0.0013092467343578356,0.017243521674763302
1.53432232,0.00160188001381298,0.008414759428308917
1.53986139,0.0014396697325422866,0.008414759428308917
1.54540046,0.0015703955271596205,0.004162163525234802
1.55093953,0.001930126936959093,0.0020153279001973124
1.5564786,0.0017185131541533351,0.0011694873046919892
1.56201767,0.001490278273295297,0.0011694873046919892
1.56755674,0.0008779346654337168,0.0016354966613440233
1.57309581,0.0011428951365359946,0.0008972159735475353
1.57863488,0.0011084365952987562,0.0011308371532909609
1.58417395,0.0014242101989048747,0.0011308371532909609
1.58971302,0.0011759518522434461,0.0014301224853167829
1.59525209,0.0012116055047136985,0.001384778825315281
1.60079116,0.0009903625023328917,0.005635810078841869
1.60633023,0.0008223218187525063,0.0077135661096748576
1.6118693,0.001170585597217442,0.0077135661096748576
1.61740837,0.0009852290393088405,0.005311252276282867
1.62294744,0.0011399032377686397,0.0063037795480536925
1.62848651,0.0017139918253733562,0.004381870152049081
1.63402557,0.00139574838465273,0.004381870152049081
1.63956464,0.0013877493266597747,0.0008753837435561703
1.64510371,0.0016043563108649446,0.0011471498583094872
1.65064278,0.0015776964305177505,0.0015877506062865652
1.65618185,0.0008947782319472847,0.0012277620136291751
1.66172092,0.0008224631964524039,0.0012277620136291751
1.66725999,0.0009952515937496503,0.0018910886925128676
1.67279906,0.0010773881722667051,0.001103289885219909
1.67833813,0.0010921733232112988,0.001369548002378725
1.6838772,0.0010011984298735515,0.001369548002378725
1.68941627,0.0012098522866512518,0.0023686688877168007
1.69495534,0.0016214152319570087,0.00804122216782724
1.70049441,0.0014638278945455741,0.012276685645542513
1.70603348,0.0012090031210043285,0.012276685645542513
1.71157255,0.0010532045790504997,0.007251303892196402
1.71711162,0.0009172547836178922,0.008530202479779767
1.72265069,0.001165480841598889,0.014737737850342367
1.72818976,0.0008016313827505974,0.012498586335355234
1.73372883,0.0008830990484383647,0.012498586335355234
1.7392679,0.0012308570735631793,0.005515011106011532
1.74480697,0.0018227993107361887,0.004465896664174028
1.75034604,0.0012571931757976672,0.002539044374489153
1.75588511,0.0006274570846992529,0.002539044374489153
1.76142418,0.0010067060623279833,0.000980850171640545
1.76696325,0.0007057500775513076,0.0015358104990881615
1.77250232,0.0009893612266863832,0.0007718857715999623
1.77804139,0.0014775207694190595,0.0007718857715999623
1.78358046,0.0015706794439256577,0.0009666980390622886
1.78911953,0.0011271504956154156,0.0007638004554297262
1.7946586,0.0005817226417128722,0.0020274416050021903
1.80019767,0.000991897795543665,0.0019753056516020728
1.80573674,0.0012278733367482979,0.0019753056516020728
1.81127581,0.0009059086329622643,0.0018056071136723255
1.81681488,0.001017724969572675,0.005667722768010386
1.82235395,0.001243196140233692,0.012316456346378768
1.82789302,0.0010204920593181164,0.012316456346378768
1.83343209,0.001350029951204686,0.03389229728808246
1.83897116,0.000993755067414323,0.3952682279119382
1.84451023,0.0007199155015955651,0.8867527217823845
1.85004929,0.0007868007611098421,0.6287435770845268
1.85558836,0.0009770965895969986,0.6287435770845268
1.86112743,0.0009554562993597219,0.12074006130381068
1.8666665,0.0012187431479464517,0.03519592170781319
1.87220557,0.0035929430998897375,0.012349185247075954
1.87774464,0.004226890545064828,0.012349185247075954
1.88328371,0.0017202483068587042,0.005771924134148156
1.88882278,0.0013977749565538124,0.002933251249146453
1.89436185,0.0008474023199290436,0.002254427195840935
1.89990092,0.0006292590026862189,0.002254427195840935
1.90543999,0.001057618001963916,0.0010166585362363834
1.91097906,0.0010983199944468991,0.0014453017196489261
1.91651813,0.0012533557494546768,0.0012738889404957459
1.9220572,0.0017549254915520478,0.001191732131564045
1.92759627,0.0013882861205672422,0.001191732131564045
1.93313534,0.0008330059220917288,0.0009649313507001862
1.93867441,0.0011069469050144678,0.0020974843000262228
1.94421348,0.001412420450263579,0.002925615400124936
1.94975255,0.0012790541091847064,0.002925615400124936
1.95529162,0.0006596574404331751,0.0022535084427058533
1.96083069,0.0012219947525469847,0.009228548532190016
1.96636976,0.001093380180929354,0.014274508322687788
1.97190883,0.0012278003723620705,0.014274508322687788
1.9774479,0.0013005836162749234,0.006848171774660318
1.98298697,0.0009118253987063711,0.003696263849502534
1.98852604,0.0008034650079550163,0.0029773999550848666
1.99406511,0.001189373135855689,0.0018273794801306478
1.99960418,0.0012086282775892287,0.0018273794801306478
2.00514325,0.0011053388391242885,0.0010169427982020581
2.01068232,0.001352298770686375,0.0009902566799717297
2.01622139,0.0017173436834608989,0.0010348097349642139
2.02176046,0.0012958744221149277,0.0010348097349642139
2.02729953,0.0009264210429170236,0.0012187335310637148
2.0328386,0.0006965712625412497,0.0007712877851716207
2.03837767,0.0012419952405306768,0.0008615245309957924
2.04391674,0.0012856611454972115,0.0008615245309957924
2.04945581,0.001351016187490539,0.0011980123161504546
2.05499488,0.0012069522656485451,0.001230055704859404
2.06053395,0.0009583385860500602,0.0027418845289570466
2.06607302,0.0008849710587876979,0.0034574801373441614
2.07161208,0.0009658832192615966,0.0034574801373441614
2.07715115,0.0011812710225637462,0.0017148418689943976
2.08269022,0.000987264866987028,0.0072322551291213386
2.08822929,0.0012215639745354566,0.007493014320559868
2.09376836,0.0011665555825668803,0.007493014320559868
2.09930743,0.0012828325536467023,0.002988619185461529
2.1048465,0.001142010711972052,0.002086450271150092
2.11038557,0.0011585583204680278,0.0012884173672001854
2.11592464,0.0014154256942738674,0.0010265678266030294
2.12146371,0.001360632056047758,0.0010265678266030294
2.12700278,0.002059431909845344,0.0008777979175621876
2.13254185,0.0018518428735531318,0.0010543221359386266
2.13808092,0.0015432107466251826,0.0010142467775156533
2.14361999,0.0014497309470525713,0.0010142467775156533
2.14915906,0.0019659935858263766,0.0010815746574549616
2.15469813,0.0020372801589377096,0.0007061149533742499
2.1602372,0.0018238501112042952,0.0009513984029793065
2.16577627,0.006323696028870242,0.0009513984029793065
2.17131534,0.013360355826458725,0.0009688219336733414
2.17685441,0.033294814999183374,0.0019494600726757156
2.18239348,0.20908241231758545,0.004392778602801228
2.18793255,0.4677960184548457,0.003629651240498068
2.19347162,0.26282531266732284,0.003629651240498068
2.19901069,0.00816422546729694,0.0025800833956226244
2.20454976,0.003868901071401104,0.0053613020149896355
2.21008883,0.00330259666440486,0.004137456793810476
2.2156279,0.0014517506341911162,0.004137456793810476
2.22116697,0.0015941881474427452,0.0016297402253697827
2.22670604,0.0015402152100185223,0.0018947724273198048
2.23224511,0.0009416907242645067,0.0015016153215392288
2.23778418,0.0013728839359464923,0.0015016153215392288
2.24332325,0.001624820199793582,0.001222073356139978
2.24886232,0.0016199860600216972,0.0009018032623053947
2.25440139,0.00184183153904526,0.0007751958759390124
2.25994046,0.0012539092147480452,0.0006348019001698728
2.26547953,0.0011548172715903438,0.0006348019001698728
2.2710186,0.0012885392545188147,0.00050987020099793
2.27655767,0.0012000212626260716,0.0007733309870008472
2.28209674,0.0012563326951886755,0.0014438018538825708
2.2876358,0.0009991997455400926,0.0014438018538825708
2.29317487,0.0008372925771369969,0.0014993515783532408
2.29871394,0.0009106489407149011,0.004511342943267971
2.30425301,0.0008540924854624397,0.007103701826658886
2.30979208,0.0007118723941183544,0.007103701826658886
2.31533115,0.0009985534343231412,0.0034029325948797496
2.32087022,0.001389946498925225,0.003667918998094261
2.32640929,0.001278009725367012,0.004066491884559989
2.33194836,0.0012450082353454856,0.0023201115004692057
2.33748743,0.0017352736188693673,0.0023201115004692057
2.3430265,0.0032656431544438036,0.0021418850062106315
2.34856557,0.002433706038113398,0.0012710499353815474
2.35410464,0.00372119227435705,0.00046038377920964047
2.35964371,0.010261269676094796,0.00046038377920964047
2.36518278,0.00816744199803874,0.0006131454019005551
2.37072185,0.002181278122873063,0.000737999855532666
2.37626092,0.0013570827670909497,0.0006511183218797036
2.38179999,0.0011361652919649704,0.0014876973055457723
2.38733906,0.000946555135303612,0.0014876973055457723
2.39287813,0.0009492363680335772,0.008527748060493076
2.3984172,0.0009874813644027392,0.014333723827269588
2.40395627,0.0015276153680730965,0.009252323804834796
2.40949534,0.001429823119652835,0.009252323804834796
2.41503441,0.0009427653611461577,0.005397007003260542
2.42057348,0.0009307888356089312,0.011321528617130174
2.42611255,0.0010960846927607986,0.01258956587018036
2.43165162,0.001147430746240219,0.01258956587018036
2.43719069,0.0008436160456451613,0.004831556890375242
2.44272976,0.0007105567865153336,0.002607285241326229
2.44826883,0.0007742463464254592,0.0026940326333275357
2.4538079,0.0009554223762354991,0.0013244398703408592
2.45934697,0.0010974435743732517,0.0013244398703408592
2.46488604,0.0008793385929764811,0.001459350647953987
2.47042511,0.0010989480978593254,0.0009633607901453678
2.47596418,0.0015138062447793241,0.0010177765887222163
2.48150325,0.001334773599897845,0.0010177765887222163
2.48704232,0.0012793067763568217,0.0008605021331113698
2.49258139,0.001251740921111307,0.0010020523970962814
2.49812046,0.0009013567039433952,0.0008849291608195945
2.50365952,0.000650884245369397,0.0008849291608195945
2.50919859,0.0012190035735192973,0.0012698294877433642
2.51473766,0.0012357417071053264,0.0024943021934526735
2.52027673,0.0011610858588185272,0.002704218375848485
2.5258158,0.0008719764346492396,0.030467519944693745
2.53135487,0.0006666935058322633,0.030467519944693745
2.53689394,0.0006871124828920973,0.2698830175155184
2.54243301,0.0006893061354469592,0.6322369482643249
2.54797208,0.0009128650679873855,0.4821417240524583
2.55351115,0.0006442824351901738,0.4821417240524583
2.55905022,0.0005093293410443707,0.14850702991147907
2.56458929,0.0009999349948032125,0.057659596790509124
2.57012836,0.0010787052100746772,0.021941736817092522
2.57566743,0.0008477875246289405,0.021941736817092522
2.5812065,0.0006779940232111165,0.009858925482220319
2.58674557,0.0010533085366647296,0.004669832794768102
2.59228464,0.0008860942694444618,0.00280267436330995
2.59782371,0.0008444413315174578,0.0014874187393283853
2.60336278,0.0008897309646635381,0.0014874187393283853
2.60890185,0.0007514572039888718,0.0013200325890002779
2.61444092,0.0007915584135272773,0.0010690102460792956
2.61997999,0.0006371755117909624,0.0007000839107501528
2.62551906,0.0006934063242807943,0.0007000839107501528
2.63105813,0.0008831220615490971,0.0007795613805675988
2.6365972,0.0011400750302789549,0.0009530953212358197
2.64213627,0.0011285032736656926,0.0014842836719073103
2.64767534,0.0025992532729572806,0.002432213775996182
2.65321441,0.00471714124480867,0.002432213775996182
2.65875348,0.005894723494862029,0.008907160170676904
2.66429255,0.0030812461808838554,0.016485216106663626
2.66983162,0.002284902558199053,0.014188327856579487
2.67537069,0.003706706023172211,0.014188327856579487
2.68090976,0.001668647239032558,0.007195527324704123
2.68644883,0.0009847468535139406,0.0034574733005375263
2.6919879,0.0012372324682627346,0.001866682552764853
2.69752697,0.0011584214580856872,0.001866682552764853
2.70306604,0.0008239408329531186,0.0013888330756630578
2.70860511,0.0004919704416195703,0.0009828478412641118
2.71414418,0.000769989078540368,0.001011887156096128
2.71968324,0.0011267377720034692,0.0009317277016283657
2.72522231,0.0008834539137716844,0.0009317277016283657
2.73076138,0.0010474758008476824,0.0009797832111179793
2.73630045,0.0011901321923024927,0.0007882874308616065
2.74183952,0.0009318380138839242,0.0006336566158672161
2.74737859,0.0009490741175772893,0.0006336566158672161
2.75291766,0.0008935277344220567,0.0005394771495845277
2.75845673,0.0007309020404119589,0.0006703188991802948
2.7639958,0.00044474022393766415,0.001962074625435835
2.76953487,0.0006309677163802533,0.001962074625435835
2.77507394,0.00117037455574628,0.0022322533136186202
2.78061301,0.0010098188255187506,0.005741859244829259
2.78615208,0.001178522758191252,0.006464959676588494
2.79169115,0.0021889406113575057,0.0029091851478954874
2.79723022,0.00188988138874378,0.0029091851478954874
2.80276929,0.0015434837446561545,0.0019981701481960037
2.80830836,0.0009975825461327967,0.0021568460929762318
2.81384743,0.0007209813153632559,0.001707838068158069
2.8193865,0.0004495119292153539,0.001707838068158069
2.82492557,0.0006963952647216689,0.0013541867850519788
2.83046464,0.000678173691984345,0.0012353614398647398
2.83600371,0.0008896628725821891,0.0006520627617869543
2.84154278,0.001045811071574069,0.0005784036281959358
2.84708185,0.0009742294543595385,0.0005784036281959358
2.85262092,0.0007605812737942674,0.0007794814331199207
2.85815999,0.000988599368180812,0.0006547665620708985
2.86369906,0.0006268940768039827,0.0007910158245238918
2.86923813,0.0005122465590472778,0.0007910158245238918
2.8747772,0.0005790125911337469,0.0008155275072664734
2.88031627,0.0005675819239099071,0.0014970109297534572
2.88585534,0.0005226264816961124,0.00224789446533052
2.89139441,0.0008033469446377604,0.00224789446533052
2.89693348,0.0010595205818020495,0.002571974577888799
2.90247255,0.0009322891685832953,0.005384114710968649
2.90801162,0.0008240951612385341,0.004142970112121775
2.91355069,0.0008245549373747097,0.000977966324928305
2.91908976,0.0008604085216540954,0.000977966324928305
2.92462883,0.0010032748565550623,0.00190415868489248
2.9301679,0.0006281066550654359,0.0017127058235793518
2.93570697,0.0008738195634577335,0.000934859434044078
2.94124603,0.001151132058815019,0.000934859434044078
2.9467851,0.0012293510109042992,0.0011099602160599686
2.95232417,0.0009160667472747784,0.0005417392994221534
2.95786324,0.0011482507054861623,0.0006477507283748206
2.96340231,0.0010952075687025854,0.0006477507283748206
2.96894138,0.001150854018119721,0.000682467274072986
2.97448045,0.0019590597238352578,0.0006841308396932931
2.98001952,0.001947753040495731,0.0006781291486889089
2.98555859,0.0010493416678917058,0.0008070733222443022
2.99109766,0.0007160158751994357,0.0008070733222443022
2.99663673,0.0006579050536300649,0.0009949046738657336
3.0021758,0.0010054144280677202,0.003288005810150495
3.00771487,0.0011416830245011876,0.004478727892291951
3.01325394,0.0008033655742071645,0.004478727892291951
3.01879301,0.0006804160404854641,0.004377949390155819
3.02433208,0.0007506429712932061,0.004141984718664237
3.02987115,0.0008745086042693209,0.0022229822882510915
3.03541022,0.0011982040260350559,0.0022229822882510915
3.04094929,0.0010477931159133722,0.0012870700412906653
3.04648836,0.0005961205082988701,0.001926093056643031
3.05202743,0.0007847891864669653,0.0012999254631175861
3.0575665,0.0007194417106739654,0.0011005559582719737
3.06310557,0.001014268452127194,0.0011005559582719737
3.06864464,0.0013282591313760863,0.0008906448683057847
3.07418371,0.0012897330306648532,0.0005419515401227564
3.07972278,0.0010194274405097836,0.0011156868685892553
3.08526185,0.0006186623179537229,0.0011156868685892553
3.09080092,0.0009140373529793959,0.0009931566294426235
3.09633999,0.0012240561226912246,0.0005496353203557209
3.10187906,0.0012387853484519776,0.0007181702997804927
3.10741813,0.001111166235728669,0.000784771959897458
3.1129572,0.0011515827072089747,0.000784771959897458
3.11849627,0.0010157411244774966,0.0020633637470885446
3.12403534,0.0012095612555582003,0.003931363143645956
3.12957441,0.0013304833103646861,0.0031130995749959036
3.13511348,0.00229576310812161,0.0031130995749959036
3.14065255,0.0020142958920860428,0.003073111082331368
3.14619162,0.002357835488565109,0.002974586025672865
3.15173069,0.0051296085896012315,0.0013744614659890423
3.15726975,0.003718518595290457,0.0013744614659890423
3.16280882,0.0014494068855750704,0.0014928982636690574
3.16834789,0.0014636385438819136,0.0014242599233740961
3.17388696,0.0016030378537650956,0.0012993544628665575
3.17942603,0.0013098568048611928,0.001142575408731585
3.1849651,0.0010319800657659728,0.001142575408731585
3.19050417,0.0005593900537408268,0.0007656663533143664
3.19604324,0.0008225927229392647,0.0005095795581860012
3.20158231,0.0013300485818797112,0.0009661764696514051
3.20712138,0.001206721693773479,0.0009661764696514051
3.21266045,0.0013866388612934254,0.0012219478863301195
3.21819952,0.0013416371448732505,0.0015142853900778817
3.22373859,0.0010354084109759822,0.0029452413179863143
3.22927766,0.0013565602468422165,0.0029452413179863143
3.23481673,0.0014950152179061425,0.0038661037048793936
3.2403558,0.0026913900306096516,0.009821016981687936
3.24589487,0.002827900248654557,0.013377575590009124
3.25143394,0.0028091730516633245,0.00582981964746312
3.25697301,0.012588407407461354,0.00582981964746312
3.26251208,0.036274344235857396,0.0033787006613937454
3.26805115,0.20594177944187744,0.0017464373583293052
3.27359022,0.2515763447093229,0.0008972046661198439
3.27912929,0.07017188083661728,0.0008972046661198439
3.28466836,0.008994857044971025,0.0013470076740555188
3.29020743,0.007374337319456319,0.0012048574519939754
3.2957465,0.003730072992910268,0.0009178741760222238
3.30128557,0.0020957642010577967,0.0009178741760222238
3.30682464,0.001582447887492925,0.001160171539505173
3.31236371,0.0009074109078813201,0.0008099135649455542
3.31790278,0.0011485084723361334,0.0004342628038563847
3.32344185,0.0011996293380690157,0.0007310629212156024
3.32898092,0.0013599950767328938,0.0007310629212156024
3.33451999,0.001357583697444796,0.0009971623844823236
3.34005906,0.0013431785866212913,0.0013921417408118283
3.34559813,0.000850908102572569,0.009003525675800218
3.3511372,0.0008462008086792936,0.009003525675800218
3.35667627,0.0008322785783707412,0.0750168360754783
3.36221534,0.0011895926853585086,0.2293249752355031
3.36775441,0.0011361666684929982,0.2783970833733114
3.37329347,0.000957071870645998,0.1403237943977157
3.37883254,0.0007319599073494754,0.1403237943977157
3.38437161,0.0005114613521315975,0.06371139019624053
3.38991068,0.0009605084771613803,0.028491717343521773
3.39544975,0.0015016633143252482,0.012961427601991718
3.40098882,0.0013076097235362218,0.012961427601991718
3.40652789,0.0008516693978332323,0.005457356698994295
3.41206696,0.0009398493237295331,0.0034250013031238108
3.41760603,0.0008679655626454268,0.00266252146012582
3.4231451,0.0006787028511133547,0.00266252146012582
3.42868417,0.0009179061428347795,0.0016141588737776716
3.43422324,0.0010196682028067471,0.0011048826228225572
3.43976231,0.0011912308711543899,0.0007597885771241223
3.44530138,0.00122314592312046,0.0006026275507248944
3.45084045,0.000998616518009486,0.0006026275507248944
3.45637952,0.0007309247158195755,0.0009175847488230952
3.46191859,0.0007611397610758575,0.0008589564756511393
3.46745766,0.0012897630587447642,0.0006674674758878505
3.47299673,0.0011124779228235398,0.0006674674758878505
3.4785358,0.0006030886410975337,0.0035722605944748793
3.48407487,0.0007592550309344993,0.007965921536685237
3.48961394,0.000855687368172038,0.006912183356848708
3.49515301,0.0010009233135266247,0.006912183356848708
3.50069208,0.000899562611577942,0.004051336442086024
3.50623115,0.0013200619556368136,0.0026748952670821546
3.51177022,0.0010643257857391958,0.000999805353121769
3.51730929,0.0010421187834350068,0.0008248492816980271
3.52284836,0.0011124956321607142,0.0008248492816980271
3.52838743,0.0009823078837643063,0.0013211887358725335
3.5339265,0.0009408189290044028,0.0007192706064158353
3.53946557,0.0011412910459858677,0.0009905018291667936
3.54500464,0.0008455759198605507,0.0009905018291667936
3.55054371,0.0005060684054499393,0.0017601069962692732
3.55608278,0.000662648112454562,0.0016379118007516142
3.56162185,0.0009097979062275529,0.001031174157284753
3.56716092,0.0013815961488433223,0.001031174157284753
3.57269999,0.0021466542667825206,0.0007092466494571346
3.57823906,0.005460204822687461,0.00044309293353499076
3.58377813,0.009624646182269929,0.0004338066682893901
3.58931719,0.005638490046057895,0.0005186511132689661
3.59485626,0.0009870807637299866,0.0005186511132689661
3.60039533,0.000938645037025026,0.0026082743310724267
3.6059344,0.0009577841953912212,0.004222613020832897
3.61147347,0.0008705337632269629,0.0029507057626513215
3.61701254,0.001028178451634319,0.0029507057626513215
3.62255161,0.0009660268417279396,0.0022613799309449353
3.62809068,0.0006180749814608422,0.0017547973119944075
3.63362975,0.0007870506534194977,0.0008794054762274919
3.63916882,0.0009569599373715335,0.0016554419152538518
3.64470789,0.0008589919305974002,0.0016554419152538518
3.65024696,0.0011448586040203336,0.0015675949411326684
3.65578603,0.0010558938540395704,0.000960583237017399
3.6613251,0.0008600358159477436,0.0009056753181767342
3.66686417,0.0007901037701867548,0.0009056753181767342
3.67240324,0.0007403670302713121,0.0005748410769737149
3.67794231,0.0006477702034437852,0.0006808172920704771
3.68348138,0.0005837489540496306,0.00400570524290034
3.68902045,0.0006117233399472203,0.00400570524290034
3.69455952,0.0005573135017884833,0.009356495957015326
3.70009859,0.0005930277677602382,0.008941068436576
3.70563766,0.0006227788996358853,0.003641587083277423
3.71117673,0.0011911946672421873,0.0016970437244347215
3.7167158,0.0011693958448268068,0.0016970437244347215
3.72225487,0.0015015338683414324,0.0022334114038151027
3.72779394,0.002662300085650057,0.00289135666862511
3.73333301,0.004267623727897217,0.0019068390138651044
3.73887208,0.008760724425172192,0.0019068390138651044
3.74441115,0.007954144106245713,0.001981761513948496
3.74995022,0.0027446201198460135,0.0013824088191241438
3.75548929,0.005126585819816505,0.0010902249707616918
3.76102836,0.004593032817216238,0.0010902249707616918
3.76656743,0.001181455934414889,0.0017594107357448584
3.7721065,0.0006607414934613017,0.0013330216511647233
3.77764557,0.0009269015508330133,0.0008414252130624
3.78318464,0.001128440629710571,0.0011242203113404404
3.78872371,0.0008135693782670439,0.0011242203113404404
3.79426278,0.000688827457827662,0.0005869756963113402
3.79980185,0.00038777193092757615,0.0008103388757262654
3.80534092,0.0006257099336739957,0.0008156210142928114
3.81087998,0.0007438409789013874,0.0008156210142928114
3.81641905,0.000692844168947812,0.0008496810789229037
3.82195812,0.000598235839066382,0.0006066007718103359
3.82749719,0.0007213293709632706,0.0008638011617730921
3.83303626,0.0007370291564757657,0.0009407726384542994
3.83857533,0.0007671569298471794,0.0009407726384542994
3.8441144,0.0009168034017627197,0.0018597148363944244
3.84965347,0.0008593260172952714,0.00203262316641852
3.85519254,0.0007710352295257574,0.0013483502960208308
3.86073161,0.0007705120509980501,0.0013483502960208308
3.86627068,0.0006024099760178567,0.0015649470167812787
3.87180975,0.0005647353306161109,0.000567925591997487
3.87734882,0.0006694809562932697,0.0013960019853138685
3.88288789,0.0007741550984700386,0.0013960019853138685
3.88842696,0.0006109052733865952,0.002441300178811255
3.89396603,0.00061329117057852,0.0014863634745072632
3.8995051,0.0006084944156851775,0.0009898909562548444
3.90504417,0.000718669285292345,0.0008134937335451282
3.91058324,0.00033399055696916,0.0008134937335451282
3.91612231,0.0006248662670069402,0.0005848749746794502
3.92166138,0.000635261877932175,0.001027513043736301
3.92720045,0.0005373026043514338,0.0013687893954302637
3.93273952,0.0007122549030422588,0.0013687893954302637
3.93827859,0.0007453530596934613,0.0010916298245461538
3.94381766,0.0005701434593427915,0.000864296777564971
3.94935673,0.0006294463011638934,0.0008308608979813592
3.9548958,0.0007895129397334015,0.0008308608979813592
3.96043487,0.0007451513278984388,0.0014032405478094417
3.96597394,0.0005883395934930989,0.002249218361966595
3.97151301,0.0005890800077348274,0.0014850814839410204
3.97705208,0.0005459914617009749,0.0011352777679181879
3.98259115,0.0005331932247747127,0.0011352777679181879
3.98813022,0.0005092078928973791,0.001366464611524552
3.99366929,0.0007243563318717479,0.0011547084905702714
3.99920836,0.0009701110647398987,0.0019672045748125675
4.00474743,0.0008966642156557972,0.0019672045748125675
4.0102865,0.0007689989560453015,0.0023965231082372584
4.01582557,0.0005978358592048776,0.0010607161999256608
4.02136464,0.0003680085168489865,0.0009830721338124257
4.0269037,0.0004358285445600298,0.0009830721338124257
4.03244277,0.0005375233364938323,0.0008049795999586579
4.03798184,0.0007700070247963748,0.0008397787710088939
4.04352091,0.0006184812740937228,0.0008574329474585892
4.04905998,0.0005451232450060458,0.0019975645824844845
4.05459905,0.0007909753286267431,0.0019975645824844845
4.06013812,0.001279111274391841,0.005076563365194927
4.06567719,0.001239588568740795,0.007696206506659182
4.07121626,0.0007761237730847955,0.00756578117599583
4.07675533,0.00046042533742228064,0.00756578117599583
4.0822944,0.0007164174387251286,0.0053914995073237005
4.08783347,0.0007417208925460724,0.0042141575739669
4.09337254,0.0006525455341373491,0.0024278004440760597
4.09891161,0.0005721986788767243,0.0012922281753881039
4.10445068,0.000899397077851124,0.0012922281753881039
4.10998975,0.000690592692368838,0.0014026143115029323
4.11552882,0.0005016128790443229,0.0020108675134641266
4.12106789,0.0004775340230928646,0.0036815500127692076
4.12660696,0.0005440435700503713,0.0036815500127692076
4.13214603,0.0005809535644336329,0.00348696198917469
4.1376851,0.0005736398848573095,0.00101875111661855
4.14322417,0.00057743709775276,0.0010703999389130127
4.14876324,0.000805442843628704,0.0010703999389130127
4.15430231,0.0007399499443913744,0.00101864554644666
4.15984138,0.0005759354366657185,0.0008308374792720831
4.16538045,0.000593806175105444,0.0006472425418139126
4.17091952,0.0007548852181393645,0.0005261567379549273
4.17645859,0.0009148551765007859,0.0005261567379549273
4.18199766,0.0008885846362716985,0.0014187498206869717
4.18753673,0.0006763212738633786,0.0016518285038768098
4.1930758,0.0005217988906381325,0.0012056489431733505
4.19861487,0.0005623447956689512,0.0012056489431733505
4.20415394,0.0007871540606564737,0.0020520374097724482
4.20969301,0.0007661546298870371,0.002004302555222778
4.21523208,0.0005071201394029223,0.0016176620096747165
4.22077115,0.0005318386340041593,0.0016176620096747165
4.22631022,0.0004783547520239269,0.0014206311251776466
4.23184929,0.0006200998090470246,0.005674503722662738
4.23738836,0.0007804774012881919,0.056054200710843466
4.24292742,0.001061071208103472,0.11244051466327204
4.24846649,0.000721950163213556,0.11244051466327204
4.25400556,0.00037491580893111607,0.06615442875992378
4.25954463,0.0005843394951757322,0.019621250499932897
4.2650837,0.0004666284075165033,0.006451872535346675
4.27062277,0.0006793892674467105,0.006451872535346675
4.27616184,0.0007000994361663982,0.0032504561550906353
4.28170091,0.0005884270078649012,0.0019303948547868773
4.28723998,0.000553722950899845,0.001223436774213882
4.29277905,0.0005409571865918727,0.001223436774213882
4.29831812,0.000532931450146552,0.0007496694527179279
4.30385719,0.0006712921841686152,0.0006708323413351249
4.30939626,0.0005627355097731445,0.0008365240705980936
4.31493533,0.0004864164621703826,0.0009727955574935157
4.3204744,0.0005695818436714219,0.0009727955574935157
4.32601347,0.0007200483514169176,0.001266417857050633
4.33155254,0.0007398405821156509,0.000989962962178006
4.33709161,0.0004387067352594003,0.0009772924148344067
4.34263068,0.000487681540662749,0.0009772924148344067
4.34816975,0.0009316676762921555,0.001007969727936446
4.35370882,0.001752418842290531,0.0006305206580986278
4.35924789,0.001434396862874431,0.002912334574527392
4.36478696,0.001770826418941546,0.004141518576932202
4.37032603,0.003083697821151333,0.004141518576932202
4.3758651,0.006134188127363875,0.00218497257576329
4.38140417,0.004045768331021938,0.008148093453220845
4.38694324,0.0010134634351298647,0.021385543820030575
4.39248231,0.0005536498416871101,0.021385543820030575
4.39802138,0.00032332277204577157,0.022970012096587354
4.40356045,0.0005557527260817363,0.01233118392202243
4.40909952,0.0006060382737131035,0.005994956067063429
4.41463859,0.0006856904893456646,0.005994956067063429
4.42017766,0.0005731695910600361,0.002882786047182191
4.42571673,0.0006010807838542672,0.0016338980931356445
4.4312558,0.00048676268750825585,0.0007016848414973868
4.43679487,0.0005741219167536849,0.0006002152603165685
4.44233394,0.0007443461251419377,0.0006002152603165685
4.44787301,0.0005705902521295491,0.0010791412619628358
4.45341208,0.0004746831741297437,0.0006077359218709598
4.45895115,0.0006364609394214604,0.001012859935771602
4.46449021,0.0006185342532066966,0.001012859935771602
4.47002928,0.0006402989731651057,0.0009579738944782823
4.47556835,0.0007574924942127405,0.0006245237208527691
4.48110742,0.0010095364585967384,0.0019407305368012132
4.48664649,0.0010213754245587316,0.0019407305368012132
4.49218556,0.0010357596372705953,0.00211996091243759
4.49772463,0.000845657155789019,0.00076466778070788
4.5032637,0.0007295828012134313,0.0008413798117737178
4.50880277,0.0012745514320865552,0.0011496117598683187
4.51434184,0.002054893514567954,0.0011496117598683187
4.51988091,0.0034172293351641936,0.0011530232559936245
4.52541998,0.01038495364856055,0.0008759730963865872
4.53095905,0.02313809205218331,0.0007036814956133186
4.53649812,0.018204319845996523,0.0007036814956133186
4.54203719,0.02794087365528024,0.0007689121163514358
4.54757626,0.07624731827494777,0.0004859697254068138
4.55311533,0.06174459115849315,0.0003501815730524079
4.5586544,0.01026094556477056,0.0009173193570883324
4.56419347,0.0020169469706113694,0.0009173193570883324
4.56973254,0.002276241240304399,0.0007456707328175453
4.57527161,0.0009668967642433938,0.0007349726009299117
4.58081068,0.0005259094378890597,0.001005643537029487
4.58634975,0.0007791053445602698,0.001005643537029487
4.59188882,0.000854676499435237,0.0007524754786664457
4.59742789,0.0008038273347853475,0.0010056441083731377
4.60296696,0.0009780146468128048,0.0014894280795354844
4.60850603,0.0009459437453795369,0.0014894280795354844
4.6140451,0.0006845291542780966,0.0010086635058060111
4.61958417,0.0006342596235443574,0.0006835330917239716
4.62512324,0.0006263536847213712,0.0005062004737993896
4.63066231,0.000627274185310705,0.000671577608514998
4.63620138,0.0005607902738641865,0.000671577608514998
4.64174045,0.0006484776565504643,0.0004541910708352104
4.64727952,0.0015609848345062261,0.00044220593134437243
4.65281859,0.0016225837192882188,0.0005403152576158671
4.65835766,0.002515702274157263,0.0005403152576158671
4.66389673,0.007570671123879223,0.0005766764530323407
4.6694358,0.009339817324929164,0.0005233352225655436
4.67497487,0.0037202971134213765,0.0006521408173751533
4.68051393,0.0009006193870945653,0.0006521408173751533
4.686053,0.0006084378470692761,0.0007592756813522244
4.69159207,0.00047572590339022496,0.0008444031525010022
4.69713114,0.0005305950863990834,0.0009185899588997087
4.70267021,0.000541379122165748,0.0009913582921699565
4.70820928,0.0006217046415874465,0.0009913582921699565
4.71374835,0.0007759857827022814,0.0005638845221718393
4.71928742,0.0008412670229197703,0.000986314265154868
4.72482649,0.0006983767488960091,0.0015478171251177152
4.73036556,0.0005580648386645663,0.0015478171251177152
4.73590463,0.0005451650749162248,0.0009407217122224735
4.7414437,0.0007683394674670877,0.0006876242297902409
4.74698277,0.0006937832121079806,0.0009823903676518461
4.75252184,0.0005565946479649905,0.0009823903676518461
4.75806091,0.0006478455151329542,0.0008605613146693749
4.76359998,0.000562604556901649,0.0005437906418802689
4.76913905,0.00034638980732105615,0.000834887697193956
4.77467812,0.0003381512511559868,0.0005469728073561777
4.78021719,0.0005303848757529063,0.0005469728073561777
4.78575626,0.0005531819412586834,0.0005999363022842498
4.79129533,0.0005150279642182693,0.0005566486220308634
4.7968344,0.000514717937871597,0.0007209100995555569
4.80237347,0.0005344264720522325,0.0007209100995555569
4.80791254,0.0005370241423749663,0.0008897369158766628
4.81345161,0.0006391026596282498,0.0009461992701810509
4.81899068,0.0005731042357761882,0.000645776394364447
4.82452975,0.0004765193252689675,0.0005618384484491201
4.83006882,0.0008529132078308504,0.0005618384484491201
4.83560789,0.0005896556208422525,0.00036450418405006103
4.84114696,0.0005739111176801026,0.0008877995078275763
4.84668603,0.0005928698424842728,0.0012247951348572546
4.8522251,0.0005937070696530562,0.0012247951348572546
4.85776417,0.0005366237384435604,0.0009154869964227218
4.86330324,0.0006987328579100575,0.0008203143346911869
4.86884231,0.0008958962137610074,0.0007688016881471955
4.87438138,0.000734907851632091,0.0007688016881471955
4.87992045,0.0005813361947981819,0.0008727417304983836
4.88545952,0.0006440651103897361,0.0007377596203458482
4.89099859,0.000707460982502682,0.0006222816871012756
4.89653765,0.0006501784735966946,0.00044617157743299875
4.90207672,0.0005807633175455181,0.00044617157743299875
4.90761579,0.0003753051307373716,0.0004344345332509873
4.91315486,0.0004940396307121095,0.00044667110748461864
4.91869393,0.0005590579072304996,0.0007454921469467954
4.924233,0.00037775249899799746,0.0007454921469467954
4.92977207,0.0005108854589762414,0.0007843770429623087
4.93531114,0.0004914984412515287,0.0006758076029281417
4.94085021,0.0004928325821904856,0.0012594650366131413
4.94638928,0.0007228608445785084,0.0012594650366131413
4.95192835,0.0006299888197361593,0.0010279480904735966
4.95746742,0.0005559809906635289,0.00047842098795039604
4.96300649,0.0005903606773816805,0.0008319141568197396
4.96854556,0.000553503704169421,0.001149332927508652
4.97408463,0.0007200380114844302,0.001149332927508652
4.9796237,0.0006272632513091826,0.0009811501332401555
4.98516277,0.0004843877398804592,0.0004931737291628992
4.99070184,0.0005029466852120346,0.0005188549280321646
4.99624091,0.0005231815333732995,0.0005188549280321646
5.00177998,0.0005064836790587594,0.00077930476835142
5.00731905,0.0004907569058704013,0.0007489283360848952
5.01285812,0.0005046294509830503,0.0007311117698585944
5.01839719,0.0004530340546284886,0.0007311117698585944
5.02393626,0.00028289851166192996,0.0006428896643938852
5.02947533,0.0004253146063652814,0.00045495574386215725
5.0350144,0.0005419458264192748,0.000787451595366648
5.04055347,0.0005448480154119176,0.0007728156000486186
5.04609254,0.0005331207803808989,0.0007728156000486186
5.05163161,0.0007112923796069081,0.0006233586373654012
5.05717068,0.0006839318627026921,0.0008259831136657642
5.06270975,0.0005838897558590777,0.0011830742397789412
5.06824882,0.0004902446405842038,0.0011830742397789412
5.07378789,0.0004364685936568773,0.0010733884667760152
5.07932696,0.0005275232456107811,0.00318745743304118
5.08486603,0.0004949951767940816,0.008986249940558525
5.0904051,0.000394918551676267,0.010509549720696091
5.09594417,0.0003719963545477032,0.010509549720696091
5.10148324,0.0004685610626801114,0.007110142408050079
5.10702231,0.00046351575674372173,0.0044341199867004195
5.11256137,0.0005624813219424424,0.002311683165924493
5.11810044,0.0007048897848979226,0.002311683165924493
5.12363951,0.0007776159203654445,0.0013947199611524703
5.12917858,0.0006173768949401807,0.0008966994667917318
5.13471765,0.0005108585343553385,0.0006812281373259864
5.14025672,0.0007261223114683562,0.0006812281373259864
5.14579579,0.0007830512055430407,0.0003609331845229526
5.15133486,0.0004845248464767574,0.0005106164755996862
5.15687393,0.0006375865542318138,0.0006739712832432893
5.162413,0.0007595892800649086,0.0009825228819426647
5.16795207,0.0007415131286248375,0.0009825228819426647
5.17349114,0.0006626991617007685,0.00089460129041429
5.17903021,0.0006789585641139727,0.0009340955238474931
5.18456928,0.0006251595160798014,0.0005727039087180726
5.19010835,0.0003345813800977728,0.0005727039087180726
5.19564742,0.00048127571395148184,0.0006340662250880665
5.20118649,0.0006498886560956804,0.0033304367065896275
5.20672556,0.00043152910866184346,0.009785764160319168
5.21226463,0.0003955399058042413,0.009785764160319168
5.2178037,0.0005995504548087134,0.015770367782597678
5.22334277,0.0005690627869637706,0.012805609921988278
5.22888184,0.00039195538527973155,0.007819898295410377
5.23442091,0.0004462134493897869,0.004083958940891026
5.23995998,0.0004938918445108202,0.004083958940891026
5.24549905,0.0005400302011886043,0.0021007799068720537
5.25103812,0.0005012761245318174,0.0012938357080837554
5.25657719,0.0004164068974807353,0.0006890202286368219
5.26211626,0.00035799334327874834,0.0006890202286368219
5.26765533,0.0004340348261314662,0.0007940068143708443
5.2731944,0.0005729618635354568,0.0005327703556451878
5.27873347,0.0004317484425487828,0.0007186975241551341
5.28427254,0.0004814223517183484,0.0007186975241551341
5.28981161,0.0004651870807566718,0.0007700195461119882
5.29535068,0.000640787026629998,0.00042755011109908
5.30088975,0.0004215763475079266,0.0005615419136834146
5.30642882,0.00045476175615762304,0.0006990768138524293
5.31196789,0.0004958182521445757,0.0006990768138524293
5.31750696,0.0006365130146594757,0.000742906186800707
5.32304603,0.0006137619201385247,0.000834711140194147
5.3285851,0.0006388699418509924,0.0008074095732931668
5.33412416,0.00047760558196799363,0.0008074095732931668
5.33966323,0.0005842841677183614,0.000750209778249252
5.3452023,0.0006029798603785696,0.0006734180120649757
5.35074137,0.0004128374532416686,0.00040027838683456384
5.35628044,0.00045103749064947396,0.0003933298422157222
5.36181951,0.0005850012451343245,0.0003933298422157222
5.36735858,0.00047804192525223986,0.0003171277265019642
5.37289765,0.0007730297118075845,0.0002789198679416108
5.37843672,0.0008248542871667208,0.000620796463296393
5.38397579,0.0004851127975173446,0.000620796463296393
5.38951486,0.0005750632882632884,0.0005890494050166675
5.39505393,0.00043597767021648554,0.0006106423167686752
5.400593,0.0007538903694344299,0.0008970802965406645
5.40613207,0.0007676783175153084,0.0008970802965406645
5.41167114,0.00048402029632892395,0.0006499582168491806
5.41721021,0.0002983757501350585,0.0007486864173501358
5.42274928,0.0005114793433281449,0.0009274735784649156
5.42828835,0.0006358762192874055,0.0005457525938883101
5.43382742,0.0006800870559975186,0.0005457525938883101
5.43936649,0.0010174075695123543,0.0006687052365237215
5.44490556,0.0016908537110334287,0.0008613768365869691
5.45044463,0.00340318618918866,0.0006946478560224205
5.4559837,0.00855843514365265,0.0006946478560224205
5.46152277,0.010347081133116061,0.0005314339482004874
5.46706184,0.003898666496283857,0.0005942176703604632
5.47260091,0.0010549274875932063,0.0003702986079985201
5.47813998,0.0008008392070747823,0.0003702986079985201
5.48367905,0.0007201055326308807,0.00037014438342243024
5.48921812,0.0006036952692196223,0.00043091466670118353
5.49475719,0.0005524737841082091,0.0004271272585261804
5.50029626,0.00042153529936079154,0.0004610054882839503
5.50583533,0.00040395975636603953,0.0004610054882839503
5.5113744,0.0005705653111905387,0.00046260414262414316
5.51691347,0.00047066254737802236,0.0007239485815959902
5.52245254,0.0004875267789639455,0.0008315091626839374
5.52799161,0.0006479230234940458,0.0008315091626839374
5.53353068,0.0007306303967324249,0.0009831180376949646
5.53906975,0.00048573098591120855,0.0012322059578314308
5.54460882,0.00029498611933284586,0.0010692780554384445
5.55014788,0.0004866989430898395,0.0007190322401174201
5.55568695,0.0005767957216587277,0.0007190322401174201
5.56122602,0.0006588553453113767,0.0007638690821654444
5.56676509,0.0005672602907221015,0.0009019618004796955
5.57230416,0.0006000993507769026,0.0009121982337737151
5.57784323,0.00039248396986576664,0.0009121982337737151
5.5833823,0.00031571212374674137,0.0007508020792672066
5.58892137,0.0004564425151520957,0.0008025184921400928
5.59446044,0.0006850831457287038,0.0009427549388661963
5.59999951,0.0005966631577786623,0.0009427549388661963
5.60553858,0.0005078167721501452,0.0005024091464441945
5.61107765,0.0007872099766449019,0.0003238087298336148
5.61661672,0.0008187314889733037,0.000483670010520767
5.62215579,0.000784381111123527,0.0007667042680984889
5.62769486,0.0014086609602952929,0.0007667042680984889
5.63323393,0.0018478220821033357,0.0007130790824089291
5.638773,0.0010748052810394188,0.000413120128186457
5.64431207,0.0002950566306037393,0.0005391471487805568
5.64985114,0.0005006402120871323,0.0005391471487805568
5.65539021,0.0006003572864315415,0.0007410668908543103
5.66092928,0.00048402007459264043,0.000757313893502848
5.66646835,0.0005178367891952014,0.0005114223687067126
5.67200742,0.0006368425332809273,0.0005114223687067126
5.67754649,0.0005488008702534121,0.0004603966152984269
5.68308556,0.0006037952234238537,0.0007262415932700121
5.68862463,0.0006877614790657481,0.0007242532911355318
5.6941637,0.0007229564106757883,0.0007419215314753242
5.69970277,0.0006784506309182302,0.0007419215314753242
5.70524184,0.0005277999099014465,0.0008184812869206716
5.71078091,0.0004129338843394751,0.0007639486639058357
5.71631998,0.00048474961644161447,0.0004482897140956925
5.72185905,0.000516296447041753,0.0004482897140956925
5.72739812,0.0004602128530019088,0.0003335816038919699
5.73293719,0.0005377757234748784,0.0005008517219615307
5.73847626,0.0005478535287347527,0.0004228936038513357
5.74401533,0.0004625502367639215,0.0004228936038513357
5.7495544,0.0003423225227420077,0.00030397488015344425
5.75509347,0.0004672297419538277,0.0005485051499648911
5.76063254,0.0004977248523669544,0.0008137828426384188
5.7661716,0.00046633291564658456,0.0010426818586341782
5.77171067,0.0007052692136647732,0.0010426818586341782
5.77724974,0.0007582811162047941,0.0014754367384555301
5.78278881,0.0006630320342636634,0.001244849285682861
5.78832788,0.0005049688544553997,0.001095145662898245
5.79386695,0.0006791721624230399,0.001095145662898245
5.79940602,0.0005214947298736054,0.0010127678614952383
5.80494509,0.0005111191817730552,0.0010656404708278059
5.81048416,0.000513667678308927,0.0004435043740633436
5.81602323,0.0005608177965620014,0.0007753425588584669
5.8215623,0.0005371789921730245,0.0007753425588584669
5.82710137,0.0006859733318131306,0.0007448235599209183
5.83264044,0.0006462155169458818,0.0004010676622415246
5.83817951,0.0008110439946143474,0.0005136454877193988
5.84371858,0.0007416520657251319,0.0005136454877193988
5.84925765,0.0005543112888486279,0.0006089250914534105
5.85479672,0.0005391194083039835,0.0007410158625907069
5.86033579,0.0005272242189464418,0.0006127619611487012
5.86587486,0.0004270666659933565,0.0006127619611487012
5.87141393,0.0004039087690642359,0.0005512413380258968
5.876953,0.0004698442857098033,0.000682140817039263
5.88249207,0.0004342045276504654,0.0008519536376369146
5.88803114,0.0004132891011517535,0.0008171925653361405
5.89357021,0.0006530232909814778,0.0008171925653361405
5.89910928,0.0009404950055814796,0.004039309958531132
5.90464835,0.00263565212421052,0.010950029437298146
5.91018742,0.004276182829990087,0.015540529194572312
5.91572649,0.009261116219029027,0.015540529194572312
5.92126556,0.020927530454488148,0.013098166865409377
5.92680463,0.04517040232584165,0.009297081440141512
5.9323437,0.05203423670717548,0.005559783097198052
5.93788277,0.017796817389766444,0.005559783097198052
5.94342184,0.027095860462857356,0.0032518693432137106
5.94896091,0.02815100376716885,0.0015871800497939252
5.95449998,0.005812443989975773,0.0008533103952752472
5.96003905,0.0009855034128362565,0.0006230133288994752
5.96557812,0.000989932511138676,0.0006230133288994752
5.97111719,0.0006502171992630717,0.0007451669508324823
5.97665626,0.0005605555352828169,0.0006730708163124076
5.98219532,0.0005182426491698727,0.0004897163093049728
5.98773439,0.0005142653844922875,0.0004897163093049728
5.99327346,0.0004923526253180841,0.0004952319028488883
5.99881253,0.00045281508570513816,0.0005935639100857637
