Frequency_Hz,amplitude
0.0,0.00018538783967030967
0.0045231472058269,0.00020937916184559562
0.0090462944116538,3.2998106165910954e-05
0.0135694416174807,0.00037966815203838405
0.0180925888233076,0.0004126497906740067
0.0226157360291345,0.001176607657540984
0.0271388832349614,0.0002523445152106632
0.0316620304407883,0.001524803622401189
0.0361851776466152,0.002382973517164252
0.0407083248524421,0.00397558921960482
0.045231472058269,0.0023946941372375314
0.0497546192640959,0.0036845004921368264
0.0542777664699228,0.005475240134043121
0.0588009136757497,0.006668462770030366
0.0633240608815766,0.0020429062293127343
0.0678472080874035,0.0062007674199776285
0.0723703552932304,0.007556304241230654
0.0768935024990573,0.010576242453882608
0.0814166497048842,0.011126016981699656
0.0859397969107111,0.004705400630551358
0.090462944116538,0.007052194595062673
0.0949860913223649,0.005772777894188753
0.0995092385281918,0.004583218250583979
0.1040323857340187,0.012949874014716513
0.1085555329398456,0.011556661965749929
0.1130786801456725,0.003505031843012927
0.1176018273514994,0.0042179056956406355
0.1221249745573263,0.007821463355169589
0.1266481217631532,0.011529956639218707
0.1311712689689801,0.0003106606364184338
0.135694416174807,0.001231260424555381
0.1402175633806339,0.005251817813120894
0.1447407105864608,0.005759387518917211
0.1492638577922878,0.013950585027622968
0.1537870049981146,0.009223527599517826
0.1583101522039415,0.013646965928707382
0.1628332994097684,0.014617475914478272
0.1673564466155954,0.00955165557071469
0.1718795938214223,0.005054660713332695
0.1764027410272491,0.006494837718068926
0.1809258882330761,0.011291613740397182
0.185449035438903,0.012972414721607959
0.1899721826447299,0.011219255646954808
0.1944953298505568,0.005788615614278745
0.1990184770563837,0.006424957905036255
0.2035416242622106,0.00838952401680981
0.2080647714680375,0.00274801548064197
0.2125879186738644,0.001588240326148964
0.2171110658796913,0.0057548209760755805
0.2216342130855182,0.006791670010376102
0.2261573602913451,0.007975903896713262
0.230680507497172,0.0036814561856569933
0.2352036547029989,0.005002104307744328
0.2397268019088258,0.009411502262150732
0.2442499491146527,0.009179237934352241
0.2487730963204796,0.008920466949858256
0.2532962435263065,0.008519292990981687
0.2578193907321334,0.01331243703282322
0.2623425379379603,0.010600459878702104
0.2668656851437872,0.004490432179953579
0.2713888323496141,0.00689008744333331
0.275911979555441,0.005326222542976772
0.2804351267612679,0.002523795700304727
0.2849582739670948,0.0015938558696447108
0.2894814211729217,0.00123665558453917
0.2940045683787486,0.006327177511274625
0.2985277155845756,0.004084434780959226
0.3030508627904024,0.005686770994975349
0.3075740099962293,0.0015704665747516464
0.3120971572020563,0.005129144178260139
0.3166203044078831,0.0053035027585936695
0.32114345161371,0.00349023508260254
0.3256665988195369,0.005411736784342068
0.3301897460253639,0.0049444950608715735
0.3347128932311908,0.003337840288303057
0.3392360404370176,0.0068971095479318295
0.3437591876428446,0.0017967310953703806
0.3482823348486715,0.005431790953440302
0.3528054820544983,0.0028110867108995918
0.3573286292603252,0.003151188192979924
0.3618517764661522,0.0013460456792976578
0.3663749236719791,0.0011455671096217165
0.370898070877806,0.007061349996115441
0.3754212180836329,0.008898085433874046
0.3799443652894598,0.00895047393669257
0.3844675124952867,0.00409851622553368
0.3889906597011136,0.0006832585101782485
0.3935138069069405,0.005720665406004304
0.3980369541127674,0.010996437120738362
0.4025601013185943,0.0056076003769569465
0.4070832485244212,0.010367375199394527
0.4116063957302481,0.01380691139242052
0.416129542936075,0.007757746703119228
0.4206526901419019,0.0022484188293763843
0.4251758373477288,0.00450452144808174
0.4296989845535557,0.0008519911342102392
0.4342221317593826,0.005361928959082878
0.4387452789652095,0.00865189471518204
0.4432684261710364,0.009810505408291821
0.4477915733768633,0.003449316365205168
0.4523147205826902,0.005203729998279744
0.4568378677885171,0.009379831124399255
0.461361014994344,0.004058294073328278
0.4658841622001709,0.005052505758730246
0.4704073094059978,0.00915900724732011
0.4749304566118247,0.009498478450412013
0.4794536038176517,0.001315327429907099
0.4839767510234785,0.0054076472625902575
0.4884998982293054,0.003188267855456244
0.4930230454351323,0.005190061186895868
0.4975461926409592,0.002079112360619524
0.5020693398467861,0.0026824392379803906
0.5065924870526131,0.004593168638683257
0.51111563425844,0.003971586961584131
0.5156387814642669,0.0069471410515068955
0.5201619286700938,0.005933609183564819
0.5246850758759207,0.009334078086046308
0.5292082230817475,0.010057900855305545
0.5337313702875744,0.0071305792255269
0.5382545174934014,0.005108692895629674
0.5427776646992283,0.00857888936949812
0.5473008119050552,0.006581450230875175
0.5518239591108821,0.00405022819744673
0.556347106316709,0.0023497124577624815
0.5608702535225358,0.0012230992915686827
0.5653934007283627,0.005499986708484919
0.5699165479341897,0.004285382695279793
0.5744396951400166,0.0013153385860402856
0.5789628423458435,0.004380233106761079
0.5834859895516704,0.00336108024335245
0.5880091367574973,0.004250072464730476
0.5925322839633242,0.0033417707971338177
0.5970554311691512,0.008703699671898208
0.601578578374978,0.006855862314374027
0.6061017255808049,0.010115879174620439
0.6106248727866318,0.00935464846473281
0.6151480199924587,0.0050560654945471075
0.6196711671982856,0.00322864613237883
0.6241943144041125,0.00451033795515881
0.6287174616099395,0.004965052520103819
0.6332406088157663,0.004608365767563823
0.6377637560215932,0.001059784429820318
0.6422869032274201,0.0027961928179681306
0.646810050433247,0.005193603664099152
0.6513331976390739,0.00567605485808942
0.6558563448449009,0.004845999879298453
0.6603794920507278,0.005213313500246902
0.6649026392565547,0.005853538994395293
0.6694257864623816,0.0015904372267707045
0.6739489336682084,0.005363314940705745
0.6784720808740353,0.004358496025733379
0.6829952280798622,0.007230942664790617
0.6875183752856892,0.007765024891183143
0.6920415224915161,0.005098560091309248
0.696564669697343,0.003925770824529557
0.7010878169031699,0.0027719017737802398
0.7056109641089967,0.004795424976674809
0.7101341113148236,0.004983161949714805
0.7146572585206505,0.00522635648577926
0.7191804057264775,0.0004984773400188812
0.7237035529323044,0.0015166867069524306
0.7282267001381313,0.0024830411427541415
0.7327498473439582,0.002051697946885953
0.7372729945497851,0.005050848440365295
0.741796141755612,0.004452272259839548
0.7463192889614388,0.004547784938451054
0.7508424361672658,0.007034123171711467
0.7553655833730927,0.00966683910294068
0.7598887305789196,0.010739323561055046
0.7644118777847465,0.00607243743407137
0.7689350249905734,0.0031414742456217447
0.7734581721964003,0.004098472115758827
0.7779813194022271,0.005354148609112861
0.7825044666080541,0.01256780617235869
0.787027613813881,0.006642192402552899
0.7915507610197079,0.0022966620450449236
0.7960739082255348,0.0063653126730677705
0.8005970554313617,0.005996763721284394
0.8051202026371886,0.004234717410358575
0.8096433498430156,0.004739942324900792
0.8141664970488425,0.005246324333342082
0.8186896442546693,0.0053153756901044135
0.8232127914604962,0.009668921263817574
0.8277359386663231,0.0033184490924792333
0.83225908587215,0.004477345540854975
0.836782233077977,0.005822930386350601
0.8413053802838039,0.0053879088187007
0.8458285274896308,0.0059635615635878205
0.8503516746954576,0.0020442987277414087
0.8548748219012845,0.00619135063542753
0.8593979691071114,0.007270615187610881
0.8639211163129383,0.008260459211867818
0.8684442635187652,0.005712300075255132
0.8729674107245922,0.0014682270929125278
0.8774905579304191,0.004044280768456928
0.882013705136246,0.004140383259960512
0.8865368523420729,0.0030753570759571532
0.8910599995478997,0.003612589160980915
0.8955831467537266,0.008157905130795593
0.9001062939595535,0.005903667030614107
0.9046294411653804,0.005344988914871469
0.9091525883712074,0.0034445199986068565
0.9136757355770344,0.004999794786079735
0.9181988827828612,0.002600967018103217
0.922722029988688,0.004519513143520342
0.9272451771945148,0.004109229494092009
0.931768324400342,0.0018330494975006262
0.9362914716061688,0.002702366485887123
0.9408146188119956,0.005580565335808798
0.9453377660178226,0.0048860524074210085
0.9498609132236496,0.006189663627992122
0.9543840604294764,0.007988928481205368
0.9589072076353032,0.00571029898488876
0.9634303548411302,0.002865200592747222
0.9679535020469572,0.003646603467697569
0.972476649252784,0.000999982504082391
0.9769997964586108,0.006481333402122945
0.9815229436644378,0.008425160401283573
0.9860460908702648,0.006718636404593125
0.9905692380760917,0.001431025471702162
0.9950923852819183,0.0024456063566721574
0.9996155324877454,0.003450929659099953
1.0041386796935723,0.0016799521090814383
1.0086618268993992,0.0009283022729682708
1.013184974105226,0.0013557964617684614
1.017708121311053,0.0026474866582640645
1.02223126851688,0.0035187088898470274
1.0267544157227069,0.0019447825066792874
1.0312775629285338,0.003149503362110121
1.0358007101343607,0.005948080068445631
1.0403238573401876,0.011212982737478772
1.0448470045460143,0.013650462594066921
1.0493701517518417,0.010674600322862023
1.053893298957668,0.015590827598402635
1.058416446163495,0.026176971648984214
1.062939593369322,0.05388884274637619
1.067462740575149,0.10051060095528735
1.0719858877809758,0.07101908685763772
1.0765090349868027,0.017958329756103127
1.0810321821926296,0.0046190331409237
1.0855553293984566,0.017136062955036373
1.0900784766042837,0.011096995838842156
1.0946016238101104,0.0031764080504901935
1.0991247710159373,0.000992084605577238
1.1036479182217642,0.005634662507764169
1.1081710654275911,0.007880182008112717
1.112694212633418,0.005552240773472778
1.117217359839245,0.0013214574492170787
1.1217405070450717,0.005609258749051662
1.1262636542508986,0.0024886969052594693
1.1307868014567255,0.004004067162312246
1.1353099486625524,0.00420629624427792
1.139833095868379,0.001156385267624763
1.1443562430742062,0.0036386007600193943
1.1488793902800332,0.00593045296092476
1.15340253748586,0.0030599356793505252
1.157925684691687,0.0029865936135657733
1.162448831897514,0.00545886984724623
1.1669719791033408,0.003369180208188547
1.1714951263091675,0.0022273631357949586
1.1760182735149949,0.004674136191055641
1.1805414207208216,0.0018249386457416827
1.1850645679266485,0.0008038718391184065
1.1895877151324754,0.002525642542591149
1.1941108623383023,0.004255643591668105
1.198634009544129,0.004265519224474993
1.203157156749956,0.005366809531896773
1.2076803039557829,0.005435436276182233
1.2122034511616098,0.005473743388041398
1.216726598367437,0.001624754456806915
1.2212497455732636,0.003949153058810472
1.2257728927790903,0.007988505813141634
1.2302960399849174,0.006304967036657582
1.2348191871907443,0.00216567721839682
1.2393423343965713,0.004363662518252929
1.2438654816023982,0.007818876271308391
1.248388628808225,0.0037698380750959604
1.252911776014052,0.004124495697279133
1.257434923219879,0.003347688391520004
1.2619580704257058,0.004116035155356168
1.2664812176315323,0.008595257271185291
1.2710043648373597,0.009926472289472531
1.2755275120431864,0.00401838632468549
1.2800506592490133,0.002640974855426154
1.2845738064548402,0.0031950378660287973
1.2890969536606671,0.005675509018595667
1.293620100866494,0.0021487517553151854
1.298143248072321,0.004143422899576292
1.302666395278148,0.004139154691741963
1.3071895424839748,0.0019240740447175211
1.3117126896898017,0.00590902794694441
1.3162358368956286,0.00569339151376262
1.3207589841014555,0.001961617342405236
1.3252821313072825,0.007526423183951912
1.3298052785131094,0.014990722991961627
1.3343284257189365,0.013187818075505958
1.3388515729247632,0.022603829945671977
1.34337472013059,0.054216934275093165
1.3478978673364168,0.09252847826374344
1.3524210145422435,0.1354011893530417
1.3569441617480706,0.23849637814363936
1.3614673089538976,0.5307310211432821
1.3659904561597245,0.9245315146755738
1.3705136033655514,0.5865274688760648
1.3750367505713783,0.17271552811113988
1.3795598977772052,0.13323062152561163
1.384083044983032,0.15397734773934185
1.388606192188859,0.1755746447179447
1.393129339394686,0.1805686867859523
1.3976524866005129,0.17510709952128845
1.4021756338063398,0.13762773848462365
1.4066987810121667,0.06726081630175415
1.4112219282179934,0.03443474412120781
1.4157450754238203,0.004705838797384447
1.4202682226296472,0.013400949491174867
1.4247913698354742,0.005528567924214549
1.429314517041301,0.00728622857979025
1.433837664247128,0.006015230027826575
1.438360811452955,0.0028871050989096956
1.4428839586587818,0.0034448557566627036
1.4474071058646087,0.0008540249467784677
1.4519302530704357,0.004742592911173691
1.4564534002762626,0.005033405029136745
1.4609765474820895,0.003762429925212947
1.4654996946879164,0.0027182229812599983
1.470022841893743,0.001971480453072753
1.4745459890995702,0.0023639053242595805
1.4790691363053972,0.0003556829864991592
1.483592283511224,0.00523365025880827
1.4881154307170508,0.004517289524443517
1.4926385779228777,0.004535989440217836
1.4971617251287046,0.000922193322317631
1.5016848723345315,0.0030319846941255653
1.5062080195403584,0.0043494497740188195
1.5107311667461851,0.0041803403165573275
1.5152543139520125,0.0051150466988554785
1.5197774611578392,0.0035135369660622396
1.524300608363666,0.0016583110441355316
1.528823755569493,0.002536593886501019
1.53334690277532,0.00531011876909932
1.5378700499811468,0.004081232552686755
1.5423931971869738,0.003131921877471481
1.546916344392801,0.007341094480938258
1.5514394915986276,0.007804042571177118
1.5559626388044543,0.004982430781394517
1.5604857860102812,0.007386175881944037
1.565008933216108,0.005243991193908773
1.569532080421935,0.003979932835663621
1.574055227627762,0.0028590178326459935
1.5785783748335889,0.001731091033783142
1.5831015220394158,0.0013603400381578474
1.5876246692452427,0.001559883779387233
1.5921478164510696,0.0025084624866633662
1.5966709636568963,0.0028352388712222626
1.6011941108627237,0.0008812829913441942
1.6057172580685504,0.0022811050552775983
1.6102404052743773,0.0055367821313527694
1.6147635524802042,0.004572547713217104
1.6192866996860311,0.0019467409127209864
1.623809846891858,0.0012812484326366115
1.628332994097685,0.0034087871818321643
1.6328561413035116,0.002540196036623038
1.6373792885093386,0.0019460415552264264
1.6419024357151657,0.0023890884786489275
1.6464255829209924,0.001940729241934133
1.6509487301268193,0.005617735094576809
1.6554718773326462,0.00399038313791972
1.6599950245384731,0.0007245797439041909
1.6645181717443,0.002922780597571766
1.669041318950127,0.0016996762300231676
1.673564466155954,0.00207867978368625
1.6780876133617808,0.005555021841418783
1.6826107605676075,0.006511873848382589
1.6871339077734346,0.003074848522085183
1.6916570549792616,0.0019183143952607267
1.6961802021850885,0.003307718011111151
1.7007033493909152,0.0026132496622263248
1.705226496596742,0.0036761153856182207
1.709749643802569,0.0026063553435171126
1.714272791008396,0.0008090176323785429
1.7187959382142228,0.001955663246027009
1.7233190854200495,0.005200430706705258
1.7278422326258769,0.002700438293256719
1.7323653798317036,0.0021920211144814353
1.7368885270375305,0.0027307862872176696
1.7414116742433574,0.004662849177705416
1.7459348214491843,0.002757025140329167
1.7504579686550112,0.0022956187941538305
1.7549811158608382,0.0030288196920697586
1.759504263066665,0.0010748533558052203
1.764027410272492,0.001641924172908871
1.768550557478319,0.0014583374677781405
1.7730737046841458,0.00079339386575078
1.7775968518899723,0.0026389271235300604
1.7821199990957994,0.0043288275564980095
1.7866431463016264,0.003874788106305178
1.7911662935074533,0.0019150991658982758
1.7956894407132802,0.002187113520825455
1.800212587919107,0.0016283673215591028
1.804735735124934,0.0007609705616448436
1.809258882330761,0.0019026954780052535
1.813782029536588,0.0011798187237258841
1.8183051767424148,0.0015030265808884627
1.8228283239482417,0.0013105286410053426
1.8273514711540688,0.00041056925226301143
1.8318746183598955,0.0045317168754584565
1.8363977655657224,0.004625834679582991
1.8409209127715491,0.0017081657083477674
1.845444059977376,0.000990711198745969
1.849967207183203,0.002197884689433266
1.8544903543890296,0.004162568707560926
1.8590135015948568,0.0024545509569677635
1.863536648800684,0.0024281402986482538
1.8680597960065104,0.0016911555239235191
1.872582943212337,0.003892617947728339
1.8771060904181645,0.0040366023461064935
1.8816292376239916,0.0032577440653810815
1.8861523848298185,0.0014561073896026818
1.8906755320356448,0.0023590692822956444
1.895198679241472,0.002471493597278378
1.899721826447299,0.0012244946022553465
1.904244973653126,0.0010586499855022853
1.9087681208589529,0.0008487546075443886
1.91329126806478,0.004167889600679758
1.9178144152706067,0.003597716876005433
1.9223375624764332,0.0011396261184326224
1.9268607096822603,0.0030990156888822907
1.9313838568880872,0.002076803970318908
1.935907004093914,0.00216583012312522
1.940430151299741,0.004428743189841213
1.944953298505568,0.0015743071844505675
1.949476445711395,0.0023326126320841562
1.9539995929172216,0.0007703803790844433
1.9585227401230487,0.0003357340987168406
1.963045887328876,0.0019100203336489497
1.9675690345347023,0.002028851049882053
1.9720921817405292,0.0015623822025259608
1.9766153289463564,0.004119577767340957
1.9811384761521835,0.005313669256269082
1.9856616233580104,0.0035678007704076356
1.990184770563837,0.0034649507582844444
1.994707917769664,0.00207014016382809
1.9992310649754907,0.0024247505415916494
2.0037542121813177,0.003771554537787547
2.0082773593871446,0.003831972409180817
2.0128005065929715,0.004015900979745837
2.0173236537987984,0.003531132376759677
2.0218468010046253,0.0010747705502215895
2.026369948210452,0.0008781201590649673
2.030893095416279,0.0015404590191642291
2.035416242622106,0.0038979230559122945
2.039939389827933,0.0046086242773835705
2.04446253703376,0.0033376834536972427
2.048985684239587,0.0009035397761488218
2.0535088314454137,0.0004490684960274717
2.0580319786512407,0.0010150566080285091
2.062555125857068,0.0013715951987872618
2.0670782730628945,0.0010942900613026049
2.0716014202687214,0.0026054575551237445
2.0761245674745483,0.004078499121017316
2.0806477146803752,0.002011970897133607
2.085170861886202,0.0017922771577229212
2.089694009092029,0.0018482589680190267
2.094217156297856,0.002828251161551923
2.098740303503683,0.002225742821366695
2.1032634507095094,0.0024923687491658123
2.1077865979153363,0.0018018278388698726
2.112309745121163,0.0015383194097483021
2.11683289232699,0.0012621476777770666
2.121356039532817,0.0018962031910148042
2.125879186738644,0.0019666824652435303
2.130402333944471,0.0024016287744703024
2.134925481150298,0.0031662991975668054
2.1394486283561247,0.0022779361542092404
2.143971775561952,0.0018074446404939034
2.1484949227677785,0.002035601050690673
2.153018069973605,0.004786105020362777
2.1575412171794324,0.01237329509272194
2.1620643643852597,0.030928529993471638
2.166587511591086,0.022557089118630393
2.171110658796913,0.00438875314141412
2.17563380600274,0.002793544039857172
2.180156953208567,0.0025301944353460447
2.184680100414394,0.0006987714155405979
2.189203247620221,0.002782480318340553
2.193726394826048,0.004615317706288709
2.1982495420318746,0.002924280769757539
2.202772689237701,0.0025265612018564253
2.2072958364435284,0.0019427005281747746
2.211818983649356,0.0016384449316729666
2.2163421308551823,0.0012615376650736256
2.220865278061009,0.0004226528969435742
2.225388425266836,0.0012596257597806242
2.229911572472663,0.0011811483814788979
2.23443471967849,0.0007972087393055884
2.238957866884317,0.0001946812074511933
2.2434810140901438,0.0011343496052371514
2.2480041612959702,0.0011348079063516362
2.252527308501797,0.0017034956796423586
2.257050455707624,0.0005570580116900012
2.261573602913451,0.002691653854313389
2.266096750119278,0.002283426556532667
2.270619897325105,0.0009267931086838995
2.275143044530932,0.002510628831297443
2.2796661917367587,0.00221419964565347
2.2841893389425856,0.0025476420489388475
2.2887124861484125,0.0016561558792750142
2.2932356333542394,0.0025082628380744764
2.2977587805600663,0.0015333931347213938
2.302281927765893,0.0017330187848098953
2.30680507497172,0.0015872193112700668
2.311328222177547,0.00037181352431817576
2.315851369383374,0.00249429127398682
2.320374516589201,0.0034091559086227036
2.324897663795028,0.0014610316476056273
2.3294208110008547,0.0038320738720540493
2.3339439582066817,0.0010029676801278872
2.338467105412509,0.0026228226900307616
2.3429902526183355,0.0019171690346823098
2.3475133998241624,0.003587165929900534
2.3520365470299893,0.002759812628176126
2.356559694235816,0.001317330711186964
2.361082841441643,0.0012044595143161964
2.36560598864747,0.0012795857998932052
2.370129135853297,0.001267600757309689
2.374652283059124,0.0016551622100616497
2.379175430264951,0.001977693569163961
2.3836985774707777,0.0017813265318035016
2.3882217246766047,0.002303192885755363
2.392744871882431,0.0031308945994242567
2.397268019088258,0.004570518091947227
2.401791166294085,0.001938413381615501
2.406314313499912,0.0008815019249902713
2.410837460705739,0.0020141501850461977
2.4153606079115657,0.0007904349961279968
2.4198837551173926,0.0007452423674804237
2.4244069023232195,0.0005641617007056799
2.4289300495290465,0.002440494249327531
2.4334531967348734,0.002914645634790892
2.4379763439407003,0.0026990050355621574
2.442499491146527,0.003757991471459549
2.447022638352354,0.0024546945674717496
2.451545785558181,0.000523000220719233
2.456068932764008,0.0019308853237502575
2.460592079969835,0.002800372569740156
2.465115227175662,0.0032601687981163975
2.4696383743814887,0.00254131928673683
2.474161521587316,0.0011508846142263963
2.4786846687931425,0.001714206167093448
2.483207815998969,0.0024112639209451754
2.4877309632047964,0.0025818847864488765
2.4922541104106237,0.002051236516100234
2.49677725761645,0.0010551228648071212
2.501300404822277,0.002939091414933603
2.505823552028104,0.0024556906215556047
2.510346699233931,0.0004156704447905834
2.514869846439758,0.003428971826071093
2.5193929936455848,0.004245326413880024
2.523916140851412,0.002032024966035852
2.5284392880572386,0.0021450438871698867
2.532962435263065,0.003660336720165808
2.537485582468892,0.005045614442861634
2.542008729674719,0.003672535283107679
2.546531876880546,0.0013621671614365233
2.5510550240863727,0.001034887856792163
2.5555781712922,0.0024615310455320225
2.5601013184980266,0.0034574978350745793
2.564624465703853,0.003623315276838721
2.5691476129096804,0.0010992344407901673
2.5736707601155078,0.002236019402308617
2.5781939073213342,0.0008159968056095321
2.582717054527161,0.0022841521877727806
2.587240201732988,0.001924207437363025
2.591763348938815,0.0006268505200936427
2.596286496144642,0.003121403756075772
2.600809643350469,0.005008948129613618
2.605332790556296,0.005296497173475415
2.6098559377621227,0.004784303738340094
2.6143790849679496,0.0013174106365601414
2.6189022321737765,0.001736171070605578
2.6234253793796034,0.0011078737969866515
2.6279485265854303,0.001885711199282425
2.632471673791257,0.0009826185662321608
2.636994820997084,0.0014696637015954317
2.641517968202911,0.002192330302254212
2.646041115408738,0.0011834714643408828
2.650564262614565,0.0006029224999971954
2.655087409820392,0.0019316552234405133
2.6596105570262187,0.001593178763808393
2.6641337042320457,0.0007587220394714605
2.668656851437873,0.0010582477335450097
2.6731799986436995,0.0006981003698971201
2.6777031458495264,0.0015022401592487877
2.682226293055353,0.003385341097516923
2.68674944026118,0.002404909408074546
2.6912725874670067,0.0011792529673797768
2.6957957346728336,0.00041264284664340985
2.7003188818786605,0.00033005437283517905
2.7048420290844875,0.0021098084580021283
2.7093651762903144,0.0022012347580813766
2.7138883234961413,0.0016772422297257658
2.718411470701968,0.001924369815963371
2.722934617907795,0.0012555568094174219
2.727457765113622,0.001658198870207324
2.731980912319449,0.0010004282117809715
2.736504059525276,0.0010009973458177629
2.741027206731103,0.0011791555973653977
2.7455503539369297,0.0020091759452809587
2.7500735011427566,0.002401631470946635
2.7545966483485835,0.0013528958452359223
2.7591197955544104,0.003240749036152187
2.7636429427602374,0.0028661510861291294
2.7681660899660643,0.0019985232696384863
2.772689237171891,0.001029440248467138
2.777212384377718,0.002827173133168637
2.781735531583545,0.0018668979668769409
2.786258678789372,0.0006420585910129458
2.790781825995199,0.0019332763252324374
2.7953049732010258,0.0031883715421424357
2.7998281204068527,0.001624292262385276
2.80435126761268,0.0021152978361739317
2.8088744148185065,0.0035891620400331993
2.813397562024333,0.0024006660065490214
2.8179207092301604,0.0020997495442909237
2.822443856435987,0.0033503283842559496
2.8269670036418137,0.002763181174454871
2.8314901508476407,0.0012738693269366155
2.836013298053468,0.0031472524452628246
2.8405364452592945,0.0018526478168783512
2.8450595924651214,0.0019186304041255203
2.8495827396709483,0.0021780328837981383
2.8541058868767752,0.00409788089773836
2.858629034082602,0.0027736824329024344
2.863152181288429,0.0008874437523227369
2.867675328494256,0.0018230448953837867
2.872198475700083,0.0021970535859269246
2.87672162290591,0.0004948976604332504
2.8812447701117367,0.0035106255823227784
2.885767917317564,0.00322793016986649
2.8902910645233906,0.0015033139511964457
2.894814211729217,0.0006163905267007712
2.8993373589350444,0.0023020052283340064
2.9038605061408718,0.002155526884280997
2.9083836533466982,0.0019054041989753285
2.912906800552525,0.0023468911549481483
2.917429947758352,0.0029597932993940634
2.921953094964179,0.0019214724784633714
2.926476242170006,0.003357739092076086
2.930999389375833,0.00248572987369795
2.93552253658166,0.001078090669863549
2.9400456837874867,0.0027811275861279474
2.9445688309933136,0.003064923662012674
2.9490919781991405,0.0018053172855004825
2.9536151254049674,0.002555215997153435
2.9581382726107943,0.006310030643903794
2.962661419816621,0.004692481679782796
2.967184567022448,0.0024689416277227103
2.9717077142282746,0.0029760497658289165
2.976230861434101,0.0009285329142966216
2.9807540086399285,0.0025631948226604922
2.985277155845756,0.004028466365676676
2.9898003030515823,0.002964706547523364
2.994323450257409,0.004192794200266382
2.998846597463236,0.0014260118636267277
3.003369744669063,0.0027581588900094053
3.00789289187489,0.003153447661094751
3.012416039080717,0.0034669476397527783
3.016939186286544,0.0018675486037221562
3.0214623334923707,0.00207746741074524
3.0259854806981976,0.004736034899409973
3.0305086279040245,0.005244409148956619
3.0350317751098514,0.0022335614790416664
3.0395549223156784,0.003839873063229386
3.0440780695215053,0.0028945925877197805
3.048601216727332,0.0015059291777374786
3.053124363933159,0.0030946392075567116
3.057647511138986,0.0037890346841170726
3.062170658344813,0.003946592501632915
3.06669380555064,0.004358436232255695
3.071216952756467,0.004934200029854447
3.0757400999622937,0.0020042956384507646
3.0802632471681206,0.004718337553626487
3.0847863943739475,0.003577706033947023
3.0893095415797744,0.0030873849860935574
3.0938326887856014,0.003188928065878126
3.0983558359914283,0.004591667438499875
3.102878983197255,0.010370885667236315
3.107402130403082,0.01024169902432049
3.1119252776089086,0.007567586904826344
3.1164484248147355,0.007537609870418768
3.1209715720205624,0.008229634629674831
3.1254947192263893,0.005217721272959995
3.130017866432216,0.014983220856772197
3.134541013638043,0.016691459132118506
3.13906416084387,0.009435176537131305
3.143587308049697,0.015022079778251986
3.148110455255524,0.017162824062238104
3.152633602461351,0.014602173861412866
3.1571567496671777,0.007264510644627333
3.1616798968730047,0.004951616582884317
3.166203044078832,0.01435862928754941
3.1707261912846585,0.014635938393955014
3.1752493384904854,0.0075624095897090715
3.1797724856963123,0.006508747730355598
3.1842956329021392,0.010607547662415614
3.188818780107966,0.0123879119162622
3.193341927313793,0.016028392971101053
3.19786507451962,0.03204337795199195
3.202388221725447,0.06299961646403732
3.206911368931274,0.08349476006154369
3.2114345161371007,0.08310284972148643
3.215957663342928,0.07980398470852923
3.2204808105487546,0.09771333639520488
3.225003957754581,0.26164344906629494
3.2295271049604084,0.7844095432421202
3.2340502521662358,1.0
3.2385733993720622,0.36833484810255357
3.243096546577889,0.047319336168425014
3.247619693783716,0.07445517681206783
3.252142840989543,0.07811718336348984
3.25666598819537,0.06109405999942643
3.2611891354011964,0.0308318475385834
3.2657122826070237,0.006286382246498809
3.27023542981285,0.009293758939356795
3.274758577018677,0.015199156146663728
3.279281724224504,0.014184695377114953
3.283804871430331,0.011261915942620538
3.288328018636158,0.006134636490272488
3.292851165841985,0.00903096782033345
3.297374313047812,0.009033888194269557
3.3018974602536386,0.008190769656615419
3.306420607459465,0.006569392209188931
3.3109437546652924,0.00700283707947974
3.31546690187112,0.007364803606764244
3.3199900490769463,0.005932686302756132
3.324513196282773,0.004983242266149024
3.3290363434886,0.0044180260885161625
3.333559490694427,0.005867410576001968
3.338082637900254,0.0078544873460366
3.342605785106081,0.00519656056377471
3.347128932311908,0.0036949746426262337
3.3516520795177347,0.00400596294805997
3.3561752267235616,0.003957895103300666
3.3606983739293885,0.0023269247850751422
3.3652215211352154,0.0019950182183837905
3.3697446683410424,0.0036393121334990413
3.3742678155468693,0.0036015390595329952
3.378790962752696,0.002304252821023379
3.383314109958523,0.004390586225349245
3.38783725716435,0.004109126810352829
3.392360404370177,0.0033607039298743867
3.396883551576004,0.002905496247803374
3.4014066987818303,0.0024436771843563718
3.405929845987657,0.002714502598910192
3.410452993193484,0.005311960266739358
3.414976140399311,0.005980210744873367
3.419499287605138,0.004596649392511484
3.424022434810965,0.002588718498769387
3.428545582016792,0.0013098867753359132
3.4330687292226187,0.002393402109624873
3.4375918764284457,0.005609578446375903
3.442115023634273,0.005337722311353777
3.4466381708400995,0.0021831638618457177
3.4511613180459264,0.001171179366495631
3.4556844652517533,0.0028422256489197715
3.46020761245758,0.0024674657348061255
3.464730759663407,0.003104030617973463
3.469253906869234,0.002497829115736157
3.473777054075061,0.002943787359790646
3.478300201280888,0.0024275346808068934
3.482823348486715,0.0009524853398063027
3.4873464956925417,0.002361342811327621
3.4918696428983687,0.00346852215090294
3.496392790104196,0.0035320655376725393
3.5009159373100225,0.0014751000229327141
3.5054390845158494,0.001773834140720063
3.5099622317216763,0.004378328667220653
3.5144853789275032,0.00472706504621695
3.51900852613333,0.006296347554522282
3.523531673339157,0.014403366131259936
3.528054820544984,0.01868091190353091
3.532577967750811,0.012725706419471261
3.537101114956638,0.005933930947558629
3.5416242621624647,0.004575294285767232
3.546147409368292,0.004864007011067031
3.550670556574118,0.004645798506700181
3.555193703779945,0.0047101937559329435
3.559716850985772,0.005105677419533903
3.564239998191599,0.0029341804984096237
3.568763145397426,0.0018512177200853642
3.5732862926032527,0.0003956808048751361
3.57780943980908,0.0012360210321176214
3.5823325870149065,0.004583926603296741
3.586855734220733,0.005844328581139206
3.5913788814265604,0.0026775020536737824
3.5959020286323877,0.0040534762889202205
3.600425175838214,0.0028389106461094386
3.604948323044041,0.005566366242210013
3.609471470249868,0.004474775014731271
3.613994617455695,0.003069445341302299
3.618517764661522,0.0025730441721864518
3.623040911867349,0.0047822602817978255
3.627564059073176,0.0012494034974178687
3.6320872062790026,0.0017456348087148109
3.6366103534848295,0.003670434107784556
3.641133500690656,0.005349630254139884
3.6456566478964834,0.0026032520841156957
3.6501797951023103,0.002110541221814311
3.654702942308137,0.006252310964018564
3.659226089513964,0.009080193340898955
3.663749236719791,0.008089417980195367
3.668272383925618,0.00670107046184664
3.672795531131445,0.014718448560279068
3.677318678337272,0.020005928225175724
3.6818418255430982,0.023730860430554317
3.6863649727489256,0.02760052077376222
3.690888119954752,0.03640097930399937
3.695411267160579,0.05158755695718604
3.699934414366406,0.0631350891025686
3.704457561572233,0.06551940986700566
3.70898070877806,0.058588577917147326
3.713503855983887,0.06977556092914543
3.7180270031897136,0.07809527790135097
3.722550150395541,0.08494889146423011
3.727073297601368,0.09597753799088497
3.7315964448071934,0.11059790699190179
3.736119592013021,0.11335694608713559
3.740642739218848,0.09536800655439484
3.745165886424675,0.06432958120516362
3.749689033630502,0.0456234231451456
3.754212180836329,0.02196620047922833
3.758735328042156,0.003251589870463317
3.763258475247983,0.003100440161110812
3.7677816224538097,0.005322185354092385
3.772304769659637,0.0037000704205778193
3.776827916865464,0.003990125106876304
3.7813510640712895,0.0027324453923043774
3.785874211277117,0.0014126009728083935
3.790397358482944,0.0010950376884703264
3.794920505688771,0.002220764625269164
3.799443652894598,0.003500001847085736
3.803966800100425,0.003067842839588188
3.808489947306252,0.0029733106655093445
3.813013094512079,0.0015881966044001732
3.8175362417179057,0.0019925248578600858
3.8220593889237326,0.0019505526733914124
3.82658253612956,0.001307283193457048
3.8311056833353865,0.0018904212277821508
3.835628830541213,0.0018847449286050096
3.84015197774704,0.002154341444953021
3.844675124952867,0.0025369102487359176
3.8491982721586937,0.0017662611087782853
3.8537214193645206,0.00021011891231692735
3.858244566570348,0.002063664309359648
3.8627677137761744,0.0017289122206110687
3.867290860982002,0.001493396406903636
3.871814008187828,0.002701690295113739
3.876337155393655,0.0026112042484819193
3.880860302599482,0.003195759571267215
3.885383449805309,0.002819817096279097
3.889906597011136,0.000909433824466854
3.894429744216963,0.0003720359165947345
3.89895289142279,0.001591852354063417
3.9034760386286167,0.0013295299758113528
3.907999185834444,0.001521148249503703
3.9125223330402714,0.0004356253764523724
3.9170454802460974,0.0022421026042530223
3.921568627451925,0.0032416640263462147
3.9260917746577513,0.002799338438383461
3.930614921863578,0.00032513404383556905
3.935138069069405,0.002704075376580309
3.939661216275232,0.002307283602306593
3.944184363481059,0.002059514787162763
3.948707510686886,0.001845977664770649
3.9532306578927128,0.001565575864525701
3.95775380509854,0.0030480261063136446
3.962276952304367,0.002851730746406415
3.9668000995101935,0.0017332987824831775
3.971323246716021,0.0011309243209182021
3.975846393921848,0.0015291463448633118
3.980369541127674,0.002241154610260784
3.9848926883335007,0.003519310033497811
3.989415835539328,0.0031370344644624532
3.9939389827451546,0.0018030660256848088
3.9984621299509815,0.0006069327420472846
4.002985277156808,0.0007020983618217056
4.007508424362635,0.0009012449011398556
4.012031571568462,0.0015039766565508976
4.016554718774289,0.001410361974772367
4.021077865980116,0.001005134072592529
4.025601013185943,0.0005795882734465889
4.03012416039177,0.00027073884316996627
4.034647307597597,0.00041220672261213043
4.039170454803424,0.0023411048095797493
4.043693602009251,0.0032411361591503395
4.048216749215078,0.001892137701836047
4.0527398964209045,0.00274774347620412
4.057263043626731,0.0026980798389424007
4.061786190832558,0.0021344951155598535
4.066309338038385,0.0019004079797825305
4.070832485244212,0.0007621421610347446
4.075355632450039,0.0011321701792359102
4.079878779655866,0.0014260299724937072
4.084401926861693,0.0016234278676097256
4.08892507406752,0.0021303031636866745
4.093448221273347,0.0008014196285328249
4.097971368479174,0.002200659932011148
4.102494515685001,0.0037296402310220238
4.107017662890828,0.0029589211503396715
4.111540810096654,0.0016283250293960255
4.116063957302481,0.0014786789035234123
4.120587104508308,0.0010084510566872394
4.125110251714135,0.0009623019792040029
4.129633398919962,0.002022222883049872
4.134156546125789,0.002633448637087214
4.138679693331616,0.0026086590949102617
4.143202840537443,0.001172267074819423
4.14772598774327,0.0022004373001781328
4.152249134949097,0.0026530500775380516
4.156772282154924,0.0026283389066988
4.161295429360751,0.0015715635547989128
4.165818576566577,0.000716513612356048
4.170341723772404,0.0010877225021760372
4.174864870978231,0.0005741127596171241
4.179388018184058,0.0017309307809038968
4.183911165389885,0.0016885649973773093
4.188434312595712,0.0014543083702022895
4.192957459801539,0.000894428743116894
4.197480607007366,0.0006778087056277131
4.202003754213192,0.0018237815237547425
4.206526901419019,0.0019416209910081013
4.211050048624846,0.0019313136291743208
4.215573195830673,0.0013694819537701847
4.2200963430365,0.0011872841917347841
4.224619490242326,0.00098065034046199
4.229142637448153,0.0013536549625823182
4.23366578465398,0.0010579274171249485
4.238188931859807,0.0008888391342337892
4.242712079065634,0.0015334019923024186
4.247235226271461,0.001835729691345484
4.251758373477288,0.0013531345312676726
4.256281520683115,0.0005443087650815793
4.260804667888942,0.0014965348328927553
4.265327815094769,0.001263346177167419
4.269850962300596,0.0006073809240739572
4.274374109506423,0.0005155578042669123
4.278897256712249,0.0004539205039235445
4.283420403918076,0.0012146194196822498
4.287943551123903,0.00186934998730028
4.29246669832973,0.0020466352576877962
4.296989845535557,0.0015938050388443798
4.301512992741384,0.0014514892519080925
4.306036139947211,0.0014487179199722047
4.310559287153038,0.0001585388503908273
4.315082434358865,0.0005830838794592474
4.319605581564692,0.0013843911172573733
4.324128728770519,0.001085331895473724
4.3286518759763455,0.0014366949335950798
4.333175023182172,0.001823867487023829
4.337698170387999,0.0010024125800996077
4.342221317593826,0.0012959157332013641
4.346744464799653,0.0026839111393767465
4.35126761200548,0.0023692482677636845
4.355790759211307,0.0003415234209326853
4.360313906417134,0.001563016743190447
4.364837053622961,0.001686523986865768
4.369360200828788,0.0013915345475080504
4.373883348034615,0.0009691528838163288
4.378406495240442,0.003266596470611415
4.3829296424462685,0.002354841107209074
4.387452789652095,0.00041298545816388855
4.391975936857922,0.0007262796775440008
4.396499084063749,0.0009405086603672524
4.401022231269576,0.001381117361858133
4.405545378475403,0.001653285393130694
4.41006852568123,0.0008877574766328739
4.414591672887057,0.0011644119268500095
4.419114820092884,0.0023136702441018653
4.423637967298711,0.002241373121824518
4.428161114504538,0.0016490217361244369
4.432684261710365,0.0003878911714587005
4.437207408916192,0.0014873207115475061
4.441730556122018,0.0018387181938419493
4.446253703327845,0.0008406656556352142
4.450776850533672,0.0013136845856635783
4.455299997739499,0.002360952489786815
4.459823144945326,0.0013368493160291319
4.464346292151153,0.0006112034853996747
4.46886943935698,0.00041830894781400983
4.473392586562807,0.0017121024060216172
4.477915733768634,0.00038679491035219254
4.482438880974461,0.001955426542724625
4.486962028180287,0.0018606720703761336
4.491485175386114,0.004250926405890606
4.4960083225919405,0.010747759739216515
4.500531469797767,0.016008318475330633
4.505054617003594,0.014381598465515861
4.509577764209421,0.005296047693318178
4.514100911415248,0.0037628783340494256
4.518624058621075,0.00291358271571826
4.523147205826902,0.0028087422095298383
4.527670353032729,0.0014450866380374165
4.532193500238556,0.0010644098357837789
4.536716647444383,0.0009767565457782586
4.54123979465021,0.0025008230246334317
4.545762941856037,0.002229194834264345
4.550286089061864,0.0008095582712038432
4.55480923626769,0.0012789476204921823
4.559332383473517,0.0023673954702659395
4.563855530679344,0.0021583208514376864
4.568378677885171,0.0007852774864955242
4.572901825090998,0.0018285080906874694
4.577424972296825,0.002299915620024201
4.581948119502652,0.0019041753235316474
4.586471266708479,0.001520351716739896
4.590994413914306,0.0015479099582994564
4.595517561120133,0.001557927792946085
4.60004070832596,0.0033624029363433588
4.6045638555317865,0.002616326805346687
4.609087002737613,0.0024123374794902345
4.61361014994344,0.0011694521687464193
4.618133297149267,0.0005030098324481579
4.622656444355094,0.0008067940330631708
4.627179591560921,0.0012149567449902623
4.631702738766748,0.001785278405408005
4.636225885972575,0.0006557454769371861
4.640749033178402,0.0021354523788741117
4.645272180384229,0.0020087675212619558
4.649795327590056,0.0011971216700581901
4.654318474795883,0.000552896868214709
4.6588416220017095,0.0002039900295143454
4.663364769207536,0.0003377047770098566
4.667887916413363,0.00122103217401734
4.67241106361919,0.002101880596947537
4.676934210825017,0.0010367384396473027
4.681457358030844,0.0007807771724818896
4.685980505236671,0.00041439305340892923
4.690503652442498,0.0010741180708809576
4.695026799648325,0.001204250917255127
4.699549946854152,0.0007814282006758654
4.704073094059979,7.12139153922142e-05
4.708596241265806,0.0007445754524430013
4.7131193884716325,0.0013197384619415946
4.717642535677459,0.001341124420320431
4.722165682883286,0.002037051180225623
4.726688830089113,0.002087866031781106
4.73121197729494,0.0013643716881712629
4.735735124500767,0.0013045621810459352
4.740258271706594,0.0017507593877554605
4.744781418912421,0.0006577228681301157
4.749304566118248,0.00042521959036794795
4.753827713324075,0.00011766576319826654
4.758350860529902,0.0006397989245151268
4.7628740077357286,0.0011021146511459173
4.767397154941556,0.00048320693535352735
4.771920302147382,0.0017617832173565768
4.776443449353209,0.0025104175375267566
4.780966596559035,0.0011098489794834332
4.785489743764862,0.0002747831823462369
4.790012890970689,0.0014687048757793125
4.794536038176516,0.0018494800780315132
4.799059185382343,0.001068885194860548
4.80358233258817,0.0008256294816306589
4.808105479793997,0.0015808861723165465
4.812628626999824,0.0005487270817308448
4.817151774205651,0.0006550454061901305
4.821674921411478,0.002183401295282592
4.8261980686173045,0.0014588322283400445
4.830721215823131,0.0011803358756356506
4.835244363028958,0.0023635873064621234
4.839767510234785,0.002583657741882866
4.844290657440612,0.0008868452963461554
4.848813804646439,0.00015335903261528004
4.853336951852266,0.0009927969272260388
4.857860099058093,0.0016016698047217634
4.86238324626392,0.0013260275445116793
4.866906393469747,0.0022834309362308224
4.871429540675574,0.0022244141405348746
4.875952687881401,0.002521573668639019
4.880475835087228,0.0019395096001419562
4.884998982293054,0.0008180168186143071
4.889522129498881,0.0006532960751469257
4.894045276704708,0.0011287369300255503
4.898568423910535,0.001478382412618902
4.903091571116362,0.001400300497380675
4.907614718322189,0.0004049654094429227
4.912137865528016,0.0007841788984116228
4.916661012733843,0.0011558197950299152
4.92118415993967,0.0015519897861576248
4.925707307145497,0.0020167887009861257
4.930230454351324,0.0027735880265236574
4.934753601557151,0.002916372497881216
4.939276748762977,0.0010637109249752611
4.943799895968804,0.0015773220869711138
4.948323043174631,0.0017047342957051202
4.952846190380458,0.0006642391881112424
4.957369337586285,0.0020239473879811952
4.961892484792112,0.0010066160471805608
4.966415631997939,0.0015783263313583107
4.970938779203766,0.0012040121030566198
4.975461926409593,0.0004397224776677023
4.97998507361542,0.0013310853805491947
4.984508220821247,0.001423248161719811
4.9890313680270735,0.00042375172619828053
4.9935545152329,0.0009710828624928793
4.998077662438727,0.002476248098260831
5.002600809644554,0.0025607164485268326
5.007123956850381,0.0014476660301458632
5.011647104056208,0.0006022588657757925
5.016170251262035,0.0008127549630022229
5.020693398467862,0.0011786590735688755
5.025216545673689,0.0012858659221256388
5.029739692879516,0.00044088183300118144
5.034262840085343,0.00038907616062669557
5.0387859872911696,0.0010640231865426913
5.0433091344969965,0.0013757043871118649
5.047832281702823,0.00015131871061646978
5.05235542890865,0.0015660006601425033
5.056878576114477,0.002090089566466254
5.061401723320304,0.0018153974436561056
5.06592487052613,0.0013477372976317997
5.070448017731957,0.002175774369270146
5.074971164937784,0.0020380361635518782
5.079494312143611,0.0013641861592244566
5.084017459349438,0.00047616176875415973
5.088540606555265,0.0008714014378044622
5.093063753761092,0.0008135456411372164
5.097586900966919,0.0005213237007551764
5.1021100481727455,0.000422438502874545
5.106633195378572,0.001849575257491473
5.111156342584399,0.0014568336616097959
5.115679489790226,0.0012703615385386748
5.120202636996053,0.0016323710035676016
5.12472578420188,0.0018186029719557736
5.129248931407707,0.0017544546365903166
5.133772078613534,0.0009182020621418166
5.138295225819361,0.0011014607162802064
5.142818373025188,0.0014315654501289162
5.147341520231015,0.0015755240354784566
5.151864667436842,0.002357311780819874
5.1563878146426685,0.0013732057932452923
5.160910961848495,0.0007095098968925145
5.165434109054322,0.0012346411118540157
5.169957256260149,0.001361142795992397
5.174480403465976,0.0008219775747365365
5.179003550671803,0.0019015746995724656
5.18352669787763,0.00230400500097852
5.188049845083457,0.0016719835483042177
5.192572992289284,0.0019515833146560991
5.197096139495111,0.0017092871554570284
5.201619286700938,0.002085030885902691
5.206142433906765,0.0014608034743089846
5.210665581112592,0.0013612403150190704
5.215188728318418,0.0017283647016792707
5.219711875524245,0.0013878269434495318
5.224235022730072,0.0005127320232504302
5.228758169935899,0.0014016757098914657
5.233281317141726,0.0016519907954935923
5.237804464347553,0.0005611976680655875
5.24232761155338,0.0006376969550315418
5.246850758759207,0.0015112266524997804
5.251373905965034,0.0023430301838680222
5.255897053170861,0.0013051251673173124
5.260420200376688,0.0012758131541493617
5.2649433475825145,0.0022126625744699857
5.269466494788341,0.0018139341963817946
5.273989641994168,0.001346325654289319
5.278512789199995,0.0015862567482230227
5.283035936405822,0.002433196846797749
5.287559083611649,0.0023872146196783654
5.292082230817476,0.0028818107669470344
5.296605378023303,0.003106947264741883
5.30112852522913,0.0011424064926561306
5.305651672434957,0.0019836671390979816
5.310174819640784,0.0018577263627018836
5.3146979668466106,0.002252842843037644
5.3192211140524375,0.0020373108770284005
5.323744261258264,0.0018834772899005041
5.328267408464091,0.0013366444158627892
5.332790555669918,0.002147808304470024
5.337313702875745,0.002296676289752
5.341836850081572,0.0015244764632636717
5.346359997287399,0.0015047480689610966
5.350883144493226,0.0008417224152882889
5.355406291699053,0.002156270633267067
5.359929438904879,0.0026715793094549568
5.364452586110706,0.004162361216343464
5.368975733316533,0.007788846585043423
5.37349888052236,0.007980529091368876
5.3780220277281865,0.009013875556155281
5.382545174934013,0.01065584297930364
5.38706832213984,0.01536448512466243
5.391591469345667,0.04263014882433878
5.396114616551494,0.07063768429641312
5.400637763757321,0.03590239831537175
5.405160910963148,0.003411925272408568
5.409684058168975,0.007408418662597777
5.414207205374802,0.008988036923410563
5.418730352580629,0.008805287519323898
5.423253499786456,0.00560448492405769
5.427776646992283,0.002184505590954492
5.4322997941981095,0.0024115007927216965
5.436822941403936,0.0027373830576913416
5.441346088609763,0.0015325401963678469
5.44586923581559,0.0010307609537469206
5.450392383021417,0.0018646196054690235
5.454915530227244,0.0027162506077254957
5.459438677433071,0.002994307227908552
5.463961824638898,0.002678230379401367
5.468484971844725,0.0025655151260802456
5.473008119050552,0.0015749601780271766
5.477531266256379,0.00036948950438395894
5.482054413462206,0.00174938461803258
5.4865775606680325,0.00288059264160506
5.491100707873859,0.0027817204688804107
5.495623855079686,0.0022321763250628536
5.500147002285513,0.00040798572594047064
5.50467014949134,0.0018442918869150376
5.509193296697167,0.0020314255917994284
5.513716443902994,0.0027149259264832486
5.518239591108821,0.0021714917908330737
5.522762738314648,0.0022739239485567962
5.527285885520475,0.001744182620548988
5.531809032726302,0.0014416663967746744
5.536332179932129,0.0014950336406058119
5.540855327137956,0.0023629649225756417
5.545378474343782,0.003567833664750307
5.549901621549609,0.006805411942715465
5.554424768755436,0.009099166757669508
5.558947915961263,0.010381389223405365
5.56347106316709,0.01179752236271971
5.567994210372917,0.008403299213587047
5.572517357578744,0.011432686867319644
5.577040504784571,0.012187303077385131
5.581563651990398,0.007910301020216984
5.586086799196225,0.008654297007379935
5.590609946402052,0.0046881207436793885
5.595133093607879,0.0027357135020392893
5.599656240813705,0.003387172200317248
5.604179388019532,0.004502859922505714
5.608702535225359,0.0032075407342329163
5.613225682431186,0.0022072345266860014
5.617748829637013,0.0021186817810082024
5.62227197684284,0.0031356787677359996
5.626795124048667,0.003961206271059924
5.631318271254494,0.0026984829727681086
5.635841418460321,0.003049656737790056
5.640364565666148,0.0034213466138804855
5.644887712871974,0.0039494168595251965
5.649410860077801,0.002684358944674712
5.653934007283628,0.0013906392709836797
5.658457154489454,0.0024607685030824597
5.662980301695281,0.0034939275839706426
5.667503448901108,0.004369189310187657
5.672026596106935,0.004363554988068031
5.676549743312762,0.0042298746590704196
5.681072890518589,0.005533718578987356
5.685596037724416,0.004237648043799414
5.690119184930243,0.0029294024068022054
5.69464233213607,0.0028439266442502804
5.699165479341897,0.0047145010875856395
5.703688626547724,0.005425205374276777
5.708211773753551,0.005176455668135396
5.712734920959377,0.004448849110361736
5.717258068165204,0.002079576174222833
5.721781215371031,0.0014339421996552879
5.726304362576858,0.0060127491062709594
5.730827509782685,0.0061803874459370215
5.735350656988512,0.00498246918604778
5.739873804194339,0.002869323539316543
5.744396951400166,0.004947120957129635
5.748920098605993,0.009483725237129014
5.75344324581182,0.012435285944618688
5.757966393017647,0.013030606655643722
5.7624895402234735,0.008668567113135354
5.7670126874293,0.006613375397137914
5.771535834635127,0.01592174582193426
5.776058981840954,0.013929808601009931
5.780582129046781,0.010755069417453465
5.785105276252608,0.0116336840319264
5.789628423458435,0.0113352407157272
5.794151570664262,0.008810500500737197
5.798674717870089,0.010558268147484189
5.803197865075916,0.014817253231324923
5.807721012281743,0.012071891668596705
5.81224415948757,0.005183080183200977
5.8167673066933965,0.010853045369556998
5.821290453899223,0.02299064678087715
5.82581360110505,0.022498137203300593
5.830336748310877,0.014560624433185667
5.834859895516704,0.012738815228620746
5.839383042722531,0.03533935066597872
5.843906189928358,0.05477357721949045
5.848429337134185,0.07187491594536512
5.852952484340012,0.09526579156907328
5.857475631545839,0.12604106242554622
5.861998778751666,0.16683155796006216
5.8665219259574926,0.19398395607450805
5.87104507316332,0.14800567506706874
5.875568220369146,0.1484990489921378
5.880091367574973,0.2117432255553806
5.8846145147808,0.2697060015933648
5.889137661986627,0.34756723955653607
5.893660809192454,0.4389643638545804
5.898183956398281,0.5152635289445068
5.902707103604108,0.5175005972607015
5.907230250809935,0.4051035168930853
5.911753398015762,0.2780216878839728
5.916276545221589,0.16923577264985606
5.920799692427416,0.02946879152488816
5.9253228396332425,0.03706100364549581
5.929845986839069,0.011354263812781479
5.934369134044896,0.0133713150733815
5.938892281250722,0.013714760582537292
5.943415428456549,0.012798756681715744
5.947938575662376,0.011209498337492829
5.952461722868203,0.01002131571128017
5.95698487007403,0.00953153420405783
5.961508017279857,0.010507569379105151
5.966031164485684,0.011116975248864222
5.970554311691511,0.00937212125209854
5.975077458897338,0.007479360700808136
5.979600606103165,0.006978537937191085
5.984123753308992,0.006051564074752434
5.988646900514818,0.006049092541423756
5.993170047720645,0.00646425446175636
5.997693194926472,0.005290672953675184
