window_start_s,window_center_s,window_end_s,bob1_lambda_s_inv,bob1_tau_s,bob2_lambda_s_inv,bob2_tau_s,bob3_lambda_s_inv,bob3_tau_s,bob4_lambda_s_inv,bob4_tau_s,bob5_lambda_s_inv,bob5_tau_s
0.0,15.0,30.0,-0.27586651070416385,0.11683000000000376,-0.2449966484030685,0.1335200000000043,0.009907489616228915,0.1335200000000043,-0.24932143159576792,0.1335200000000043,-0.28176320300273483,0.11683000000000376
5.0,20.0,35.0,-0.2785224473581266,0.11683000000000376,-0.23702236218614053,0.1335200000000043,0.03746922050164637,0.1335200000000043,-0.2326908635552271,0.1335200000000043,-0.27851165795560523,0.11683000000000376
10.0,25.0,40.0,-0.27920276723698173,0.11683000000000376,-0.2346998967419525,0.1335200000000043,0.009864162094406645,0.1335200000000043,-0.2197666048483214,0.1335200000000043,-0.28325831358248627,0.11683000000000376
15.0,30.0,45.0,-0.2906677740219691,0.11683000000000376,-0.2262404206210325,0.1335200000000043,0.023780917446681708,0.1335200000000043,-0.21526783406064345,0.1335200000000043,-0.2920573934273067,0.11683000000000376
20.0,35.0,50.0,-0.2805736949868665,0.11683000000000376,-0.22066672061183554,0.1335200000000043,0.011107838891245642,0.1335200000000043,-0.20973697887473733,0.1335200000000043,-0.29255694163023893,0.11683000000000376
25.0,40.0,55.0,-0.2617474011197103,0.11683000000000376,-0.22084332842472787,0.1335200000000043,0.012768272937074231,0.1335200000000043,-0.20856006785981168,0.1335200000000043,-0.30841933319573966,0.11683000000000376
30.0,45.0,60.0,-0.26716035828171086,0.1168299999999789,-0.21354799944467864,0.13351999999997588,0.01681487841275616,0.13351999999997588,-0.20585985297477927,0.13351999999997588,-0.2973792858422976,0.1168299999999789
35.0,50.0,65.0,-0.2514426202758064,0.1168299999999789,-0.21187121915113347,0.13351999999997588,0.003907086577369858,0.13351999999997588,-0.19874635961956988,0.13351999999997588,-0.2983721983651007,0.1168299999999789
40.0,55.0,70.0,-0.24002072074233285,0.1168299999999789,-0.20413377728264176,0.13351999999997588,0.02061930105035972,0.1168299999999789,-0.20730147939142907,0.13351999999997588,-0.2754227920784862,0.1168299999999789
45.0,60.0,75.0,-0.25895647351665274,0.1168299999999789,-0.19085806227929966,0.13351999999997588,0.005273472940025704,0.1168299999999789,-0.20157014754666797,0.13351999999997588,-0.2566426777455171,0.1168299999999789
50.0,65.0,80.0,-0.2228834338840895,0.1168299999999789,-0.18162993881052114,0.13351999999997588,-0.0036529804280801695,0.1168299999999789,-0.1848962114299507,0.13351999999997588,-0.25320829000661577,0.1168299999999789
55.0,70.0,85.0,-0.20108696706955842,0.1168299999999789,-0.1812070268104942,0.13351999999997588,-0.004853933057277494,0.1168299999999789,-0.17958901588105425,0.13351999999997588,-0.23448230285763144,0.1168299999999789
60.0,75.0,90.0,-0.24323549291544724,0.1168299999999789,-0.1807805256984383,0.13351999999997588,-0.00921773925007398,0.1168299999999789,-0.16685638599588723,0.13351999999997588,-0.21958655665665724,0.1168299999999789
65.0,80.0,95.0,-0.21147525317377533,0.1168299999999789,-0.24250782552855327,0.1168299999999789,-0.0169153813763796,0.1168299999999789,-0.24633186139458194,0.1168299999999789,-0.23648158358338153,0.1168299999999789
70.0,85.0,100.0,-0.21950780933352818,0.1168299999999789,-0.24252892826720424,0.1168299999999789,-0.029745654401391854,0.1168299999999789,-0.233194522710384,0.1168299999999789,-0.2346237235777581,0.1168299999999789
75.0,90.0,105.0,-0.23569567826652219,0.1168299999999789,-0.2515042306426717,0.1168299999999789,-0.018608318657364228,0.1168299999999789,-0.24094330883129622,0.1168299999999789,-0.25219616352980473,0.1168299999999789
80.0,95.0,110.0,-0.22634690997221305,0.1168299999999789,-0.25826735144353463,0.1168299999999789,-0.024862431227157294,0.1168299999999789,-0.2504493200390746,0.1168299999999789,-0.2453742587308988,0.1168299999999789
85.0,100.0,115.0,-0.24467229453009195,0.1168299999999789,-0.25302519400739687,0.1168299999999789,-0.00701248207838933,0.1168299999999789,-0.24071666591953847,0.1168299999999789,-0.25510066962599975,0.1168299999999789
90.0,105.0,120.0,-0.2535800617366977,0.1168299999999789,-0.24104052613462587,0.1168299999999789,-0.018574861488646534,0.1168299999999789,-0.23603037021702652,0.1168299999999789,-0.26025154099473363,0.1168299999999789
95.0,110.0,125.0,-0.26335131933234773,0.1168299999999789,-0.23416369017973215,0.1168299999999789,-0.0010024646902061993,0.1168299999999789,-0.22308689492021336,0.1168299999999789,-0.26022979067524776,0.1168299999999789
100.0,115.0,130.0,-0.27186395401141256,0.1168299999999789,-0.23558223148353258,0.1168299999999789,-0.006289694215592079,0.1168299999999789,-0.22042900719206,0.1168299999999789,-0.29836530505498254,0.10013999999998191
105.0,120.0,135.0,-0.2575689577386715,0.1168299999999789,-0.21439781903320218,0.1168299999999789,0.003905116273890899,0.1168299999999789,-0.20994473762967686,0.1168299999999789,-0.26542334776427773,0.10013999999998191
110.0,125.0,140.0,-0.24909316713668492,0.1168299999999789,-0.20217310530632496,0.1168299999999789,0.0024540025473380645,0.1168299999999789,-0.21436561168388213,0.1168299999999789,-0.2755642539721816,0.10013999999998191
115.0,130.0,145.0,-0.24196490070673488,0.1168299999999789,-0.19619927666226483,0.1168299999999789,-0.015346116215643073,0.1168299999999789,-0.2118849290894067,0.1168299999999789,-0.25396513660985903,0.10013999999998191
120.0,135.0,150.0,-0.26028919207018364,0.11683000000007837,-0.2071390401441612,0.11683000000007837,-0.011512408104429016,0.11683000000007837,-0.21608853359764268,0.11683000000007837,-0.259990958247963,0.10014000000006718
125.0,140.0,155.0,-0.2655511120906721,0.11683000000007837,-0.20934554116583656,0.11683000000007837,-0.02022065518515627,0.11683000000007837,-0.21722229751465386,0.11683000000007837,-0.24961111965908614,0.10014000000006718
130.0,145.0,160.0,-0.26999949865507933,0.11683000000007837,-0.21277557873309205,0.11683000000007837,-0.024455725059453797,0.11683000000007837,-0.24593362973402147,0.11683000000007837,-0.2360023625703631,0.10014000000006718
135.0,150.0,165.0,-0.2585754812671019,0.11683000000007837,-0.21892898474035857,0.11683000000007837,-0.029915449118725214,0.11683000000007837,-0.2396822294258806,0.11683000000007837,-0.26409298286949495,0.10014000000006718
140.0,155.0,170.0,-0.23929985418516236,0.11683000000007837,-0.21232594774386898,0.11683000000007837,-0.03396076104625648,0.11683000000007837,-0.27705385476396466,0.11683000000007837,-0.2723955826608478,0.10014000000006718
145.0,160.0,175.0,-0.24293274011105676,0.11683000000007837,-0.2155666855501879,0.11683000000007837,-0.03029881807061742,0.11683000000007837,-0.17467770538056435,0.13352000000008957,-0.2756359821537165,0.10014000000006718
150.0,165.0,180.0,-0.24343587131690203,0.11683000000007837,-0.22362408393400604,0.11683000000007837,-0.023021777812710795,0.11683000000007837,-0.1874210771703363,0.13352000000008957,-0.27200705140842985,0.10014000000006718
